7	2026-06-20 14:04	/home/jacobw/YTchannel/assets/media/uci07_feedback/S01/B003_B003-s1.mp4
7	2026-06-20 14:04	/home/jacobw/YTchannel/assets/media/uci07_sibling/S01/B003_B003-s1.mp4
7	2026-06-20 21:03	/home/jacobw/YTchannel/assets/media/e2e_proj/S01/B001a.mp4
7	2026-06-20 21:03	/home/jacobw/YTchannel/assets/media/e2e_proj/S01/B001b.mp4
10	2026-06-20 14:04	/home/jacobw/YTchannel/assets/media/uci07_feedback/S01/B003_B003-s0.mp4
10	2026-06-20 14:04	/home/jacobw/YTchannel/assets/media/uci07_sibling/S01/B003_B003-s0.mp4
16	2026-06-20 20:52	/home/jacobw/YTchannel/assets/media/prod_3aa14d71bd5243d6b54b6625f9e819d5/pjob_test.mp4
16	2026-06-20 20:54	/home/jacobw/YTchannel/assets/media/prod_30831b3423b24e51823c1fbad40c76f4/pjob_test.mp4
16	2026-06-20 20:54	/home/jacobw/YTchannel/assets/media/prod_3e3ccff01c9b4217a26cbd073906b087/pjob_test.mp4
16	2026-06-20 20:54	/home/jacobw/YTchannel/assets/media/prod_85e68a2bf8cf4b49a0bb08e42edcca5a/pjob_test.mp4
16	2026-06-20 20:57	/home/jacobw/YTchannel/assets/media/prod_3ae5581fab33464795aeb03a49f08b6c/pjob_test.mp4
16	2026-06-20 21:01	/home/jacobw/YTchannel/assets/media/prod_03606584070f40ca83adfd0219cac3aa/pjob_test.mp4
16	2026-06-20 21:04	/home/jacobw/YTchannel/assets/media/prod_ef5a6820fbba471bb73cd92141b407ed/pjob_test.mp4
16	2026-06-20 21:16	/home/jacobw/YTchannel/assets/media/prod_8d88ae01b5c844ae91d66390ad9a0172/pjob_test.mp4
16	2026-06-20 21:27	/home/jacobw/YTchannel/assets/media/prod_180faebee58548828f7c6de3476cc618/pjob_test.mp4
16	2026-06-20 21:36	/home/jacobw/YTchannel/assets/media/prod_41ed7c15ce4244b1a965cecd34ce0f22/pjob_test.mp4
16	2026-06-20 21:38	/home/jacobw/YTchannel/assets/media/prod_65ab1846cecf46f2b9aa533a0a7dc92f/pjob_test.mp4
16	2026-06-20 21:39	/home/jacobw/YTchannel/assets/media/prod_ecb413deb9e5404f9c60e70ce60e791c/pjob_test.mp4
447	2026-06-15 11:44	/home/jacobw/YTchannel/assets/media/test_proj/seg1/B006.mp4.fp.json
448	2026-06-20 21:03	/home/jacobw/YTchannel/assets/media/test_proj/seg1/B002.mp4.fp.json
448	2026-06-20 21:03	/home/jacobw/YTchannel/assets/media/test_proj/seg1/B003.mp4.fp.json
448	2026-06-20 21:03	/home/jacobw/YTchannel/assets/media/test_proj/seg1/B004.mp4.fp.json
456	2026-06-15 11:44	/home/jacobw/YTchannel/assets/media/test_proj/seg1/B007_B007-s0.mp4.fp.json
480	2026-06-15 01:28	/home/jacobw/YTchannel/assets/media/005_cta/B011a.mp4.fp.json
480	2026-06-15 01:32	/home/jacobw/YTchannel/assets/media/005_cta/B011b.mp4.fp.json
481	2026-06-14 23:44	/home/jacobw/YTchannel/assets/media/005_cta/B011c.mp4.fp.json
481	2026-06-15 00:59	/home/jacobw/YTchannel/assets/media/001_hook/B001.mp4.fp.json
482	2026-06-14 22:26	/home/jacobw/YTchannel/assets/media/001_hook/B001a.mp4.fp.json
482	2026-06-14 22:30	/home/jacobw/YTchannel/assets/media/001_hook/B001b.mp4.fp.json
482	2026-06-15 01:18	/home/jacobw/YTchannel/assets/media/003_proof/B007.mp4.fp.json
483	2026-06-14 22:57	/home/jacobw/YTchannel/assets/media/003_proof/B005b.mp4.fp.json
483	2026-06-14 23:00	/home/jacobw/YTchannel/assets/media/003_proof/B005c.mp4.fp.json
483	2026-06-14 23:09	/home/jacobw/YTchannel/assets/media/003_proof/B007a.mp4.fp.json
483	2026-06-14 23:14	/home/jacobw/YTchannel/assets/media/003_proof/B007b.mp4.fp.json
483	2026-06-15 01:08	/home/jacobw/YTchannel/assets/media/003_proof/B005a.mp4.fp.json
484	2026-06-14 23:26	/home/jacobw/YTchannel/assets/media/004_takeaway/B010.mp4.fp.json
485	2026-06-15 01:23	/home/jacobw/YTchannel/assets/media/004_takeaway/B008.mp4.fp.json
486	2026-06-14 23:18	/home/jacobw/YTchannel/assets/media/004_takeaway/B008a.mp4.fp.json
486	2026-06-14 23:22	/home/jacobw/YTchannel/assets/media/004_takeaway/B008b.mp4.fp.json
487	2026-06-15 01:04	/home/jacobw/YTchannel/assets/media/002_implication/B003.mp4.fp.json
496	2026-06-14 22:34	/home/jacobw/YTchannel/assets/media/002_implication/B003_B003-s0.mp4.fp.json
496	2026-06-14 22:44	/home/jacobw/YTchannel/assets/media/002_implication/B003_B003-s1.mp4.fp.json
513	2026-06-16 08:49	/home/jacobw/YTchannel/assets/media/using_ai_to_help_memory_retention_short/001_hook/B002.mp4.fp.json
513	2026-06-16 08:58	/home/jacobw/YTchannel/assets/media/using_ai_to_help_memory_retention_short/003_flip/B006.mp4.fp.json
514	2026-06-16 08:46	/home/jacobw/YTchannel/assets/media/using_ai_to_help_memory_retention_short/001_hook/B001.mp4.fp.json
515	2026-06-16 08:53	/home/jacobw/YTchannel/assets/media/using_ai_to_help_memory_retention_short/002_proof/B004.mp4.fp.json
515	2026-06-16 09:06	/home/jacobw/YTchannel/assets/media/using_ai_to_help_memory_retention_short/003_flip/B008a.mp4.fp.json
515	2026-06-16 09:16	/home/jacobw/YTchannel/assets/media/using_ai_to_help_memory_retention_short/003_flip/B008c.mp4.fp.json
515	2026-06-16 10:10	/home/jacobw/YTchannel/assets/media/using_ai_to_help_memory_retention_short/003_flip/B008b.mp4.fp.json
522	2026-06-16 09:38	/home/jacobw/YTchannel/assets/media/using_ai_to_help_memory_retention_short/004_takeaway_cta/B010.mp4.fp.json
522	2026-06-16 11:19	/home/jacobw/YTchannel/assets/media/using_ai_to_help_memory_retention_short/002_proof/B003_B003-s2.mp4.fp.json
522	2026-06-16 11:25	/home/jacobw/YTchannel/assets/media/using_ai_to_help_memory_retention_short/003_flip/B007_B007-s0.mp4.fp.json
522	2026-06-16 11:26	/home/jacobw/YTchannel/assets/media/using_ai_to_help_memory_retention_short/003_flip/B007_B007-s1.mp4.fp.json
522	2026-06-16 12:02	/home/jacobw/YTchannel/assets/media/using_ai_to_help_memory_retention_short/003_flip/B007_B007-s2.mp4.fp.json
523	2026-06-16 11:17	/home/jacobw/YTchannel/assets/media/using_ai_to_help_memory_retention_short/002_proof/B003_B003-s0.mp4.fp.json
523	2026-06-16 11:18	/home/jacobw/YTchannel/assets/media/using_ai_to_help_memory_retention_short/002_proof/B003_B003-s1.mp4.fp.json
523	2026-06-16 11:20	/home/jacobw/YTchannel/assets/media/using_ai_to_help_memory_retention_short/002_proof/B003_B003-s3.mp4.fp.json
523	2026-06-16 11:22	/home/jacobw/YTchannel/assets/media/using_ai_to_help_memory_retention_short/002_proof/B005_B005-s1.mp4.fp.json
523	2026-06-16 11:23	/home/jacobw/YTchannel/assets/media/using_ai_to_help_memory_retention_short/002_proof/B005_B005-s2.mp4.fp.json
523	2026-06-16 11:24	/home/jacobw/YTchannel/assets/media/using_ai_to_help_memory_retention_short/002_proof/B005_B005-s3.mp4.fp.json
523	2026-06-16 12:00	/home/jacobw/YTchannel/assets/media/using_ai_to_help_memory_retention_short/002_proof/B005_B005-s0.mp4.fp.json
523	2026-06-16 12:01	/home/jacobw/YTchannel/assets/media/using_ai_to_help_memory_retention_short/002_proof/B005_B005-s4.mp4.fp.json
526	2026-06-15 13:41	/home/jacobw/YTchannel/assets/media/how_to_use_ai_to_better_organize_your_de_short/004_cta/B011b.mp4.fp.json
528	2026-06-15 12:53	/home/jacobw/YTchannel/assets/media/how_to_use_ai_to_better_organize_your_de_short/001_hook/B001.mp4.fp.json
528	2026-06-15 13:02	/home/jacobw/YTchannel/assets/media/how_to_use_ai_to_better_organize_your_de_short/001_hook/B002.mp4.fp.json
528	2026-06-15 13:37	/home/jacobw/YTchannel/assets/media/how_to_use_ai_to_better_organize_your_de_short/004_cta/B011a.mp4.fp.json
529	2026-06-16 09:27	/home/jacobw/YTchannel/assets/media/using_ai_to_help_memory_retention_short/004_takeaway_cta/B009_B009-s2.mp4.fp.json
530	2026-06-16 09:20	/home/jacobw/YTchannel/assets/media/using_ai_to_help_memory_retention_short/004_takeaway_cta/B009_B009-s0.mp4.fp.json
530	2026-06-16 09:24	/home/jacobw/YTchannel/assets/media/using_ai_to_help_memory_retention_short/004_takeaway_cta/B009_B009-s1.mp4.fp.json
530	2026-06-16 09:30	/home/jacobw/YTchannel/assets/media/using_ai_to_help_memory_retention_short/004_takeaway_cta/B009_B009-s3.mp4.fp.json
530	2026-06-16 12:06	/home/jacobw/YTchannel/assets/media/using_ai_to_help_memory_retention_short/004_takeaway_cta/B009_B009-s4.mp4.fp.json
531	2026-06-15 13:11	/home/jacobw/YTchannel/assets/media/how_to_use_ai_to_better_organize_your_de_short/002_proof_b/B005.mp4.fp.json
531	2026-06-15 13:15	/home/jacobw/YTchannel/assets/media/how_to_use_ai_to_better_organize_your_de_short/002_proof_b/B006.mp4.fp.json
531	2026-06-15 13:32	/home/jacobw/YTchannel/assets/media/how_to_use_ai_to_better_organize_your_de_short/003_takeaway/B010.mp4.fp.json
532	2026-06-15 13:25	/home/jacobw/YTchannel/assets/media/how_to_use_ai_to_better_organize_your_de_short/003_takeaway/B007.mp4.fp.json
532	2026-06-15 13:29	/home/jacobw/YTchannel/assets/media/how_to_use_ai_to_better_organize_your_de_short/003_takeaway/B008.mp4.fp.json
4889	2026-06-20 21:03	/home/jacobw/YTchannel/assets/media/proj02/S01/B001.mp4
4889	2026-06-20 21:03	/home/jacobw/YTchannel/assets/media/proj03/S01/B001.mp4
4999	2026-06-13 01:31	/home/jacobw/YTchannel/assets/media/008_ai_layer/B084.mp4
6076	2026-06-12 19:36	/home/jacobw/YTchannel/assets/media/flagship_001_learn_half_time/shots/B020.mp4
6605	2026-06-12 19:27	/home/jacobw/YTchannel/assets/media/flagship_001_learn_half_time/shots/B002.mp4
6605	2026-06-13 00:57	/home/jacobw/YTchannel/assets/media/007_contextual_bridging/B050.mp4
7168	2026-06-12 19:30	/home/jacobw/YTchannel/assets/media/flagship_001_learn_half_time/shots/B006.mp4
7168	2026-06-12 19:33	/home/jacobw/YTchannel/assets/media/flagship_001_learn_half_time/shots/B013.mp4
7690	2026-06-13 00:55	/home/jacobw/YTchannel/assets/media/007_contextual_bridging/B048.mp4
8203	2026-06-12 19:30	/home/jacobw/YTchannel/assets/media/flagship_001_learn_half_time/shots/B009.mp4
8203	2026-06-13 01:00	/home/jacobw/YTchannel/assets/media/007_contextual_bridging/B054.mp4
8501	2026-06-15 12:05	/home/jacobw/YTchannel/assets/media/proj/003_proof/B007.mp4
8767	2026-06-13 01:31	/home/jacobw/YTchannel/assets/media/008_ai_layer/B085.mp4
9296	2026-06-13 00:40	/home/jacobw/YTchannel/assets/media/006_productive_friction/B044.mp4
9296	2026-06-13 01:02	/home/jacobw/YTchannel/assets/media/008_ai_layer/B060.mp4
9296	2026-06-13 01:11	/home/jacobw/YTchannel/assets/media/008_ai_layer/B074.mp4
10153	2026-06-20 21:04	/home/jacobw/YTchannel/assets/media/test_gate_proj/003_takeaway/B009.png
10894	2026-06-13 00:38	/home/jacobw/YTchannel/assets/media/006_productive_friction/B042.mp4
11458	2026-06-12 19:36	/home/jacobw/YTchannel/assets/media/flagship_001_learn_half_time/shots/B021.mp4
11458	2026-06-13 00:59	/home/jacobw/YTchannel/assets/media/007_contextual_bridging/B052.mp4
11833	2026-06-15 18:37	/home/jacobw/YTchannel/assets/media/how_to_use_ai_to_better_organize_your_de_short/002_proof_a/B003b.png
11987	2026-06-12 19:32	/home/jacobw/YTchannel/assets/media/flagship_001_learn_half_time/shots/B012.mp4
11987	2026-06-12 19:34	/home/jacobw/YTchannel/assets/media/flagship_001_learn_half_time/shots/B016.mp4
11987	2026-06-13 01:07	/home/jacobw/YTchannel/assets/media/008_ai_layer/B066.mp4
12241	2026-06-16 10:10	/home/jacobw/YTchannel/assets/media/using_ai_to_help_memory_retention_short/003_flip/B007_B007-s0.png
12241	2026-06-16 10:10	/home/jacobw/YTchannel/assets/media/using_ai_to_help_memory_retention_short/003_flip/B007_B007-s1.png
12550	2026-06-12 19:34	/home/jacobw/YTchannel/assets/media/flagship_001_learn_half_time/shots/B015.mp4
12694	2026-06-15 18:37	/home/jacobw/YTchannel/assets/media/how_to_use_ai_to_better_organize_your_de_short/002_proof_b/B005c.png
13070	2026-06-20 21:04	/home/jacobw/YTchannel/assets/media/test_layout_proj/002/B004.png
13072	2026-06-12 19:31	/home/jacobw/YTchannel/assets/media/flagship_001_learn_half_time/shots/B010.mp4
13072	2026-06-12 19:37	/home/jacobw/YTchannel/assets/media/flagship_001_learn_half_time/shots/B022.mp4
13072	2026-06-13 00:36	/home/jacobw/YTchannel/assets/media/006_productive_friction/B040.mp4
13643	2026-06-12 19:28	/home/jacobw/YTchannel/assets/media/flagship_001_learn_half_time/shots/B004.mp4
13835	2026-06-12 13:49	/home/jacobw/YTchannel/assets/media/flagship_001/_chunks_005_layered_encoding/chunk_008.mp3
14479	2026-06-20 21:04	/home/jacobw/YTchannel/assets/media/test_orphan_proj/002_proof/B003_B003-s0.png
14678	2026-06-13 01:02	/home/jacobw/YTchannel/assets/media/008_ai_layer/B057.mp4
14678	2026-06-13 01:09	/home/jacobw/YTchannel/assets/media/008_ai_layer/B068.mp4
15425	2026-06-16 10:10	/home/jacobw/YTchannel/assets/media/using_ai_to_help_memory_retention_short/002_proof/B005_B005-s0.png
15425	2026-06-16 10:10	/home/jacobw/YTchannel/assets/media/using_ai_to_help_memory_retention_short/002_proof/B005_B005-s1.png
15425	2026-06-16 10:10	/home/jacobw/YTchannel/assets/media/using_ai_to_help_memory_retention_short/002_proof/B005_B005-s2.png
15425	2026-06-16 10:10	/home/jacobw/YTchannel/assets/media/using_ai_to_help_memory_retention_short/002_proof/B005_B005-s3.png
16496	2026-06-12 19:29	/home/jacobw/YTchannel/assets/media/flagship_001_learn_half_time/shots/B005.mp4
17025	2026-06-13 01:10	/home/jacobw/YTchannel/assets/media/008_ai_layer/B070.mp4
22351	2026-06-15 18:37	/home/jacobw/YTchannel/assets/media/how_to_use_ai_to_better_organize_your_de_short/002_proof_a/B003_B003-s0.png
22351	2026-06-15 18:37	/home/jacobw/YTchannel/assets/media/how_to_use_ai_to_better_organize_your_de_short/002_proof_a/B003_B003-s1.png
22351	2026-06-15 18:37	/home/jacobw/YTchannel/assets/media/how_to_use_ai_to_better_organize_your_de_short/002_proof_a/B003_B003-s2.png
26374	2026-06-12 13:49	/home/jacobw/YTchannel/assets/media/flagship_001/_chunks_008_ai_layer/chunk_020.mp3
30425	2026-06-15 18:37	/home/jacobw/YTchannel/assets/media/how_to_use_ai_to_better_organize_your_de_short/002_proof_a/B004.png
34501	2026-06-15 18:37	/home/jacobw/YTchannel/assets/media/how_to_use_ai_to_better_organize_your_de_short/003_takeaway/B009.png
35442	2026-06-16 10:10	/home/jacobw/YTchannel/assets/media/using_ai_to_help_memory_retention_short/002_proof/B003_B003-s0.png
35442	2026-06-16 10:10	/home/jacobw/YTchannel/assets/media/using_ai_to_help_memory_retention_short/002_proof/B003_B003-s1.png
35442	2026-06-16 10:10	/home/jacobw/YTchannel/assets/media/using_ai_to_help_memory_retention_short/002_proof/B003_B003-s2.png
35442	2026-06-16 10:10	/home/jacobw/YTchannel/assets/media/using_ai_to_help_memory_retention_short/002_proof/B003_B003-s3.png
45600	2026-06-12 13:49	/home/jacobw/YTchannel/assets/media/flagship_001/_chunks_007_contextual_bridging/chunk_008.mp3
52285	2026-06-15 11:44	/home/jacobw/YTchannel/assets/media/test_proj/seg1/B006.mp4
52285	2026-06-15 11:44	/home/jacobw/YTchannel/assets/media/test_proj/seg1/B007_B007-s0.mp4
52285	2026-06-20 21:03	/home/jacobw/YTchannel/assets/media/test_proj/seg1/B001.mp4
52285	2026-06-20 21:03	/home/jacobw/YTchannel/assets/media/test_proj/seg1/B003.mp4
65165	2026-06-20 21:03	/home/jacobw/YTchannel/assets/media/test_proj/seg1/B004.mp4
98263	2026-06-12 13:49	/home/jacobw/YTchannel/assets/media/flagship_001/_chunks_003_biology/chunk_006.mp3
113309	2026-06-12 13:49	/home/jacobw/YTchannel/assets/media/flagship_001/_chunks_006_productive_friction/chunk_008.mp3
122426	2026-06-14 23:53	/home/jacobw/YTchannel/assets/media/001_hook/_slice_trim_B001.mp3
123371	2026-06-15 00:11	/home/jacobw/YTchannel/assets/media/004_takeaway/_slice_trim_B008.mp3
125774	2026-06-14 23:57	/home/jacobw/YTchannel/assets/media/002_implication/_slice_trim_B003.mp3
126407	2026-06-14 23:00	/home/jacobw/YTchannel/assets/media/003_proof/_slice_trim_B007a.mp3
126407	2026-06-15 00:02	/home/jacobw/YTchannel/assets/media/003_proof/_slice_trim_B007.mp3
135461	2026-06-12 13:49	/home/jacobw/YTchannel/assets/media/flagship_001/_chunks_004_wrong_approach/chunk_008.mp3
139932	2026-06-20 21:03	/home/jacobw/YTchannel/assets/media/test_proj/seg1/B002.mp4
157196	2026-06-12 13:49	/home/jacobw/YTchannel/assets/media/flagship_001/_chunks_002_promise/chunk_001.mp3
159703	2026-06-12 13:49	/home/jacobw/YTchannel/assets/media/flagship_001/_chunks_009_cta/chunk_006.mp3
160122	2026-06-12 13:49	/home/jacobw/YTchannel/assets/media/flagship_001/_chunks_003_biology/chunk_005.mp3
160122	2026-06-12 13:49	/home/jacobw/YTchannel/assets/media/flagship_001/_chunks_004_wrong_approach/chunk_005.mp3
160122	2026-06-12 13:49	/home/jacobw/YTchannel/assets/media/flagship_001/_chunks_005_layered_encoding/chunk_005.mp3
160122	2026-06-12 13:49	/home/jacobw/YTchannel/assets/media/flagship_001/_chunks_006_productive_friction/chunk_005.mp3
160122	2026-06-12 13:49	/home/jacobw/YTchannel/assets/media/flagship_001/_chunks_007_contextual_bridging/chunk_005.mp3
160122	2026-06-12 13:49	/home/jacobw/YTchannel/assets/media/flagship_001/_chunks_008_ai_layer/chunk_005.mp3
160122	2026-06-12 13:49	/home/jacobw/YTchannel/assets/media/flagship_001/_chunks_008_ai_layer/chunk_010.mp3
160122	2026-06-12 13:49	/home/jacobw/YTchannel/assets/media/flagship_001/_chunks_008_ai_layer/chunk_015.mp3
160122	2026-06-12 13:49	/home/jacobw/YTchannel/assets/media/flagship_001/_chunks_009_cta/chunk_005.mp3
160539	2026-06-12 13:49	/home/jacobw/YTchannel/assets/media/flagship_001/_chunks_002_promise/chunk_000.mp3
160539	2026-06-12 13:49	/home/jacobw/YTchannel/assets/media/flagship_001/_chunks_003_biology/chunk_000.mp3
160539	2026-06-12 13:49	/home/jacobw/YTchannel/assets/media/flagship_001/_chunks_003_biology/chunk_001.mp3
160539	2026-06-12 13:49	/home/jacobw/YTchannel/assets/media/flagship_001/_chunks_003_biology/chunk_003.mp3
160539	2026-06-12 13:49	/home/jacobw/YTchannel/assets/media/flagship_001/_chunks_003_biology/chunk_004.mp3
160539	2026-06-12 13:49	/home/jacobw/YTchannel/assets/media/flagship_001/_chunks_004_wrong_approach/chunk_000.mp3
160539	2026-06-12 13:49	/home/jacobw/YTchannel/assets/media/flagship_001/_chunks_004_wrong_approach/chunk_001.mp3
160539	2026-06-12 13:49	/home/jacobw/YTchannel/assets/media/flagship_001/_chunks_004_wrong_approach/chunk_003.mp3
160539	2026-06-12 13:49	/home/jacobw/YTchannel/assets/media/flagship_001/_chunks_004_wrong_approach/chunk_004.mp3
160539	2026-06-12 13:49	/home/jacobw/YTchannel/assets/media/flagship_001/_chunks_004_wrong_approach/chunk_006.mp3
160539	2026-06-12 13:49	/home/jacobw/YTchannel/assets/media/flagship_001/_chunks_005_layered_encoding/chunk_000.mp3
160539	2026-06-12 13:49	/home/jacobw/YTchannel/assets/media/flagship_001/_chunks_005_layered_encoding/chunk_001.mp3
160539	2026-06-12 13:49	/home/jacobw/YTchannel/assets/media/flagship_001/_chunks_005_layered_encoding/chunk_003.mp3
160539	2026-06-12 13:49	/home/jacobw/YTchannel/assets/media/flagship_001/_chunks_005_layered_encoding/chunk_004.mp3
160539	2026-06-12 13:49	/home/jacobw/YTchannel/assets/media/flagship_001/_chunks_005_layered_encoding/chunk_006.mp3
160539	2026-06-12 13:49	/home/jacobw/YTchannel/assets/media/flagship_001/_chunks_006_productive_friction/chunk_000.mp3
160539	2026-06-12 13:49	/home/jacobw/YTchannel/assets/media/flagship_001/_chunks_006_productive_friction/chunk_001.mp3
160539	2026-06-12 13:49	/home/jacobw/YTchannel/assets/media/flagship_001/_chunks_006_productive_friction/chunk_003.mp3
160539	2026-06-12 13:49	/home/jacobw/YTchannel/assets/media/flagship_001/_chunks_006_productive_friction/chunk_004.mp3
160539	2026-06-12 13:49	/home/jacobw/YTchannel/assets/media/flagship_001/_chunks_006_productive_friction/chunk_006.mp3
160539	2026-06-12 13:49	/home/jacobw/YTchannel/assets/media/flagship_001/_chunks_007_contextual_bridging/chunk_000.mp3
160539	2026-06-12 13:49	/home/jacobw/YTchannel/assets/media/flagship_001/_chunks_007_contextual_bridging/chunk_001.mp3
160539	2026-06-12 13:49	/home/jacobw/YTchannel/assets/media/flagship_001/_chunks_007_contextual_bridging/chunk_003.mp3
160539	2026-06-12 13:49	/home/jacobw/YTchannel/assets/media/flagship_001/_chunks_007_contextual_bridging/chunk_004.mp3
160539	2026-06-12 13:49	/home/jacobw/YTchannel/assets/media/flagship_001/_chunks_007_contextual_bridging/chunk_006.mp3
160539	2026-06-12 13:49	/home/jacobw/YTchannel/assets/media/flagship_001/_chunks_008_ai_layer/chunk_000.mp3
160539	2026-06-12 13:49	/home/jacobw/YTchannel/assets/media/flagship_001/_chunks_008_ai_layer/chunk_001.mp3
160539	2026-06-12 13:49	/home/jacobw/YTchannel/assets/media/flagship_001/_chunks_008_ai_layer/chunk_003.mp3
160539	2026-06-12 13:49	/home/jacobw/YTchannel/assets/media/flagship_001/_chunks_008_ai_layer/chunk_004.mp3
160539	2026-06-12 13:49	/home/jacobw/YTchannel/assets/media/flagship_001/_chunks_008_ai_layer/chunk_006.mp3
160539	2026-06-12 13:49	/home/jacobw/YTchannel/assets/media/flagship_001/_chunks_008_ai_layer/chunk_008.mp3
160539	2026-06-12 13:49	/home/jacobw/YTchannel/assets/media/flagship_001/_chunks_008_ai_layer/chunk_009.mp3
160539	2026-06-12 13:49	/home/jacobw/YTchannel/assets/media/flagship_001/_chunks_008_ai_layer/chunk_011.mp3
160539	2026-06-12 13:49	/home/jacobw/YTchannel/assets/media/flagship_001/_chunks_008_ai_layer/chunk_012.mp3
160539	2026-06-12 13:49	/home/jacobw/YTchannel/assets/media/flagship_001/_chunks_008_ai_layer/chunk_014.mp3
160539	2026-06-12 13:49	/home/jacobw/YTchannel/assets/media/flagship_001/_chunks_008_ai_layer/chunk_016.mp3
160539	2026-06-12 13:49	/home/jacobw/YTchannel/assets/media/flagship_001/_chunks_008_ai_layer/chunk_017.mp3
160539	2026-06-12 13:49	/home/jacobw/YTchannel/assets/media/flagship_001/_chunks_008_ai_layer/chunk_019.mp3
160539	2026-06-12 13:49	/home/jacobw/YTchannel/assets/media/flagship_001/_chunks_009_cta/chunk_000.mp3
160539	2026-06-12 13:49	/home/jacobw/YTchannel/assets/media/flagship_001/_chunks_009_cta/chunk_001.mp3
160539	2026-06-12 13:49	/home/jacobw/YTchannel/assets/media/flagship_001/_chunks_009_cta/chunk_003.mp3
160539	2026-06-12 13:49	/home/jacobw/YTchannel/assets/media/flagship_001/_chunks_009_cta/chunk_004.mp3
160540	2026-06-12 13:49	/home/jacobw/YTchannel/assets/media/flagship_001/_chunks_003_biology/chunk_002.mp3
160540	2026-06-12 13:49	/home/jacobw/YTchannel/assets/media/flagship_001/_chunks_004_wrong_approach/chunk_002.mp3
160540	2026-06-12 13:49	/home/jacobw/YTchannel/assets/media/flagship_001/_chunks_004_wrong_approach/chunk_007.mp3
160540	2026-06-12 13:49	/home/jacobw/YTchannel/assets/media/flagship_001/_chunks_005_layered_encoding/chunk_002.mp3
160540	2026-06-12 13:49	/home/jacobw/YTchannel/assets/media/flagship_001/_chunks_005_layered_encoding/chunk_007.mp3
160540	2026-06-12 13:49	/home/jacobw/YTchannel/assets/media/flagship_001/_chunks_006_productive_friction/chunk_002.mp3
160540	2026-06-12 13:49	/home/jacobw/YTchannel/assets/media/flagship_001/_chunks_006_productive_friction/chunk_007.mp3
160540	2026-06-12 13:49	/home/jacobw/YTchannel/assets/media/flagship_001/_chunks_007_contextual_bridging/chunk_002.mp3
160540	2026-06-12 13:49	/home/jacobw/YTchannel/assets/media/flagship_001/_chunks_007_contextual_bridging/chunk_007.mp3
160540	2026-06-12 13:49	/home/jacobw/YTchannel/assets/media/flagship_001/_chunks_008_ai_layer/chunk_002.mp3
160540	2026-06-12 13:49	/home/jacobw/YTchannel/assets/media/flagship_001/_chunks_008_ai_layer/chunk_007.mp3
160540	2026-06-12 13:49	/home/jacobw/YTchannel/assets/media/flagship_001/_chunks_008_ai_layer/chunk_013.mp3
160540	2026-06-12 13:49	/home/jacobw/YTchannel/assets/media/flagship_001/_chunks_008_ai_layer/chunk_018.mp3
160540	2026-06-12 13:49	/home/jacobw/YTchannel/assets/media/flagship_001/_chunks_009_cta/chunk_002.mp3
160958	2026-06-13 11:27	/home/jacobw/YTchannel/assets/media/007_contextual_bridging/_slice_trim_B047.mp3
162211	2026-06-13 11:31	/home/jacobw/YTchannel/assets/media/008_ai_layer/_slice_trim_B086.mp3
189217	2026-06-12 21:32	/home/jacobw/YTchannel/assets/media/flagship_001_learn_half_time/shots/B034.mp4
190236	2026-06-13 20:58	/home/jacobw/YTchannel/assets/media/002_finding/B004.mp4
194186	2026-06-13 11:23	/home/jacobw/YTchannel/assets/media/005_layered_encoding/B034.mp4
324511	2026-06-12 19:35	/home/jacobw/YTchannel/assets/media/flagship_001_learn_half_time/shots/B019.mp4
389194	2026-06-12 19:31	/home/jacobw/YTchannel/assets/media/flagship_001_learn_half_time/shots/B011.mp4
428743	2026-06-12 19:33	/home/jacobw/YTchannel/assets/media/flagship_001_learn_half_time/shots/B014.mp4
437094	2026-06-12 19:28	/home/jacobw/YTchannel/assets/media/flagship_001_learn_half_time/shots/B003.mp4
481358	2026-06-20 10:33	/home/jacobw/YTchannel/assets/media/prod_39ae161f58b24f3497f027026e078efb/pjob_fe56d1dea4a14ffe8d272b338880725c.diagnostic_audio.wav
481358	2026-06-20 10:36	/home/jacobw/YTchannel/assets/media/prod_1be44194a3204920935ccdea87a791ea/pjob_8f7f9ebead6c41bd978740a939614906.diagnostic_audio.wav
481358	2026-06-20 10:36	/home/jacobw/YTchannel/assets/media/prod_2f054a10c15841f4ae3ef1f6592b49b5/pjob_5255981a66574273bd0d21b8a8c46d96.diagnostic_audio.wav
481358	2026-06-20 10:36	/home/jacobw/YTchannel/assets/media/prod_473b0ececfee4a808825e637aee5079d/pjob_7d98692d2f3442cdb73b704a62073764.diagnostic_audio.wav
481358	2026-06-20 10:37	/home/jacobw/YTchannel/assets/media/prod_53c8f58c103842239ceab015ab4ac303/pjob_944953eb2e1843d6a583719981ada3a1.diagnostic_audio.wav
481358	2026-06-20 10:38	/home/jacobw/YTchannel/assets/media/prod_55bfe122653c437983b13356e6c4b98b/pjob_77f335dfed834534857117094059a2a3.diagnostic_audio.wav
481358	2026-06-20 10:38	/home/jacobw/YTchannel/assets/media/prod_b0bda52b88b5434eb15a829c20ff9072/pjob_915227c144844f5493c4f037c80e946a.diagnostic_audio.wav
481358	2026-06-20 10:38	/home/jacobw/YTchannel/assets/media/prod_eea9af936eb645a096134bdabcbb36d7/pjob_884b60ce94504edd889323ba3fb145c4.diagnostic_audio.wav
481358	2026-06-20 10:49	/home/jacobw/YTchannel/assets/media/prod_b6c22c7d1e3f40c69501642cacf13aa0/pjob_09c0843e4ffd414ebd4e423cb5118049.diagnostic_audio.wav
481358	2026-06-20 10:49	/home/jacobw/YTchannel/assets/media/prod_b7dab295460c473f855b72b00cae4ee9/pjob_bef315165dde48f198d21eb0ef6caca4.diagnostic_audio.wav
481358	2026-06-20 10:49	/home/jacobw/YTchannel/assets/media/prod_c030da439cc04dfabd3dbea52357c832/pjob_3f4ca2af8803492f8437dac98380045e.diagnostic_audio.wav
481358	2026-06-20 12:03	/home/jacobw/YTchannel/assets/media/prod_cdb28dd118624fa889d15e005131fb66/pjob_e59118783e99406b971bfeaf2679ee18.diagnostic_audio.wav
481358	2026-06-20 12:03	/home/jacobw/YTchannel/assets/media/prod_d9acbaf42ef942819e932027635f105b/pjob_9dde2f0e122e4e54898ab864210da0d8.diagnostic_audio.wav
481358	2026-06-20 12:03	/home/jacobw/YTchannel/assets/media/prod_e15fade789624eb699a6502f7b56cb0c/pjob_65d85ceaa50845df9f8c7b420d2aaeeb.diagnostic_audio.wav
481358	2026-06-20 12:12	/home/jacobw/YTchannel/assets/media/prod_3c94de0aa9164923ba2dd8565d2956af/pjob_1e40bc5521e241ecbf46ea323f3ec9dd.diagnostic_audio.wav
481358	2026-06-20 12:12	/home/jacobw/YTchannel/assets/media/prod_6bebb16ddad049f9a1466793828e4f27/pjob_fe4727a18c324d0e888c54311862164b.diagnostic_audio.wav
481358	2026-06-20 12:12	/home/jacobw/YTchannel/assets/media/prod_a58676ddda074b4a9a1d8b1ed8a093c0/pjob_a23c5f197bed4244af80f07d7f0a109c.diagnostic_audio.wav
481358	2026-06-20 12:25	/home/jacobw/YTchannel/assets/media/prod_216f50278de549cf85ab89e2a813b14f/pjob_495e1258644f4d9f90c58e9e5586f6b7.diagnostic_audio.wav
481358	2026-06-20 12:25	/home/jacobw/YTchannel/assets/media/prod_904ed8083503432ea582c3ea0bf60bb5/pjob_a4fa943d9ff44f2792eeb8a06c08b0eb.diagnostic_audio.wav
481358	2026-06-20 12:25	/home/jacobw/YTchannel/assets/media/prod_e2122cc7df964141975770efc930761e/pjob_2c30b6e6ee294c8096be2f9b72ea1b99.diagnostic_audio.wav
481358	2026-06-20 12:33	/home/jacobw/YTchannel/assets/media/prod_16a2050a20264fd491e95d0dede1a840/pjob_5fd8d5c3f1a948f7a9217970413157ed.diagnostic_audio.wav
481358	2026-06-20 12:33	/home/jacobw/YTchannel/assets/media/prod_c37d89cb1569488591ef7bfe6f766346/pjob_dc34c942195341d686b86c0754224240.diagnostic_audio.wav
481358	2026-06-20 12:33	/home/jacobw/YTchannel/assets/media/prod_cd51f94e4e804a4c846f7d018b5909dc/pjob_79bca3566bd34b20891adaa274c37613.diagnostic_audio.wav
481358	2026-06-20 12:53	/home/jacobw/YTchannel/assets/media/prod_c0ecebe516de4d5da32f5b782e0dc862/pjob_cafc64dd96e84f17b9599bf1fcf7a753.diagnostic_audio.wav
481358	2026-06-20 12:54	/home/jacobw/YTchannel/assets/media/prod_5fd20825be3e462e8ac10a3a71f27708/pjob_ff9c09fc2f9349dc827e270278172b74.diagnostic_audio.wav
481358	2026-06-20 12:54	/home/jacobw/YTchannel/assets/media/prod_7fa57ded66b54b50bbbf773ad49757dc/pjob_5445e120d87040e7baa6bc9798a018dc.diagnostic_audio.wav
481358	2026-06-20 12:55	/home/jacobw/YTchannel/assets/media/prod_3585f021e10c42f8a075dd7735a42ddf/pjob_ab96269411a4445db9d99ff93bdbd7de.diagnostic_audio.wav
481358	2026-06-20 12:55	/home/jacobw/YTchannel/assets/media/prod_6e8788dfae09443097095797666a1eca/pjob_4af9b78aa59945189f6e989d6110132a.diagnostic_audio.wav
481358	2026-06-20 13:04	/home/jacobw/YTchannel/assets/media/prod_c2ef0b1cb6d34667b311a77f285fa71f/pjob_92d87cb0578a490d845a1ca0d40edb71.diagnostic_audio.wav
481358	2026-06-20 13:04	/home/jacobw/YTchannel/assets/media/prod_d089f0318eaa461987b9827591d1e468/pjob_089514088e7148d0851c171371cb5c35.diagnostic_audio.wav
481358	2026-06-20 13:17	/home/jacobw/YTchannel/assets/media/prod_21dae0f76e7942df8146a125c02a7044/pjob_e4af16d0f5384c239e0bd6af01fcaa9f.diagnostic_audio.wav
481358	2026-06-20 13:17	/home/jacobw/YTchannel/assets/media/prod_4ec14f821a7245dbb67f99809237c112/pjob_11e013825c4642f9b9c5f5803630a7c7.diagnostic_audio.wav
481358	2026-06-20 13:17	/home/jacobw/YTchannel/assets/media/prod_5d3ca451773c4286ac7fc7bea39e268b/pjob_b1587420bd80439f9534d45544ba0ea3.diagnostic_audio.wav
481358	2026-06-20 13:17	/home/jacobw/YTchannel/assets/media/prod_b18f74e4bcbf49cd85b807dcb054697a/pjob_4da9013448ad4e08b8e239cb3abccae8.diagnostic_audio.wav
481358	2026-06-20 13:17	/home/jacobw/YTchannel/assets/media/prod_b4b28bb212f7408fb7c0e084d69ebda7/pjob_dddc9ed696fb42eab8ac602becac6cd3.diagnostic_audio.wav
481358	2026-06-20 13:45	/home/jacobw/YTchannel/assets/media/prod_7dad2058cfee4ffc83f7318f00f52e44/pjob_41a7979e3599468db5316f5dda936454.diagnostic_audio.wav
481358	2026-06-20 13:45	/home/jacobw/YTchannel/assets/media/prod_93c2ef089a654cef9d53659cdb7730f9/pjob_2e73cc63aa164532a21941cde9a31866.diagnostic_audio.wav
481358	2026-06-20 13:46	/home/jacobw/YTchannel/assets/media/prod_6211c7a175ea4efe88cc990574e5715f/pjob_ae4aeac0f5334bb1a80451324e5d1c93.diagnostic_audio.wav
481358	2026-06-20 13:46	/home/jacobw/YTchannel/assets/media/prod_e3f40af4531145e2a1a7cf7dd6de6007/pjob_7be8aa7236694f1e93fa83f958b55f24.diagnostic_audio.wav
481358	2026-06-20 13:59	/home/jacobw/YTchannel/assets/media/prod_3571170b91314157bdabb56c2b7d335f/pjob_8dc89225c8b84ceb8d3edff366980a87.diagnostic_audio.wav
481358	2026-06-20 13:59	/home/jacobw/YTchannel/assets/media/prod_79e084610c1b471c944625dd8c1fcb0e/pjob_b68e4fa295a94c4a87084c41688d01d7.diagnostic_audio.wav
481358	2026-06-20 13:59	/home/jacobw/YTchannel/assets/media/prod_e22e6d03a9b84ad5ba870c8fa0779878/pjob_ead6ded9cffe42c6b2ad4ae34fbcc31d.diagnostic_audio.wav
481358	2026-06-20 13:59	/home/jacobw/YTchannel/assets/media/prod_fbe6776d1b5a4062b860e24ef41a47e6/pjob_9f56c827b27e45058619bb0310575cab.diagnostic_audio.wav
481358	2026-06-20 14:00	/home/jacobw/YTchannel/assets/media/prod_055177b004a7442987d849d2c017eb54/pjob_b9b99580b9d74e2e915b27af6ee392db.diagnostic_audio.wav
481358	2026-06-20 14:22	/home/jacobw/YTchannel/assets/media/prod_39a333ebcead4bd49d09cf38c8772325/pjob_ba979c231ecb46eaad237aa264a4b0ef.diagnostic_audio.wav
481358	2026-06-20 14:22	/home/jacobw/YTchannel/assets/media/prod_3d11bc4c19494f8486c61cc4e19836b9/pjob_e993d25ac05c4e02aa0727064f8cceab.diagnostic_audio.wav
481358	2026-06-20 14:22	/home/jacobw/YTchannel/assets/media/prod_4abf4004f5fa42e7bc8f9d2d92b01fc9/pjob_3336f6c3b96d4f13bdd0344f2771c6d8.diagnostic_audio.wav
481358	2026-06-20 14:22	/home/jacobw/YTchannel/assets/media/prod_65af16bb090b4099afb0ac082e0ca8ea/pjob_c1815416b64642f6bf9284673fbf9c5f.diagnostic_audio.wav
481358	2026-06-20 14:22	/home/jacobw/YTchannel/assets/media/prod_db1f695bfb2746368f7c08f334436eef/pjob_30e7ad0a3d5c468aa8e49f90b0df56c2.diagnostic_audio.wav
481358	2026-06-20 17:33	/home/jacobw/YTchannel/assets/media/prod_21fc2c82631a4e509bf7c394eecc6158/pjob_352e601ad8224e25a82b744ab27263a1.diagnostic_audio.wav
481358	2026-06-20 17:33	/home/jacobw/YTchannel/assets/media/prod_2d8579bce6bc49ad98fb5ad5d87661ba/pjob_cdeec8f0285f4fef94180a1f350547ed.diagnostic_audio.wav
481358	2026-06-20 17:33	/home/jacobw/YTchannel/assets/media/prod_d93a7d9e91444e98990af2313dc801f2/pjob_add8339945a2486d91fe6337d6e9bba9.diagnostic_audio.wav
481358	2026-06-20 17:33	/home/jacobw/YTchannel/assets/media/prod_e2f1f63b9dfc4499bf0c7a9d73e0016b/pjob_aa4834d716b6424d97dc6df7990f4b7c.diagnostic_audio.wav
680014	2026-06-18 15:29	/home/jacobw/YTchannel/assets/media/prod_92605736e62e40899b77ab9ea314be23/pjob_ee6000f6752d4bfc9d4f68d0286604a2.diagnostic_audio.wav
680014	2026-06-18 15:30	/home/jacobw/YTchannel/assets/media/prod_5ccbc0124eb047b8ae63be04e20a9865/pjob_0a8f49e3b6a14466bae7a609ebc175dc.diagnostic_audio.wav
680014	2026-06-18 15:31	/home/jacobw/YTchannel/assets/media/prod_01ddfd49b72f4a94a4d14c957a7e284b/pjob_9e7766e97bcf43aa966de17b565048ab.diagnostic_audio.wav
680014	2026-06-18 15:33	/home/jacobw/YTchannel/assets/media/prod_731c57b3c7b449098538732d4ea7d133/pjob_da2471f3e40d4482ba9bad8c830e8600.diagnostic_audio.wav
680014	2026-06-18 15:36	/home/jacobw/YTchannel/assets/media/prod_b040534ee9c54720840ca03e56e08962/pjob_14d4b68760d94445b672736669591892.diagnostic_audio.wav
680014	2026-06-18 15:38	/home/jacobw/YTchannel/assets/media/prod_0bced67a9ff243bbad6410ce2599f8cb/pjob_a0ae32b7d750486ea1db9887aefeebcb.diagnostic_audio.wav
680014	2026-06-18 15:39	/home/jacobw/YTchannel/assets/media/prod_e37dc8799ddc475dbff54bccca95b3b7/pjob_ac885750021e4471bf68bf161f0b6df6.diagnostic_audio.wav
680014	2026-06-18 15:39	/home/jacobw/YTchannel/assets/media/prod_e37dc8799ddc475dbff54bccca95b3b7/pjob_ca42e42030204b9c86c7d4c88e81c1fd.diagnostic_audio.wav
680014	2026-06-18 15:41	/home/jacobw/YTchannel/assets/media/prod_d91002b99be148718acb6a1bb013e172/pjob_cfd6818e22f1411b9a6bf0f38df1c155.diagnostic_audio.wav
680014	2026-06-18 15:45	/home/jacobw/YTchannel/assets/media/prod_e7a087697bd145f2b4e3653b2802b939/pjob_773a2c35207242ca9e1b9b8313783734.diagnostic_audio.wav
680014	2026-06-18 15:45	/home/jacobw/YTchannel/assets/media/prod_ed60e7661fab497d8e080351d728bcd5/pjob_fbadfc209b1a4ed29770c21d06a543b9.diagnostic_audio.wav
680014	2026-06-18 15:46	/home/jacobw/YTchannel/assets/media/prod_629a2237f6cd4a91bed095c56147d778/pjob_5e8f94a64f854789a2c07c9ba9102ca8.diagnostic_audio.wav
680014	2026-06-18 15:47	/home/jacobw/YTchannel/assets/media/prod_72691471f3e04296a990147b65dd7635/pjob_f12bf5fab5ce4fbe94bab26e2c3ff163.diagnostic_audio.wav
680014	2026-06-18 15:47	/home/jacobw/YTchannel/assets/media/prod_e5cdda87ba3c439b8e275a5904ff7bc0/pjob_c1f8686d268e4cd3b9066f14e95279d9.diagnostic_audio.wav
680014	2026-06-18 15:48	/home/jacobw/YTchannel/assets/media/prod_2af83c84df1041ccab08c11378467142/pjob_0ed3a9292ffd4f2bb9d71f588569ccea.diagnostic_audio.wav
680014	2026-06-18 15:48	/home/jacobw/YTchannel/assets/media/prod_9fc604145b96477e8115a5bc1ad42fb2/pjob_d3ed32dde6f247359e6a9a591258f062.diagnostic_audio.wav
680014	2026-06-18 15:48	/home/jacobw/YTchannel/assets/media/prod_fec71ef724d649cc8da0f3a1dccb2def/pjob_ed40e28b137b4195a9b67f7a23cd086a.diagnostic_audio.wav
680014	2026-06-18 15:49	/home/jacobw/YTchannel/assets/media/prod_92b7aa5856134c35bc8098ce95762fbc/pjob_4f2f564c038b46468eb5e7ef46322043.diagnostic_audio.wav
680014	2026-06-18 15:49	/home/jacobw/YTchannel/assets/media/prod_a779c5ef5d9e4664b36ba8721092e27b/pjob_4da108e3a7a74b0c9dd749f170f2c656.diagnostic_audio.wav
680014	2026-06-18 15:50	/home/jacobw/YTchannel/assets/media/prod_c7cdf43cf6d2400e99850ed283e273c5/pjob_8cc12bb0fa6d4f55ab535fcc031885c2.diagnostic_audio.wav
680014	2026-06-18 15:51	/home/jacobw/YTchannel/assets/media/prod_e872819917eb417d9de222925d25de03/pjob_b3b422f1315e46e6a08ae0258f94a8be.diagnostic_audio.wav
680014	2026-06-18 15:52	/home/jacobw/YTchannel/assets/media/prod_7998c98f54fc4256afa84d1814920bc8/pjob_05191ce9b06040d1808191e23d0cfc61.diagnostic_audio.wav
680014	2026-06-18 15:52	/home/jacobw/YTchannel/assets/media/prod_ead8ff7f11754c6ba44c39db8b8eed32/pjob_2bdd83923dd84f12a5eb32d1d93d7356.diagnostic_audio.wav
680014	2026-06-18 15:53	/home/jacobw/YTchannel/assets/media/prod_984771539b2d4f4b9c706775b1b8b413/pjob_60fcd7b88037451982a57abee684927c.diagnostic_audio.wav
680014	2026-06-18 15:53	/home/jacobw/YTchannel/assets/media/prod_d6d335e2b9df4aa68f2c41c77781a35c/pjob_231c84d7f64745b7ae8ee10c7e00b92c.diagnostic_audio.wav
680014	2026-06-18 15:53	/home/jacobw/YTchannel/assets/media/prod_f36d8a8bb7fe4a3fae628b00037e2f8f/pjob_70809c6759cc4800bcc1c504aca1d044.diagnostic_audio.wav
680014	2026-06-18 15:54	/home/jacobw/YTchannel/assets/media/prod_4020cdc3567b45f49111b9523c2fc360/pjob_c2f552fdd329492688a0c12dfedf0f53.diagnostic_audio.wav
680014	2026-06-18 15:54	/home/jacobw/YTchannel/assets/media/prod_50dbd7a7a9c04fe3970ce963e4ae632f/pjob_5ce4038521c44453b8f649d1ec9a1b54.diagnostic_audio.wav
680014	2026-06-18 15:54	/home/jacobw/YTchannel/assets/media/prod_61c4bd4522184d47bf0a6eca6f080769/pjob_527e0469a1de43d8a03efa040bef4565.diagnostic_audio.wav
680014	2026-06-18 15:55	/home/jacobw/YTchannel/assets/media/prod_eed729ace0df4953b94e50d331d68d80/pjob_cac40162139243bea242d0d2215b509c.diagnostic_audio.wav
680014	2026-06-18 20:42	/home/jacobw/YTchannel/assets/media/prod_e727b1c1a58642eeb2f03cf4ee1d651d/pjob_2395d2b6d47948dcbbcf82b7ca501741.diagnostic_audio.wav
680014	2026-06-18 22:15	/home/jacobw/YTchannel/assets/media/prod_9a44407be0884fd0b9646932fa3a4653/pjob_db9b57834ee14d4ea786a54a0a9b0ba7.diagnostic_audio.wav
680014	2026-06-18 22:15	/home/jacobw/YTchannel/assets/media/prod_dddea302002642dea824d52778908b72/pjob_3dc49d08f1e34ec7858ee5c7ed18b32f.diagnostic_audio.wav
680014	2026-06-18 22:16	/home/jacobw/YTchannel/assets/media/prod_8570f117bbd3480386fed01152f0e70e/pjob_419ed807a8ce4bf8af1369cbedf10250.diagnostic_audio.wav
680014	2026-06-18 22:16	/home/jacobw/YTchannel/assets/media/prod_e018e872c8bd43c0a870fa1bf6ebe168/pjob_0eee7a3940094c188d7df50ddaabea6f.diagnostic_audio.wav
680014	2026-06-18 22:17	/home/jacobw/YTchannel/assets/media/prod_0237c58c2d5c4e8a8079f82fc7aa0781/pjob_1199d9b6161f41ffae4b76c861647ebd.diagnostic_audio.wav
680014	2026-06-18 22:17	/home/jacobw/YTchannel/assets/media/prod_a87095ec9d774454b82ce86e1032f815/pjob_d658478ade24443d9d474de1f9cf19e0.diagnostic_audio.wav
680014	2026-06-18 22:17	/home/jacobw/YTchannel/assets/media/prod_f36bcfd4ca3a4fefaad5e94ac20aef39/pjob_d29f92e6b96a4237856480fe5fbdb64e.diagnostic_audio.wav
680014	2026-06-18 22:18	/home/jacobw/YTchannel/assets/media/prod_867e103a663c4aa7b5d277ef206b1acb/pjob_47ded7d61e61426e9d8f56b5a6c491b9.diagnostic_audio.wav
680014	2026-06-18 22:18	/home/jacobw/YTchannel/assets/media/prod_e34cb8f1b07242a7bf59428184a5d486/pjob_715e1daf008241a1b66f41bac317584d.diagnostic_audio.wav
680014	2026-06-18 22:18	/home/jacobw/YTchannel/assets/media/prod_ed21b4251e1f492f96afbb03427ae90f/pjob_62ca0dcd7e284e9282e943a6d00ae508.diagnostic_audio.wav
680014	2026-06-18 22:54	/home/jacobw/YTchannel/assets/media/prod_b7d357368b854f09ab2b1e51fb6755af/pjob_4f5c48a76c3c463189902b883e0cb93d.diagnostic_audio.wav
680014	2026-06-18 22:55	/home/jacobw/YTchannel/assets/media/prod_4b35c4a3e2c74fe98af667a7f0538c3c/pjob_7a25fcead9ad43f6879867e19586df11.diagnostic_audio.wav
680014	2026-06-18 22:56	/home/jacobw/YTchannel/assets/media/prod_737fcc3f5acb45c291035057d1237e65/pjob_272edd277ba74f9b98035cc01d9d37ac.diagnostic_audio.wav
680014	2026-06-18 22:58	/home/jacobw/YTchannel/assets/media/prod_2e49c8856f1945aa8e9bd9394a72380e/pjob_c7a28f889c724906b7c2fef4cc04fb65.diagnostic_audio.wav
680014	2026-06-18 22:58	/home/jacobw/YTchannel/assets/media/prod_7375f0abcf64475e8962e34aae5186e1/pjob_7cb6f8c3fdb74792ae6c1a51586cbc6b.diagnostic_audio.wav
680014	2026-06-18 22:59	/home/jacobw/YTchannel/assets/media/prod_16cddc99a1994feeb9113d189fa01ad4/pjob_07b291b5f58f4be5bc1d6682a9d8723b.diagnostic_audio.wav
680014	2026-06-18 22:59	/home/jacobw/YTchannel/assets/media/prod_6a1c0626f824496796435d75606c7be0/pjob_53c10d29cdf746c4993310a818bbc512.diagnostic_audio.wav
680014	2026-06-18 22:59	/home/jacobw/YTchannel/assets/media/prod_b167e40b02c243498aa23effd8683ff8/pjob_55e197f2042c4b1a800073c2c6d0b1d5.diagnostic_audio.wav
680014	2026-06-18 23:00	/home/jacobw/YTchannel/assets/media/prod_79338b995dc6487dbd4abe6822418b68/pjob_3678812ffae14dea8966d4833a0db1cb.diagnostic_audio.wav
680014	2026-06-18 23:00	/home/jacobw/YTchannel/assets/media/prod_9efc18c614f241ef86e76b06659bdae8/pjob_d4b9ec4bad1640ae9159ffa635f39bd4.diagnostic_audio.wav
680014	2026-06-18 23:01	/home/jacobw/YTchannel/assets/media/prod_3efdd2e2113445c3b526165ba717f9fd/pjob_38b44f8656624cd09e4ef25bbdb9ca54.diagnostic_audio.wav
680014	2026-06-18 23:01	/home/jacobw/YTchannel/assets/media/prod_49d080e4b2184cbfac4dc655582efc3e/pjob_ffb6d5dd2f14465bb04dba1c485ef586.diagnostic_audio.wav
680014	2026-06-18 23:01	/home/jacobw/YTchannel/assets/media/prod_4fb859af4f3547f2af7e76df3f1ffe87/pjob_fe22c7d2e7064f90a449889808013a3f.diagnostic_audio.wav
680014	2026-06-18 23:12	/home/jacobw/YTchannel/assets/media/prod_6652c31420564ba58d276b22007cb8fa/pjob_cfa93e35c5234f438868cfa1b7f0cdf0.diagnostic_audio.wav
680014	2026-06-18 23:12	/home/jacobw/YTchannel/assets/media/prod_9cdabc71b002430aac4a049f46a3dd72/pjob_918e2c8f05b247ec8fcbf915e155b184.diagnostic_audio.wav
680014	2026-06-18 23:12	/home/jacobw/YTchannel/assets/media/prod_ea2bead949cd4098a5781ebee78b3bea/pjob_10ed56e7455c4c13ae283b10789e4c92.diagnostic_audio.wav
680014	2026-06-18 23:13	/home/jacobw/YTchannel/assets/media/prod_40b2f9d2904341c58488ac21ea337986/pjob_067850418a4641118defb7aadcba0e7c.diagnostic_audio.wav
680014	2026-06-18 23:13	/home/jacobw/YTchannel/assets/media/prod_475eff1a9f634a22a3d6174f0eb753ec/pjob_e7b7f619730e4dddb1e86d7ac68db984.diagnostic_audio.wav
680014	2026-06-18 23:13	/home/jacobw/YTchannel/assets/media/prod_a13585846dd5400cbb2a41924986fdba/pjob_a6a20a5abaf44155a3e676348faf6bc3.diagnostic_audio.wav
680014	2026-06-18 23:14	/home/jacobw/YTchannel/assets/media/prod_0bea10879f6d4d778daffc01ae634f91/pjob_1a48455bc47941d2b0babbe24e44ab9f.diagnostic_audio.wav
680014	2026-06-18 23:14	/home/jacobw/YTchannel/assets/media/prod_6cba656e5d0740199940c7fcaf1b922a/pjob_9c3dbea4a424443eb08f28e1259c0078.diagnostic_audio.wav
680014	2026-06-18 23:15	/home/jacobw/YTchannel/assets/media/prod_4ad58158c2a147d8966e201111fb9e82/pjob_ac2a57ebbe5a4ef6a40179ed57ec745d.diagnostic_audio.wav
680014	2026-06-18 23:15	/home/jacobw/YTchannel/assets/media/prod_f354504a50fd4c2c8c84d52917f60ee0/pjob_0319315796264ed49f87089ca8715a32.diagnostic_audio.wav
680014	2026-06-18 23:25	/home/jacobw/YTchannel/assets/media/prod_69a2c309c7b64c9b8499af2df4a3cebd/pjob_573d76c2c9df411c992494b3648f5208.diagnostic_audio.wav
680014	2026-06-18 23:25	/home/jacobw/YTchannel/assets/media/prod_99333fb362f847cbacda9d68691dee35/pjob_3db79379ca624beaabce8c73ef2ee35e.diagnostic_audio.wav
680014	2026-06-18 23:25	/home/jacobw/YTchannel/assets/media/prod_db5da16735f941f2b4909d0e05ebf919/pjob_81043c6a193b49c48022a3658a486c8f.diagnostic_audio.wav
680014	2026-06-18 23:26	/home/jacobw/YTchannel/assets/media/prod_7f910cddf19243969df68c97dc93b323/pjob_c79d534a8a9548c78a922c7d7f76a4f1.diagnostic_audio.wav
680014	2026-06-18 23:26	/home/jacobw/YTchannel/assets/media/prod_df62dcd0215f44719ff52efd7372138c/pjob_0f8787d83357476c96883dfe0b684d62.diagnostic_audio.wav
680014	2026-06-18 23:27	/home/jacobw/YTchannel/assets/media/prod_1d081de0921e43958d72e72e0a440199/pjob_ecedefe1eb1c437a95c2f33ab0a2cb23.diagnostic_audio.wav
680014	2026-06-18 23:27	/home/jacobw/YTchannel/assets/media/prod_57bfb668970646cba19c3a9e89f71e3f/pjob_b8baf436e8c8471b8bcde05a69e940b5.diagnostic_audio.wav
680014	2026-06-18 23:27	/home/jacobw/YTchannel/assets/media/prod_a8ef94f38ef04b66a2234febfafed1c0/pjob_0b835ca4788f47c097b864d9cbed8fb5.diagnostic_audio.wav
680014	2026-06-18 23:28	/home/jacobw/YTchannel/assets/media/prod_45a2571564a84b18b2e3cde11923e340/pjob_02d6ea52d3ea4783a553e58bab407230.diagnostic_audio.wav
680014	2026-06-18 23:28	/home/jacobw/YTchannel/assets/media/prod_7652df036c1542ca8e24fcbd4d11e206/pjob_6ae6c39d9b5c4e7a9ab06135064636a8.diagnostic_audio.wav
680014	2026-06-18 23:40	/home/jacobw/YTchannel/assets/media/prod_49a1513de5eb497586cd5d57d1c5a776/pjob_d840a16013fb47a7acec941c5463bd8b.diagnostic_audio.wav
680014	2026-06-18 23:40	/home/jacobw/YTchannel/assets/media/prod_4d81d170d13c4008a67262918323df0e/pjob_b5a5e6e2cd134eb083d27bb565a4691e.diagnostic_audio.wav
680014	2026-06-18 23:40	/home/jacobw/YTchannel/assets/media/prod_53c3ac032c0749dc990604ae52ddd170/pjob_9926bdc7821b410dbf3da2cd695b6c53.diagnostic_audio.wav
680014	2026-06-18 23:41	/home/jacobw/YTchannel/assets/media/prod_1ffeee5cc4084ce1be0169db2f2251e8/pjob_8848befb5aac47bd9d70493fb9b4f4cc.diagnostic_audio.wav
680014	2026-06-18 23:41	/home/jacobw/YTchannel/assets/media/prod_c9ac4d5ef82b4a768a72a94d724f5ea7/pjob_74b0f0d630034636850e20a142707bdd.diagnostic_audio.wav
680014	2026-06-18 23:42	/home/jacobw/YTchannel/assets/media/prod_30a3ecdc64b14829a9e7a852c2d613e4/pjob_a3a51fc9832740fcb7b238b74ef92558.diagnostic_audio.wav
680014	2026-06-18 23:42	/home/jacobw/YTchannel/assets/media/prod_332bce2d2b5b4e75bb3f972a64dcd934/pjob_c61119dab4394bc4903b6599ed22197d.diagnostic_audio.wav
680014	2026-06-18 23:42	/home/jacobw/YTchannel/assets/media/prod_cc2780bdcab24d5e920bce74965cbaa1/pjob_6f3a568e53b848e8a8c49fedf9e743d6.diagnostic_audio.wav
680014	2026-06-18 23:43	/home/jacobw/YTchannel/assets/media/prod_00835f2a12124b48a9e8a530fff19568/pjob_85f0eaaef1f34f15a08724d7a312b31d.diagnostic_audio.wav
680014	2026-06-18 23:43	/home/jacobw/YTchannel/assets/media/prod_4178f27a7efb473192c9f8c878eba2ed/pjob_749a1787a6054c7994cdd23c9a2350f0.diagnostic_audio.wav
680014	2026-06-19 08:08	/home/jacobw/YTchannel/assets/media/prod_5ea4f1b31cd94462892e7bcd47e2bb01/pjob_bf1da298126744e595b703c582cf709f.diagnostic_audio.wav
680014	2026-06-19 08:08	/home/jacobw/YTchannel/assets/media/prod_c6882b847b2d4ae585c68c0d3411259e/pjob_9d90dac0501d48789fb87f320ff20f5a.diagnostic_audio.wav
680014	2026-06-19 08:09	/home/jacobw/YTchannel/assets/media/prod_6e47988edffb4df9b4f34f3a93e3cd07/pjob_9bb00154894b42958b8ce12af1ada334.diagnostic_audio.wav
680014	2026-06-19 08:09	/home/jacobw/YTchannel/assets/media/prod_6ec56def1f854254a5a56a01a7464827/pjob_94b9ee6cdd5e4388984d07e68290e8e3.diagnostic_audio.wav
680014	2026-06-19 08:09	/home/jacobw/YTchannel/assets/media/prod_777c06918d834824b2993395005e2f05/pjob_6cd2b40e9ca047a786f3138bad26f37f.diagnostic_audio.wav
680014	2026-06-19 08:10	/home/jacobw/YTchannel/assets/media/prod_40d11d1b465f4337870a8edece099358/pjob_8a235299f3f84fbe8a6d40c62fef37a9.diagnostic_audio.wav
680014	2026-06-19 08:10	/home/jacobw/YTchannel/assets/media/prod_749fb2f19f9245b3a82fe6e43995f9ac/pjob_94a9e6be9c26482eb8f080522f5ec21c.diagnostic_audio.wav
680014	2026-06-19 08:10	/home/jacobw/YTchannel/assets/media/prod_8356a7f2a35a4512ab5dcc0c0f63ee4f/pjob_1f374b51faea4b7592d41db7a3286f31.diagnostic_audio.wav
680014	2026-06-19 08:11	/home/jacobw/YTchannel/assets/media/prod_43de7bb8cfca49dd944dbdb7d84ce006/pjob_09af7711c55e4db7937e0e92f98ccf9e.diagnostic_audio.wav
680014	2026-06-19 08:11	/home/jacobw/YTchannel/assets/media/prod_5ff2e00656894c75a3ad9adc27b79cf7/pjob_684895a7f7dc4e3b9adfe81ba90acc9b.diagnostic_audio.wav
680014	2026-06-19 08:18	/home/jacobw/YTchannel/assets/media/prod_684eba46893942039b666cc67e4cd73d/pjob_6f9c8506249b4b009727aefd50a3906d.diagnostic_audio.wav
680014	2026-06-19 08:18	/home/jacobw/YTchannel/assets/media/prod_6ab5a8bef46c4a4c9324a316de91e4ec/pjob_b2a539c6dabe44acb229ac16f332dc9e.diagnostic_audio.wav
680014	2026-06-19 08:18	/home/jacobw/YTchannel/assets/media/prod_7786a48194864ff9bd5743ae4a3c6572/pjob_6d84125f82534675a0002ed1551ff114.diagnostic_audio.wav
680014	2026-06-19 08:19	/home/jacobw/YTchannel/assets/media/prod_6fd0edbd4b824c03b219cdd2395682c3/pjob_2fd883eafc6f4fc29f53db649918154d.diagnostic_audio.wav
680014	2026-06-19 08:19	/home/jacobw/YTchannel/assets/media/prod_e27f6b7b5ebb4e8397d10978bf9e931e/pjob_486f092123d94e97a7fae79ca13edcba.diagnostic_audio.wav
680014	2026-06-19 08:20	/home/jacobw/YTchannel/assets/media/prod_ba8726eaa50f43369050d571aa6e71d7/pjob_c1ce21945bbe4b44ad566ba9cc992d37.diagnostic_audio.wav
680014	2026-06-19 08:20	/home/jacobw/YTchannel/assets/media/prod_c344d6b654484962a98a50963579c8ee/pjob_a33ae63d32d14b02a65d1f42a196e790.diagnostic_audio.wav
680014	2026-06-19 08:20	/home/jacobw/YTchannel/assets/media/prod_e5cb898a186c49a7abb428221138c852/pjob_5dfca8f010874b33ba92ded40ef79412.diagnostic_audio.wav
680014	2026-06-19 08:21	/home/jacobw/YTchannel/assets/media/prod_84fa6358c51e4998a3d1d93afe70446f/pjob_cdebf0aeb98649a7be8eb0b9b0bed90d.diagnostic_audio.wav
680014	2026-06-19 08:21	/home/jacobw/YTchannel/assets/media/prod_ab14b740e97843c5b61c7a6271d8878f/pjob_503d06ea9bdd44a7849ef22c5ee2d2fe.diagnostic_audio.wav
680014	2026-06-19 08:21	/home/jacobw/YTchannel/assets/media/prod_de963fdeaa42443685e8dc2c08b5321d/pjob_673c38ee968b4f6eb1e0a28d3217f3eb.diagnostic_audio.wav
680014	2026-06-19 08:22	/home/jacobw/YTchannel/assets/media/prod_5dea1df5413a4776bea6c0ae453e610b/pjob_2d229875bf574b459181b218c4ea667b.diagnostic_audio.wav
680014	2026-06-19 08:22	/home/jacobw/YTchannel/assets/media/prod_8e2b77e8d7134b328430a0c0673d274a/pjob_00d19ebedbfa42cdb4433b4bc9bf108c.diagnostic_audio.wav
680014	2026-06-19 08:23	/home/jacobw/YTchannel/assets/media/prod_225cbc6d67194a3a822c95bde705ca4f/pjob_bce0ec2cfc7a472992c251c14966b284.diagnostic_audio.wav
680014	2026-06-19 12:46	/home/jacobw/YTchannel/assets/media/prod_20b418d1c0934d39a06230e4931379d9/pjob_596d4eda170c438cbf019d1f78f0c49c.diagnostic_audio.wav
680014	2026-06-19 12:46	/home/jacobw/YTchannel/assets/media/prod_894800f9c86c4eeea9b9c45e03612968/pjob_36da1ef5eca2416a80e4e584f7942880.diagnostic_audio.wav
680014	2026-06-19 12:47	/home/jacobw/YTchannel/assets/media/prod_283d100ac1b44859977077b29bca4e5b/pjob_eddca0860f6b491c8987fe0c7ce270ab.diagnostic_audio.wav
680014	2026-06-19 12:47	/home/jacobw/YTchannel/assets/media/prod_9cc6c9ed6a9d43119c9ac4d6b3a14dc1/pjob_dc46b381eb8444eea5222a3039b978fe.diagnostic_audio.wav
680014	2026-06-19 12:48	/home/jacobw/YTchannel/assets/media/prod_3af7333f3e4749d09dedf73f2d55bd6c/pjob_bc4ca95c3f8e401895cfc2cc07c19b6d.diagnostic_audio.wav
680014	2026-06-19 12:48	/home/jacobw/YTchannel/assets/media/prod_6c3aec3b34e54923a710a81c0e82d892/pjob_2bf998a6e6a64a28a54539a675c747bf.diagnostic_audio.wav
680014	2026-06-19 12:48	/home/jacobw/YTchannel/assets/media/prod_a4d18fe3d1c64380afaa016779362234/pjob_e8aef10f134847ce82388a4034584e90.diagnostic_audio.wav
680014	2026-06-19 12:49	/home/jacobw/YTchannel/assets/media/prod_1c713aefdad948e19db81c4af7d8660f/pjob_7b53ba109ed8487598ea95e139355d8a.diagnostic_audio.wav
680014	2026-06-19 12:49	/home/jacobw/YTchannel/assets/media/prod_3de7c84c619741c4816b9ea773b235f9/pjob_9e7b31b1974a49899b924b8f32e69724.diagnostic_audio.wav
680014	2026-06-19 12:50	/home/jacobw/YTchannel/assets/media/prod_bd5e4438ea574dcf98aa75395f64a85e/pjob_62a8fcd089b344d89ab2ef7d8b6aa939.diagnostic_audio.wav
680014	2026-06-19 12:50	/home/jacobw/YTchannel/assets/media/prod_e6c5c0bf88504a65b12b0aae92f6c5bc/pjob_ca1a08fee9fc4ea0981856c38a3c9089.diagnostic_audio.wav
680014	2026-06-19 12:51	/home/jacobw/YTchannel/assets/media/prod_6db0d6ed395e4506b228eb636cb0efa3/pjob_4e5c8d6ce9d34d0d80565210e14d89c9.diagnostic_audio.wav
680014	2026-06-19 12:51	/home/jacobw/YTchannel/assets/media/prod_e705567c019647939eb068ef1fbb4945/pjob_6361383ac6de434884d4c4ef4ce8c26f.diagnostic_audio.wav
680014	2026-06-19 12:52	/home/jacobw/YTchannel/assets/media/prod_2c3f4342aaf74b38a5f7db01a47667d9/pjob_90b89249c7f1433bbbc45d329522a5a9.diagnostic_audio.wav
680014	2026-06-19 12:52	/home/jacobw/YTchannel/assets/media/prod_9b94da2f795047e39de31f63f361a036/pjob_d2369662688146d99d3a3176179da814.diagnostic_audio.wav
680014	2026-06-19 12:52	/home/jacobw/YTchannel/assets/media/prod_d425c8dc33d445679827c4490cc6b616/pjob_743b805a12084371b113a86d55125c7b.diagnostic_audio.wav
680014	2026-06-19 12:53	/home/jacobw/YTchannel/assets/media/prod_4d8e007a6d254163b294532671abf981/pjob_98dba5b4e878469a84156ee54ebafa7a.diagnostic_audio.wav
680014	2026-06-19 12:53	/home/jacobw/YTchannel/assets/media/prod_b3f10fcb72ee49f788190ebc8910602b/pjob_25e0531e193d4c69aff0ce572e99e669.diagnostic_audio.wav
680014	2026-06-19 12:54	/home/jacobw/YTchannel/assets/media/prod_162d66ad0916407d97de7baae5c0ff80/pjob_3831538c2149449382c5757b1c7551ba.diagnostic_audio.wav
680014	2026-06-19 12:54	/home/jacobw/YTchannel/assets/media/prod_d1bdc807f7d04f7590b85d2c2af9af26/pjob_ac8f2698666f49b7859a4d43b76caa10.diagnostic_audio.wav
680014	2026-06-19 12:54	/home/jacobw/YTchannel/assets/media/prod_f5a406af9cc34f9680522a04d191ce75/pjob_47d32b2578ab47278654768ab6ed7959.diagnostic_audio.wav
680014	2026-06-19 13:07	/home/jacobw/YTchannel/assets/media/prod_162ac258871b41c7982b6488a733ad49/pjob_b08c61a9d6654d76b41d924dcc11016b.diagnostic_audio.wav
680014	2026-06-19 13:16	/home/jacobw/YTchannel/assets/media/prod_80ef425d9ea44d1cb922b80145ced67f/pjob_b88aac4e0f1f48b2a516d14966e18202.diagnostic_audio.wav
680014	2026-06-19 13:16	/home/jacobw/YTchannel/assets/media/prod_ec243bb9f158420b9b89ae701ad37e17/pjob_4bce021025194681b41d6597a8804d5f.diagnostic_audio.wav
680014	2026-06-19 13:19	/home/jacobw/YTchannel/assets/media/prod_aab5be43dd114148b2ccd59dcddf7e2a/pjob_db5f6809c7664699be0813e62a75fefa.diagnostic_audio.wav
680014	2026-06-19 13:19	/home/jacobw/YTchannel/assets/media/prod_d4b6cc0fda77443a9e5135d583dcd413/pjob_38658517f1834d8c93dd956859c3aa22.diagnostic_audio.wav
680014	2026-06-19 13:20	/home/jacobw/YTchannel/assets/media/prod_0565fe46d74c485da9e4e18aeb3a6807/pjob_d1cbd877917f4f8b8c488946f5565b8c.diagnostic_audio.wav
680014	2026-06-19 13:20	/home/jacobw/YTchannel/assets/media/prod_75c4747071ad448680beb993573656b8/pjob_a30ea5a43bc04c4989b1513ff0c6dee0.diagnostic_audio.wav
680014	2026-06-19 13:20	/home/jacobw/YTchannel/assets/media/prod_c9c6fcbb747248998ffb3ab78c286640/pjob_4bcbef26de924621b748e3e55b237ed2.diagnostic_audio.wav
680014	2026-06-19 13:21	/home/jacobw/YTchannel/assets/media/prod_20959ffb5ff941808d9a60e9a3c96883/pjob_99f65b0cc937484087acd56f573f4a03.diagnostic_audio.wav
680014	2026-06-19 13:21	/home/jacobw/YTchannel/assets/media/prod_5d852200f6914d2eb533816343275105/pjob_68bac2eadfd140b79321a22f201c7d3e.diagnostic_audio.wav
680014	2026-06-19 13:21	/home/jacobw/YTchannel/assets/media/prod_f136cc36268444f98275a311129fa722/pjob_5eb5157e9f6444329a4beab758b4637e.diagnostic_audio.wav
680014	2026-06-19 13:22	/home/jacobw/YTchannel/assets/media/prod_671ce60ad3c04990ac8d5113134d4029/pjob_f1fe573d1b4645bc857e9b3421a2d0e3.diagnostic_audio.wav
680014	2026-06-19 13:22	/home/jacobw/YTchannel/assets/media/prod_c8ed6368c8444999bd496c7eb0e80f09/pjob_6318d660319d4029956fa8fa2759ff9b.diagnostic_audio.wav
680014	2026-06-19 18:53	/home/jacobw/YTchannel/assets/media/prod_08c6ea48f0e941fea0a02781bc551237/pjob_1a1b1921b65844dc8752a80c76f5a1bc.diagnostic_audio.wav
680014	2026-06-19 18:53	/home/jacobw/YTchannel/assets/media/prod_95a4e65183194339830cb98dd02db0bf/pjob_ac1904caa1514a558463d4d92a348037.diagnostic_audio.wav
680014	2026-06-19 18:53	/home/jacobw/YTchannel/assets/media/prod_c129b57b422c45f98717365bb86dd7e6/pjob_3d702277e033421e98e1a74bd212f453.diagnostic_audio.wav
680014	2026-06-19 18:54	/home/jacobw/YTchannel/assets/media/prod_71490612656a4ccf88929ede6c524c1d/pjob_4ea0fcc2d83d45eba46811d87621e737.diagnostic_audio.wav
680014	2026-06-19 18:54	/home/jacobw/YTchannel/assets/media/prod_9a744a6c113f4fcf972da14f2bfe4dc8/pjob_7380edef02214091bca3d1317ee91a46.diagnostic_audio.wav
680014	2026-06-19 18:54	/home/jacobw/YTchannel/assets/media/prod_dcccae74ac9d4f60a4f289a85cf51ddd/pjob_dbacf5e22dcb4064a3e9ebe9d4c5c97d.diagnostic_audio.wav
680014	2026-06-19 18:55	/home/jacobw/YTchannel/assets/media/prod_00125b262f1145d9a4cb8ce445c57ab6/pjob_3fc02374adbb4f04b722a16832d77cb2.diagnostic_audio.wav
680014	2026-06-19 18:55	/home/jacobw/YTchannel/assets/media/prod_0ba3590d19ce4c24adbf93089fddfce9/pjob_455de5808360469a830c585362babdfa.diagnostic_audio.wav
680014	2026-06-19 18:55	/home/jacobw/YTchannel/assets/media/prod_cf86f52be60443e09c0e82952e00cc54/pjob_c43d32c157fd448fba6bb2c019d81580.diagnostic_audio.wav
680014	2026-06-19 18:56	/home/jacobw/YTchannel/assets/media/prod_555232fb7e86405e84ab21f8498aa5d8/pjob_6747a7bf621a47f4a30c1b122cdaeb0e.diagnostic_audio.wav
680014	2026-06-19 19:03	/home/jacobw/YTchannel/assets/media/prod_0e367de93d9d4243ab309cc4fd8336ef/pjob_4db876f2a71c4b02bcc9163f6736e37a.diagnostic_audio.wav
680014	2026-06-19 19:03	/home/jacobw/YTchannel/assets/media/prod_57d6fe096d6242ab961d5a7f492b0465/pjob_251ac5904fab493eaf2ca48313b20848.diagnostic_audio.wav
680014	2026-06-19 19:04	/home/jacobw/YTchannel/assets/media/prod_6d6733fac48540148d8f7c31f85b0c44/pjob_b687b326dd354d81a6184b1cb8f10aa1.diagnostic_audio.wav
680014	2026-06-19 19:04	/home/jacobw/YTchannel/assets/media/prod_98f9e243122e4e279ccbe50e330fe95f/pjob_c29ecb0f5baf42898e0d8ce5b2aa3582.diagnostic_audio.wav
680014	2026-06-19 19:05	/home/jacobw/YTchannel/assets/media/prod_0a07dbde902643a298fee020f2fda680/pjob_993ae004460745ada20d574a83d14265.diagnostic_audio.wav
680014	2026-06-19 19:05	/home/jacobw/YTchannel/assets/media/prod_a3aa680c8ba34d1c81959db4b6fe0309/pjob_6880df5d74604034a04c5000f1439174.diagnostic_audio.wav
680014	2026-06-19 19:05	/home/jacobw/YTchannel/assets/media/prod_e4d34c2f40f04a8bb78c9f21440bf788/pjob_51c4f825a7d44df99ec99b38ddc5a200.diagnostic_audio.wav
680014	2026-06-19 19:06	/home/jacobw/YTchannel/assets/media/prod_0a95a5fd39ba47b8b64086b6148c6ad6/pjob_199c0efe30f746dbbff58d9f3b593f2f.diagnostic_audio.wav
680014	2026-06-19 19:06	/home/jacobw/YTchannel/assets/media/prod_28271ef8f4624e6295f793c3369e14df/pjob_9c9fa4843d214ddcae69ff6356bff7b6.diagnostic_audio.wav
680014	2026-06-19 19:06	/home/jacobw/YTchannel/assets/media/prod_6770b8024aa9421b92e4d6945e12b806/pjob_870fa66f8e974930ac53aa0feeb098ea.diagnostic_audio.wav
680014	2026-06-19 19:17	/home/jacobw/YTchannel/assets/media/prod_4453ec8e6f8b462487b4447d09b5ff60/pjob_6093eec7b1a545459e1482aabf7836a1.diagnostic_audio.wav
680014	2026-06-19 19:17	/home/jacobw/YTchannel/assets/media/prod_bc6cea42f956485a8ceecd80455a0543/pjob_0739adc5c79f4a5ab6fd877092a6965b.diagnostic_audio.wav
680014	2026-06-19 19:18	/home/jacobw/YTchannel/assets/media/prod_39c4e58227f4400dadc4e84d1d3b4227/pjob_db6c613eb6b846259350367b417d3c90.diagnostic_audio.wav
680014	2026-06-19 19:18	/home/jacobw/YTchannel/assets/media/prod_b0b702d0f2fe452f8358fd2c79de6368/pjob_41454f71d65544429403cb2d98463572.diagnostic_audio.wav
680014	2026-06-19 19:18	/home/jacobw/YTchannel/assets/media/prod_dadafce6e70f472bb74b1a5e1827a12f/pjob_b0a3ed356b1142b89aba374031a35a32.diagnostic_audio.wav
680014	2026-06-19 19:19	/home/jacobw/YTchannel/assets/media/prod_76aa7211e0d7486eb72ea44e8a36780a/pjob_5fcdfbcc0cc548b8adfe4237b0ebbce1.diagnostic_audio.wav
680014	2026-06-19 19:19	/home/jacobw/YTchannel/assets/media/prod_f6747b4b6f184f37adc7639c26a23431/pjob_b12839e7075c4820b1524d4e8f03328a.diagnostic_audio.wav
680014	2026-06-19 19:20	/home/jacobw/YTchannel/assets/media/prod_2043fd54473d4811a9d47d57be56d6ed/pjob_af45fe476427454893dfc3e0c2094a21.diagnostic_audio.wav
680014	2026-06-19 19:20	/home/jacobw/YTchannel/assets/media/prod_3d7bf9d1973543ab896394338e8a1b1b/pjob_6b2d34a53968479c8fd1781eb136a7c9.diagnostic_audio.wav
680014	2026-06-19 19:20	/home/jacobw/YTchannel/assets/media/prod_ecb22ee185dc4374b468deced21fbcfc/pjob_db183c5888a7483fb28821a38c2347c0.diagnostic_audio.wav
680014	2026-06-19 19:39	/home/jacobw/YTchannel/assets/media/prod_220300aa770d4c14b4bc9e6574c2b54c/pjob_437e489a141345a4b4aebf3c0471e00c.diagnostic_audio.wav
680014	2026-06-19 19:40	/home/jacobw/YTchannel/assets/media/prod_2796a3fce6c142de86e19fb2d5f67818/pjob_4fa4e2ad578d4a2692ae0ac2ef7ce674.diagnostic_audio.wav
680014	2026-06-19 19:40	/home/jacobw/YTchannel/assets/media/prod_3aa59068fc3145279e8f4578e6207c72/pjob_f5602e19bf724294bdd81d7d96493466.diagnostic_audio.wav
680014	2026-06-19 19:40	/home/jacobw/YTchannel/assets/media/prod_4ed19df225814b6b9638589fc1fa5af7/pjob_28fea923628e4ade9bd03cf024a8f9ec.diagnostic_audio.wav
680014	2026-06-19 19:41	/home/jacobw/YTchannel/assets/media/prod_42c0de4c8dd840b897b286d51edfae49/pjob_5acd64bef92046f9af22cd1ed51d2192.diagnostic_audio.wav
680014	2026-06-19 19:41	/home/jacobw/YTchannel/assets/media/prod_c4f413693b344fc28b50663c84e51dd1/pjob_eb5536a1b5a641e68b927f04fdea9017.diagnostic_audio.wav
680014	2026-06-19 19:41	/home/jacobw/YTchannel/assets/media/prod_ebff8bf5665d4fe3acff4ce556ea7ad5/pjob_5918169977ae44aab3b5c6def58d48bb.diagnostic_audio.wav
680014	2026-06-19 19:42	/home/jacobw/YTchannel/assets/media/prod_1e233ed85b174658bcf44f5935358143/pjob_48085d69aa0f4f0eb944279275d016fb.diagnostic_audio.wav
680014	2026-06-19 19:42	/home/jacobw/YTchannel/assets/media/prod_93133568867345f1a9a9aa51e16dd36b/pjob_1109a946639d41eb86ccaba1d6518f4f.diagnostic_audio.wav
680014	2026-06-19 19:43	/home/jacobw/YTchannel/assets/media/prod_0808982affb746e381de3e910c30d17b/pjob_0187accc9a5e4abc823022d0dddd36b8.diagnostic_audio.wav
680014	2026-06-19 19:49	/home/jacobw/YTchannel/assets/media/prod_e02f7e8abf674ece817787c8b514fed7/pjob_ffbd8dfc8af249d3b571eed86e027c1a.diagnostic_audio.wav
680014	2026-06-19 19:50	/home/jacobw/YTchannel/assets/media/prod_493da69f47c94d5bb72379ec51551fe6/pjob_5d39e71919884de786553f8187945423.diagnostic_audio.wav
680014	2026-06-19 19:50	/home/jacobw/YTchannel/assets/media/prod_983848972bf248569ede549142badb95/pjob_822ef5c9cbcc468db1a355efbcbb0b38.diagnostic_audio.wav
680014	2026-06-19 19:50	/home/jacobw/YTchannel/assets/media/prod_d13c0138d1154baa96a7a94e2dd6e6d5/pjob_f013da80f1aa48469f0591fb011b34b2.diagnostic_audio.wav
680014	2026-06-19 19:51	/home/jacobw/YTchannel/assets/media/prod_12dfe650881e401097938c271ce947ea/pjob_8e973807ad32485bb084e507903f0e5b.diagnostic_audio.wav
680014	2026-06-19 19:51	/home/jacobw/YTchannel/assets/media/prod_267feb24ced442e78c98d417603ce8c3/pjob_89565118eabb44e2907ef23f71620862.diagnostic_audio.wav
680014	2026-06-19 19:52	/home/jacobw/YTchannel/assets/media/prod_025f66afcc744bfba81a67a6969c4457/pjob_73cf0e26540544d591aeeb17cfb59454.diagnostic_audio.wav
680014	2026-06-19 19:52	/home/jacobw/YTchannel/assets/media/prod_5439dde64f3a42558530d30a479c3bbd/pjob_bb030b4519644b5aa226ed00640b0f65.diagnostic_audio.wav
680014	2026-06-19 19:52	/home/jacobw/YTchannel/assets/media/prod_a083e53e5e8f42549912f5fdfc433251/pjob_02e813183edb4fec9023735f5dea0221.diagnostic_audio.wav
680014	2026-06-19 19:53	/home/jacobw/YTchannel/assets/media/prod_14bbe2538d1645fbbe58d1fa60352da5/pjob_732e4740b9df4ac780901ed551e93572.diagnostic_audio.wav
680014	2026-06-19 19:57	/home/jacobw/YTchannel/assets/media/prod_519dc4a8cf7f47f0a5de02a83e8c3a71/pjob_331f7c8738a946208a9d091cfb2896e1.diagnostic_audio.wav
680014	2026-06-19 19:57	/home/jacobw/YTchannel/assets/media/prod_a0f03a606d2945e7be7a34471a66909e/pjob_e64c65a4de5b4bc9bbe704c2be346c12.diagnostic_audio.wav
680014	2026-06-19 19:57	/home/jacobw/YTchannel/assets/media/prod_e93e110688bf4cde9d4f3f7930fcc526/pjob_09b308e88fdb41e8aa7b243a52bc36c1.diagnostic_audio.wav
680014	2026-06-19 19:58	/home/jacobw/YTchannel/assets/media/prod_1c44026f08c74f11a65a50ba6bd0c485/pjob_697b9247f56840e9a510698835255c3b.diagnostic_audio.wav
680014	2026-06-19 19:58	/home/jacobw/YTchannel/assets/media/prod_73dc967131684eb4afdb7aadebfbb370/pjob_d5066d4e532945f3bf3cc5934bb94597.diagnostic_audio.wav
680014	2026-06-19 19:58	/home/jacobw/YTchannel/assets/media/prod_760cd5086fd9487d8932cc9c8698cb3a/pjob_9ec3f1cc64e34e88a99b6be75c91ef0a.diagnostic_audio.wav
680014	2026-06-19 19:59	/home/jacobw/YTchannel/assets/media/prod_049a38a44a284fdca776fb4615b4d69d/pjob_a1630ec44b6a498581ca500cc4212a17.diagnostic_audio.wav
680014	2026-06-19 19:59	/home/jacobw/YTchannel/assets/media/prod_9ccb0eec2206406595d3881d9d5993bf/pjob_0b99698777a441d3b4307dcbab510631.diagnostic_audio.wav
680014	2026-06-19 20:00	/home/jacobw/YTchannel/assets/media/prod_1e345fbb1e8b4a05a1fbf51bc578cf41/pjob_69a5e24c61a2473a905f90352c80a9fc.diagnostic_audio.wav
680014	2026-06-19 20:00	/home/jacobw/YTchannel/assets/media/prod_32481839eec2401fac0a93149bb18a71/pjob_8eebfd999ba94a44b34d2e0e740f6ba3.diagnostic_audio.wav
680014	2026-06-19 20:02	/home/jacobw/YTchannel/assets/media/prod_c31f31b90df3479484a4d913bdcb317a/pjob_66f2b5b7798049caa059c0c22e2f1ca5.diagnostic_audio.wav
680014	2026-06-19 20:03	/home/jacobw/YTchannel/assets/media/prod_33957c2a2ed44348a13c1ff3248f3621/pjob_0c2beec6ba2547dd8f58800ca5313586.diagnostic_audio.wav
680014	2026-06-19 20:03	/home/jacobw/YTchannel/assets/media/prod_903cea29580d4a83a2f4c03a71f4518c/pjob_24f6ec5dd652477b8cd107f13ecc133d.diagnostic_audio.wav
680014	2026-06-19 20:03	/home/jacobw/YTchannel/assets/media/prod_9de114e18d51471187f5ef0b50e2f55f/pjob_c00dd9d3a0c94f9e8ae2130620fded9a.diagnostic_audio.wav
680014	2026-06-19 20:04	/home/jacobw/YTchannel/assets/media/prod_3efc876016ab4eeeb7e250855f8e9b62/pjob_bc8594c711b0459e81e23265e7cf4096.diagnostic_audio.wav
680014	2026-06-19 20:04	/home/jacobw/YTchannel/assets/media/prod_6ac7d1431ad2472aa7d4aa3d679ea417/pjob_eeaccf694d3a4b1a97e7a06a60160337.diagnostic_audio.wav
680014	2026-06-19 20:05	/home/jacobw/YTchannel/assets/media/prod_805753db7b614693b82fe1d7727a1dcc/pjob_291251e379e841a097317b5b274925fe.diagnostic_audio.wav
680014	2026-06-19 20:05	/home/jacobw/YTchannel/assets/media/prod_a85748e521984a34840b88bbb772a9e4/pjob_6ffc835671334e0ebd95027c9b6e535d.diagnostic_audio.wav
680014	2026-06-19 20:05	/home/jacobw/YTchannel/assets/media/prod_ca31abc946c54a22813c294f683db460/pjob_e863d314cd8c44a2997289a457727cd5.diagnostic_audio.wav
680014	2026-06-19 20:06	/home/jacobw/YTchannel/assets/media/prod_6a5092adeda94738a07adbb3a064929e/pjob_d3991256c2914b2684fd3a4623098619.diagnostic_audio.wav
680014	2026-06-19 20:09	/home/jacobw/YTchannel/assets/media/prod_692321caf5654d399dfd39a4b888b770/pjob_b9dec77fb2f54426b4cac9ebbd8d804f.diagnostic_audio.wav
680014	2026-06-19 20:09	/home/jacobw/YTchannel/assets/media/prod_bc31c361e4fa4ae78b511adbd4cf6b93/pjob_9b34f352a5ff44be8eb7859b7c6981c0.diagnostic_audio.wav
680014	2026-06-19 20:09	/home/jacobw/YTchannel/assets/media/prod_ffd94a0c51a24e1b921b8f9452e7edd6/pjob_1452db8d2ba3447c869b67e5d004420b.diagnostic_audio.wav
680014	2026-06-19 20:10	/home/jacobw/YTchannel/assets/media/prod_2c700e67bd724b58bb43c35acbf0f2da/pjob_36abb46d5bb74ff980da21f7ba51a46b.diagnostic_audio.wav
680014	2026-06-19 20:10	/home/jacobw/YTchannel/assets/media/prod_a1035338b7e94134b753745ad68a898e/pjob_45b104f4417f48a9933705f9e3d1ad22.diagnostic_audio.wav
680014	2026-06-19 20:11	/home/jacobw/YTchannel/assets/media/prod_895f29390b8545c4a4b64c4b3ed76216/pjob_502223161be9449a9198b74019e5caf0.diagnostic_audio.wav
680014	2026-06-19 20:11	/home/jacobw/YTchannel/assets/media/prod_8a93a833990d46e394065a37acc2682e/pjob_2e62b19c3a154c5ba11e68ca4f7160df.diagnostic_audio.wav
680014	2026-06-19 20:11	/home/jacobw/YTchannel/assets/media/prod_efc17259c89443c9a3b7b7cd7a1607a8/pjob_5b853b10468a475fb0a0d83a2fba227e.diagnostic_audio.wav
680014	2026-06-19 20:12	/home/jacobw/YTchannel/assets/media/prod_1778b1138c8944fb8b97ce739c70035d/pjob_04f5e1807d15484ba42a4d6473d0646d.diagnostic_audio.wav
680014	2026-06-19 20:12	/home/jacobw/YTchannel/assets/media/prod_2799d2809f56439097f05ba396d38600/pjob_b9932cda05a3492cba12aaec1c5f6c75.diagnostic_audio.wav
680014	2026-06-19 20:22	/home/jacobw/YTchannel/assets/media/prod_a67aa61adfaf452a97cc201b32198d35/pjob_ca329678d9a04fd791bb8b11e2776578.diagnostic_audio.wav
680014	2026-06-19 20:22	/home/jacobw/YTchannel/assets/media/prod_ca9c0218cb0543fd89166f3bc248b165/pjob_75b3e22cd717486181bc832d49b8ca5e.diagnostic_audio.wav
680014	2026-06-19 20:24	/home/jacobw/YTchannel/assets/media/prod_2c2c47cca6ca446b8a5b7231d1aefe65/pjob_2849f20962274207a2f0f0c72ae0f606.diagnostic_audio.wav
680014	2026-06-19 20:24	/home/jacobw/YTchannel/assets/media/prod_4a5b862c6a9b4967833661c2dd99c7de/pjob_99644a4d651b43abb6af7107b680003d.diagnostic_audio.wav
680014	2026-06-19 20:24	/home/jacobw/YTchannel/assets/media/prod_e0cd0254d68a4b21847fd9590fb0d449/pjob_97869c22205d45dbb5934c2159026231.diagnostic_audio.wav
680014	2026-06-19 20:25	/home/jacobw/YTchannel/assets/media/prod_61fed504fc0046c782fbcbf8b2dadf53/pjob_90e6648546bf453b8c208b93a574b819.diagnostic_audio.wav
680014	2026-06-19 20:25	/home/jacobw/YTchannel/assets/media/prod_858ef20990524298ac201ac8b4d2aecd/pjob_440959c6ee4a4fe7a00dd08741a7db32.diagnostic_audio.wav
680014	2026-06-19 20:26	/home/jacobw/YTchannel/assets/media/prod_aef52c4ebaf442aca3f9e210298c0e2f/pjob_dd1248eb38054492bcc8f72054a53181.diagnostic_audio.wav
680014	2026-06-19 20:26	/home/jacobw/YTchannel/assets/media/prod_c725c285e0f14ed7b01effb9ff36a357/pjob_efa4b0ccaf064907b9ae236e0f6d099d.diagnostic_audio.wav
680014	2026-06-19 20:26	/home/jacobw/YTchannel/assets/media/prod_fde19c883a704160bb9cc38df243c1c2/pjob_9f15177a86c34026990d60896b24074f.diagnostic_audio.wav
680014	2026-06-19 20:27	/home/jacobw/YTchannel/assets/media/prod_0ad7840465fb414ca61ed01960f55013/pjob_658ff44db12d43538faa8378d4918901.diagnostic_audio.wav
680014	2026-06-19 20:27	/home/jacobw/YTchannel/assets/media/prod_aaba4acb5fd8454eaf9811f40b717c62/pjob_20fb038d6d44428bad054754ea586bfb.diagnostic_audio.wav
680014	2026-06-19 20:36	/home/jacobw/YTchannel/assets/media/prod_13fa37fcfb784eb3840cdadb7f5dc98b/pjob_0fd1635ca9974fc69354c377008325de.diagnostic_audio.wav
680014	2026-06-19 20:36	/home/jacobw/YTchannel/assets/media/prod_7411eef494644be4a8b27e5bd0a4f924/pjob_ec68c5c328f944319919ed4205643567.diagnostic_audio.wav
680014	2026-06-19 20:38	/home/jacobw/YTchannel/assets/media/prod_1812d3a886f149f984b42c9b99715e5b/pjob_9e9afecf76a6492da30bd2fc8fe8ab1b.diagnostic_audio.wav
680014	2026-06-19 20:38	/home/jacobw/YTchannel/assets/media/prod_7a2207f53a434a78b0a4843b80b5ad46/pjob_f463d9d75f4447848cb41919d7665054.diagnostic_audio.wav
680014	2026-06-19 20:39	/home/jacobw/YTchannel/assets/media/prod_2ce6583fd9cf4629a4019ebc641baa18/pjob_817de17a53384fda884f73c5a05af02f.diagnostic_audio.wav
680014	2026-06-19 20:39	/home/jacobw/YTchannel/assets/media/prod_8a12bf0ca4c643b6a24c613fb41db1ab/pjob_473e02f3944b451a87ff162ca3ada5c7.diagnostic_audio.wav
680014	2026-06-19 20:39	/home/jacobw/YTchannel/assets/media/prod_c90cdb1475844d50bb0414776690adaa/pjob_4ec1bf5068624f06b028fb9bfa081ba8.diagnostic_audio.wav
680014	2026-06-19 20:40	/home/jacobw/YTchannel/assets/media/prod_20fcb00a9ccf41e1b5fadb42471d34ec/pjob_ffa0b95163e04225bfeab4d0e0a4f9a5.diagnostic_audio.wav
680014	2026-06-19 20:40	/home/jacobw/YTchannel/assets/media/prod_30d67b5affc54818b14919623e2ea90f/pjob_54d0ecdd85f3483ea66829117664e705.diagnostic_audio.wav
680014	2026-06-19 20:40	/home/jacobw/YTchannel/assets/media/prod_ba43fa07486f4ad2b8556d3571430521/pjob_43509b2869284b7cbd372d42496295a9.diagnostic_audio.wav
680014	2026-06-19 20:41	/home/jacobw/YTchannel/assets/media/prod_35cfe0a0823b41f4ac0f5b75d768a6bf/pjob_1dee7a8552e94676a567de43edd11534.diagnostic_audio.wav
680014	2026-06-19 20:41	/home/jacobw/YTchannel/assets/media/prod_aa101554b9d840a6b85c881a472da126/pjob_5fe2928f1b6a479e9832cebf45345570.diagnostic_audio.wav
680014	2026-06-19 21:14	/home/jacobw/YTchannel/assets/media/prod_2a0d613df2204ee1937630f801a1cf1f/pjob_113a86253be94a44aee90a4c5f1b8f7e.diagnostic_audio.wav
680014	2026-06-19 21:15	/home/jacobw/YTchannel/assets/media/prod_5b6c3c75e7874ba8a26d4489b9960c97/pjob_cf65cabd62664b0ea1523b37a664678c.diagnostic_audio.wav
680014	2026-06-19 21:15	/home/jacobw/YTchannel/assets/media/prod_b3a96d4ecdec4ef0a409aa998f647b27/pjob_a5674ca16f9e40ffa32a05bd9c5912c2.diagnostic_audio.wav
680014	2026-06-19 21:15	/home/jacobw/YTchannel/assets/media/prod_f7ee3c918e594f739333c9e137a7ae51/pjob_093a354e36744bbe8c9db4b4d45dcc9d.diagnostic_audio.wav
680014	2026-06-19 21:16	/home/jacobw/YTchannel/assets/media/prod_83c4bcdfd74f4ab6b9022923f91466d1/pjob_9749664652c14be9bde456fc1b426207.diagnostic_audio.wav
680014	2026-06-19 21:16	/home/jacobw/YTchannel/assets/media/prod_94502a8d336e4515bb8a82fe108b0f51/pjob_6a470113f5db49a09a762e9c36bd36e6.diagnostic_audio.wav
680014	2026-06-19 21:17	/home/jacobw/YTchannel/assets/media/prod_94de3c2f416e4092a238de417d9581ac/pjob_ac29283e20e648d6b2b8c51f8338e93e.diagnostic_audio.wav
680014	2026-06-19 21:17	/home/jacobw/YTchannel/assets/media/prod_a924fa3486b1444d93aa5d4cc34b8732/pjob_16e004db4afd4e33b877fe8c9f6711ec.diagnostic_audio.wav
680014	2026-06-19 21:17	/home/jacobw/YTchannel/assets/media/prod_f38e021ac5a0475bbadc98c0e6c61826/pjob_5d2f5ad15b0b4c8fb97022498f2d96c5.diagnostic_audio.wav
680014	2026-06-19 21:18	/home/jacobw/YTchannel/assets/media/prod_6254acbe63d449f3b0cc39760144411f/pjob_156670c7cf9a4a5296bb0d4e432ced60.diagnostic_audio.wav
680014	2026-06-19 21:27	/home/jacobw/YTchannel/assets/media/prod_d5e48fba1ff44a6a8384fd7e2cd3eba8/pjob_520bcf6ae9654e499d09416242689602.diagnostic_audio.wav
680014	2026-06-19 21:28	/home/jacobw/YTchannel/assets/media/prod_47dbf6922ca74f3a897a7370f1a37429/pjob_1c56d43e6573474ea45577d537c6c696.diagnostic_audio.wav
680014	2026-06-19 21:28	/home/jacobw/YTchannel/assets/media/prod_9c15aac3e4294e0285799583363cbdf1/pjob_2e0f3e58823c485b8ad84e3cc0053663.diagnostic_audio.wav
680014	2026-06-19 21:28	/home/jacobw/YTchannel/assets/media/prod_bfb0bd597bdb491aa6d87d6bc46c8385/pjob_6b7675df862d401a9cac89f389be7403.diagnostic_audio.wav
680014	2026-06-19 21:29	/home/jacobw/YTchannel/assets/media/prod_a6262762cfad4aa29fabefe5804d1701/pjob_199b7d10946343a8acc10cd4fa1707ab.diagnostic_audio.wav
680014	2026-06-19 23:17	/home/jacobw/YTchannel/assets/media/prod_d5c82bb4961241beaedf0fa862fa49e1/pjob_06308d5ebddb4d6e933219f1e5130ae1.diagnostic_audio.wav
680014	2026-06-19 23:18	/home/jacobw/YTchannel/assets/media/prod_5e2f54fba2594da49d7297fa437cb28e/pjob_0b34a750890f4ed095b00845cebcac09.diagnostic_audio.wav
680014	2026-06-19 23:18	/home/jacobw/YTchannel/assets/media/prod_5f0b2790eb8649269c71f9ec9be90531/pjob_32c73dbe2b654377bc4e6b9fdfdf8348.diagnostic_audio.wav
680014	2026-06-19 23:18	/home/jacobw/YTchannel/assets/media/prod_9b353b76def64e26bc4233e3714a0493/pjob_e9ee1b3b2c4f40d18f1de50eb296b9be.diagnostic_audio.wav
680014	2026-06-19 23:19	/home/jacobw/YTchannel/assets/media/prod_1106b39e5ff94640a6e88d9a6f936053/pjob_dd6aa8036abd4cc4ab198665d5d90321.diagnostic_audio.wav
680014	2026-06-19 23:19	/home/jacobw/YTchannel/assets/media/prod_54c45fdceb774de891daf37331f67a71/pjob_dd3dff739d554b6fa6f35b2c910c5836.diagnostic_audio.wav
680014	2026-06-19 23:19	/home/jacobw/YTchannel/assets/media/prod_7904a1dbbd50438f8995e168db022647/pjob_4c743a3b15d645508d0bc8c81ace39ee.diagnostic_audio.wav
680014	2026-06-19 23:20	/home/jacobw/YTchannel/assets/media/prod_00a16f9349194fb3a07cceb67175e173/pjob_5fe1b2e058464c0db60288611964ce7e.diagnostic_audio.wav
680014	2026-06-19 23:20	/home/jacobw/YTchannel/assets/media/prod_c9d4c9f6e906433f9d0983087e8e1898/pjob_713e546f1d804e729696bd7136f7ac06.diagnostic_audio.wav
680014	2026-06-19 23:21	/home/jacobw/YTchannel/assets/media/prod_a52daa8d8e6e4143a200f798d43d80c0/pjob_823692cd4ead4c27a749353aba815784.diagnostic_audio.wav
680014	2026-06-20 00:13	/home/jacobw/YTchannel/assets/media/prod_7c378cef6d6c4d37a5444c35920ac39e/pjob_06017043950347de90078f2b6bc8847f.diagnostic_audio.wav
680014	2026-06-20 00:14	/home/jacobw/YTchannel/assets/media/prod_8e449e5d698b47098799304beb7e0500/pjob_b6433d3581824e12996eda531b151cae.diagnostic_audio.wav
680014	2026-06-20 00:14	/home/jacobw/YTchannel/assets/media/prod_d52f872d75b64aca99df77efbb741e90/pjob_bf428c8e6cf8472cadb4b8c2c6d75b2d.diagnostic_audio.wav
680014	2026-06-20 00:15	/home/jacobw/YTchannel/assets/media/prod_26acbfcf2ea149b68b5c617792256dbc/pjob_61485538e69740fd9845f47946f1ff66.diagnostic_audio.wav
680014	2026-06-20 00:15	/home/jacobw/YTchannel/assets/media/prod_9d268e172b7b44f78020ea995d24b679/pjob_3abbbd3a8a6048bd845d00d43f9f5838.diagnostic_audio.wav
680014	2026-06-20 00:15	/home/jacobw/YTchannel/assets/media/prod_d6c48a4ce7f14ca3835d026d8355734c/pjob_1283b2bfdb6a4dff9a1ed87db804a0cb.diagnostic_audio.wav
680014	2026-06-20 00:16	/home/jacobw/YTchannel/assets/media/prod_094b8ce7e5b94cdbbbb55b1ddb8cb3d4/pjob_0d03570f2bdb46c0988a9d60243a595c.diagnostic_audio.wav
680014	2026-06-20 00:16	/home/jacobw/YTchannel/assets/media/prod_2174a42e9b8f4e0e947851843209fd51/pjob_4ec6a617b7aa41cfb6e8d9ec1397a932.diagnostic_audio.wav
680014	2026-06-20 00:16	/home/jacobw/YTchannel/assets/media/prod_99c5dbdd471a4e2880fc99fd1de4b4e9/pjob_9c7d5af7be4542fc967815a2abbe65bf.diagnostic_audio.wav
680014	2026-06-20 00:17	/home/jacobw/YTchannel/assets/media/prod_c3aea06949084ba0922f6f03744c95ac/pjob_a3aa66afa3e948ba9bd1228c03c55e49.diagnostic_audio.wav
680014	2026-06-20 09:57	/home/jacobw/YTchannel/assets/media/prod_f0b6aafd5b5b4e348fb18481b56b591b/pjob_e37fc9652ccd4173b5a895f1d6768f5d.diagnostic_audio.wav
680014	2026-06-20 10:00	/home/jacobw/YTchannel/assets/media/prod_898b73d50f294f36ba090b717588a470/pjob_0bea5899ce97476da986ca323f7e3103.diagnostic_audio.wav
680014	2026-06-20 10:00	/home/jacobw/YTchannel/assets/media/prod_d6b460e9b63c48b48e8870fb954f9afc/pjob_362ac3b746fd40a6bb014772b9a30939.diagnostic_audio.wav
680014	2026-06-20 10:01	/home/jacobw/YTchannel/assets/media/prod_2f08276a534a4ee6a1039c7d4615250b/pjob_0478f7f6dd984dd0b768ca2f1b6b9bc1.diagnostic_audio.wav
680014	2026-06-20 10:01	/home/jacobw/YTchannel/assets/media/prod_52fb1bb14cf044f6ad97a57b27c49fc4/pjob_8a10afd689a24882b202259bad8801e9.diagnostic_audio.wav
680014	2026-06-20 10:01	/home/jacobw/YTchannel/assets/media/prod_ca6f1bc4b3b240a293d3ab4d7404f320/pjob_b1c4db76871b46ea8b8ad30cb2e98637.diagnostic_audio.wav
680014	2026-06-20 10:02	/home/jacobw/YTchannel/assets/media/prod_3ada3609c11b4d0c8c5f075b26faecbc/pjob_ef9a36ae7ef045919d1c4f02be2de617.diagnostic_audio.wav
680014	2026-06-20 10:02	/home/jacobw/YTchannel/assets/media/prod_e8a19a4160c94de089949cef823fa6a0/pjob_1af363d434434f05b4430633f925b95c.diagnostic_audio.wav
680014	2026-06-20 10:03	/home/jacobw/YTchannel/assets/media/prod_17c4be16ef4c471ebe9c1e3f1888287b/pjob_f3d8a79d6cc84c7bb9f9516f2b423741.diagnostic_audio.wav
680014	2026-06-20 10:03	/home/jacobw/YTchannel/assets/media/prod_c1a325cd3ec04112b34a57a58fb0a9e0/pjob_19784352744a49a3a6e53360d95de442.diagnostic_audio.wav
680014	2026-06-20 10:04	/home/jacobw/YTchannel/assets/media/prod_02b39d2ba4bb4fb2b16a73a3c1128c41/pjob_4e4ed286d86a4a0c9bb85a38740f4f5b.diagnostic_audio.wav
680014	2026-06-20 10:04	/home/jacobw/YTchannel/assets/media/prod_3941980c9d364404ab9f83ba58d2afec/pjob_2b5addcd99c04192aa6b7849d73b76cf.diagnostic_audio.wav
680014	2026-06-20 10:05	/home/jacobw/YTchannel/assets/media/prod_31258b9077684bdea768d6026d444ad1/pjob_c9f1115a75e94351a65df6d92f03976d.diagnostic_audio.wav
680014	2026-06-20 10:05	/home/jacobw/YTchannel/assets/media/prod_49f6ea7c152140dca5d8e4e4d8ae9c59/pjob_ae89cadd54a444f182e17a3eed841960.diagnostic_audio.wav
680014	2026-06-20 10:05	/home/jacobw/YTchannel/assets/media/prod_f50482567652409b9a6ea8d2ef775310/pjob_6c669f9c355141a8aec28fc0d3866ac4.diagnostic_audio.wav
680014	2026-06-20 10:06	/home/jacobw/YTchannel/assets/media/prod_cb55b73372df4b1a8a2f93908c71d25b/pjob_dc422216af8244d290331fc3ee93be7e.diagnostic_audio.wav
680014	2026-06-20 10:07	/home/jacobw/YTchannel/assets/media/prod_04619e1874274aeaa39fcdc383f5306f/pjob_b43b593652ad443ca9f459c1e7fa02d7.diagnostic_audio.wav
680014	2026-06-20 10:07	/home/jacobw/YTchannel/assets/media/prod_86ce3ae54bce45ceafa3e47e0200ef54/pjob_30f9bd7e1a5d42f49770e12134faf472.diagnostic_audio.wav
680014	2026-06-20 10:07	/home/jacobw/YTchannel/assets/media/prod_fdd465eb2b794d43898fb856f36c5edd/pjob_b6f062b6c9c44ca786269ab45aae265b.diagnostic_audio.wav
680014	2026-06-20 10:08	/home/jacobw/YTchannel/assets/media/prod_d51bfde573f448bcb45f0b42aa777388/pjob_61adbf26fc1c4286b3a6a7ad7ee48088.diagnostic_audio.wav
680014	2026-06-20 10:08	/home/jacobw/YTchannel/assets/media/prod_ec691b02bc17448197ddc8c61fc6531f/pjob_169491e4f7174d9c980a089e2fdeb7e9.diagnostic_audio.wav
680014	2026-06-20 10:09	/home/jacobw/YTchannel/assets/media/prod_1b9750aadc394d5ab919295214d383ea/pjob_fe036635146140ef9004d29425eb31e3.diagnostic_audio.wav
680014	2026-06-20 10:09	/home/jacobw/YTchannel/assets/media/prod_6424e08007e8427380c7338d864381bc/pjob_fd2e840dddde4138bac178a856be9aff.diagnostic_audio.wav
680014	2026-06-20 10:09	/home/jacobw/YTchannel/assets/media/prod_c29286260b5b4b4eac8e275b1820d9bf/pjob_f20749616af2468a8970b5bf93c5a3fb.diagnostic_audio.wav
680014	2026-06-20 10:10	/home/jacobw/YTchannel/assets/media/prod_5d76262e84c64f5d9adc2c91760ff98d/pjob_61ec0ed09cb343099297c80e0f8a2e6d.diagnostic_audio.wav
680014	2026-06-20 10:10	/home/jacobw/YTchannel/assets/media/prod_cd0f1bbe731d4852b70fa3bd1f64150d/pjob_846e8e9f243a46499e5cb2ea6c3be74d.diagnostic_audio.wav
680014	2026-06-20 10:11	/home/jacobw/YTchannel/assets/media/prod_4b0a85c982744c98903eb3d36da2c9ff/pjob_fdd6c8358e6547a38e07c3a241d07bcc.diagnostic_audio.wav
680014	2026-06-20 10:11	/home/jacobw/YTchannel/assets/media/prod_b89e63b9c8c44e3fbaf3eecb52705b94/pjob_3607335ca0ae47aab6aaa81d1e42daa4.diagnostic_audio.wav
680014	2026-06-20 10:12	/home/jacobw/YTchannel/assets/media/prod_7a5da6873ec64442aa80aea17dc915eb/pjob_15e3006a8648412bbc5d648a7651ef18.diagnostic_audio.wav
680014	2026-06-20 10:12	/home/jacobw/YTchannel/assets/media/prod_9b583ac32bf44b1898eab2b6fc309c10/pjob_dc8b24ef1aa4447b95da0359f8286bca.diagnostic_audio.wav
680014	2026-06-20 10:12	/home/jacobw/YTchannel/assets/media/prod_cc951ede102440579696fc5c531377b6/pjob_a478e833f18548f5b77a64ce71ede067.diagnostic_audio.wav
680014	2026-06-20 10:13	/home/jacobw/YTchannel/assets/media/prod_5f4d91cc68e94051aa77410f56005383/pjob_6648445bb8304896a8d34d5a83aa9e63.diagnostic_audio.wav
680014	2026-06-20 10:13	/home/jacobw/YTchannel/assets/media/prod_f032d4ef2ef846139f772c5f6e032e8e/pjob_b0217581b8514e5b9f72a8fc0111f184.diagnostic_audio.wav
680014	2026-06-20 10:13	/home/jacobw/YTchannel/assets/media/prod_f18818f435694305b81ab6ac310e5c7f/pjob_4d49f7aef242480daed7ffc3c7cde028.diagnostic_audio.wav
680014	2026-06-20 10:14	/home/jacobw/YTchannel/assets/media/prod_0804e2bca15749f495f0cc7c930d40bc/pjob_75149142a283451497230b5aef790b2a.diagnostic_audio.wav
680014	2026-06-20 10:14	/home/jacobw/YTchannel/assets/media/prod_38c0d49f24ef49ee8aba457814305259/pjob_4b01837bfd214c0199e7f52d0377a42a.diagnostic_audio.wav
680014	2026-06-20 10:38	/home/jacobw/YTchannel/assets/media/prod_a8c740152bac4d15b165b8c6a9cf7d5a/pjob_0d0d1d4d6ed74218b15cdf4bc42e7db3.diagnostic_audio.wav
680014	2026-06-20 10:39	/home/jacobw/YTchannel/assets/media/prod_90632ecfd28f46faa244a4eff593bec9/pjob_fe6580f4719249999fba75ecc9334e4d.diagnostic_audio.wav
680014	2026-06-20 10:39	/home/jacobw/YTchannel/assets/media/prod_c7c345f06d9a46caaf7c201b4fd74e04/pjob_7e61488027cd406da0fd3bda8f4815e9.diagnostic_audio.wav
680014	2026-06-20 10:40	/home/jacobw/YTchannel/assets/media/prod_e80d780c4b144127b8802fc92d2785ca/pjob_609789d08a5e4220970b16db8e09a133.diagnostic_audio.wav
680014	2026-06-20 10:41	/home/jacobw/YTchannel/assets/media/prod_94551e5dbe8049a882735d0bdef67ea3/pjob_abc01eae99f541249a860d9211cd0d4f.diagnostic_audio.wav
680014	2026-06-20 10:41	/home/jacobw/YTchannel/assets/media/prod_c5a20a8587c64360bc14b4d54c84b695/pjob_ebd895263f384cd28202936c09be2807.diagnostic_audio.wav
680014	2026-06-20 10:42	/home/jacobw/YTchannel/assets/media/prod_6ac42e19946e442f9c7a1d43b743b100/pjob_6e2da9dfaf31412db1f2d464fb51cc88.diagnostic_audio.wav
680014	2026-06-20 10:43	/home/jacobw/YTchannel/assets/media/prod_9826604a2ccf4ac5bfcf51707620beac/pjob_bdedb7b689f8452b91c70aca16ae6277.diagnostic_audio.wav
680014	2026-06-20 10:43	/home/jacobw/YTchannel/assets/media/prod_a7993b7252754902ac5979e3192cdb2b/pjob_e18fc1d6aa3045b1a7ee361d48ee87f1.diagnostic_audio.wav
680014	2026-06-20 10:44	/home/jacobw/YTchannel/assets/media/prod_0fd8e1355cb94f11825ca38e39095021/pjob_b414b13cdeea49adad30ce47bee8bb27.diagnostic_audio.wav
680014	2026-06-20 10:44	/home/jacobw/YTchannel/assets/media/prod_6dd1cf431aee4373a2f5191f6fd15a6c/pjob_e965ef1c08cd4f268d8a03ed3d985d62.diagnostic_audio.wav
680014	2026-06-20 10:44	/home/jacobw/YTchannel/assets/media/prod_911b51c63bbb4b7ab66595660a5f5a51/pjob_53bf79a50c0746c9b2010b7e6e964984.diagnostic_audio.wav
680014	2026-06-20 10:45	/home/jacobw/YTchannel/assets/media/prod_a31dcee0fe1e45bd995667659747b9c9/pjob_b50fcf11578a4e6c93a448718d6aa3ae.diagnostic_audio.wav
680014	2026-06-20 10:45	/home/jacobw/YTchannel/assets/media/prod_da141984e2c1468fa671887b59534a15/pjob_63a162119db64194a374461c61d4ef46.diagnostic_audio.wav
680014	2026-06-20 10:46	/home/jacobw/YTchannel/assets/media/prod_362899a8e0184293821c283e744569e4/pjob_e86d1f2384c2421695efec4b3b9d651a.diagnostic_audio.wav
680014	2026-06-20 10:46	/home/jacobw/YTchannel/assets/media/prod_60173d0a5f5040a8ada01b707150e901/pjob_221093148a604f239e4902fe30215114.diagnostic_audio.wav
680014	2026-06-20 12:04	/home/jacobw/YTchannel/assets/media/prod_a2efa550033a45d09494911825d0fe89/pjob_b051c95235ec4f5f8ddf62d52bea6261.diagnostic_audio.wav
680014	2026-06-20 12:04	/home/jacobw/YTchannel/assets/media/prod_df9c339a75ab407698f3f248ce61eea6/pjob_0913e8c15b074365ad22f0096a82e88c.diagnostic_audio.wav
680014	2026-06-20 12:04	/home/jacobw/YTchannel/assets/media/prod_e4281e8aacac41a38a5be20b563a1830/pjob_7e7ed39f8de2443d80a319f0b4928349.diagnostic_audio.wav
680014	2026-06-20 12:06	/home/jacobw/YTchannel/assets/media/prod_1780cd0901504cfba60e538f691512cc/pjob_b6b4ba04ad7f473c9f9c9e9913bafd85.diagnostic_audio.wav
680014	2026-06-20 12:06	/home/jacobw/YTchannel/assets/media/prod_80a26baed9e34550afb1e5eb05906205/pjob_0d3123cfe3c7418faeec8dd467dac528.diagnostic_audio.wav
680014	2026-06-20 12:07	/home/jacobw/YTchannel/assets/media/prod_17a746d6f26c41df9266007a05d79f5c/pjob_a322f13678a34298aa372791e93128ac.diagnostic_audio.wav
680014	2026-06-20 12:07	/home/jacobw/YTchannel/assets/media/prod_4445fd9ec6e0445d8d0004c9c332d933/pjob_b2b508e1e265406e889e949ba73d1ab2.diagnostic_audio.wav
680014	2026-06-20 12:07	/home/jacobw/YTchannel/assets/media/prod_6d7fbfbbfd684448858074c34198a86a/pjob_d5076475958244c1aeddd9ba14b5af99.diagnostic_audio.wav
680014	2026-06-20 12:08	/home/jacobw/YTchannel/assets/media/prod_4314c88a63e94af1a460b15899ca769b/pjob_641bc23e27474118a4e63268137d2619.diagnostic_audio.wav
680014	2026-06-20 12:08	/home/jacobw/YTchannel/assets/media/prod_680328eb51324863be73943f7078ffea/pjob_3cdefe00fe9b4c099d0a09427e7dabea.diagnostic_audio.wav
680014	2026-06-20 12:08	/home/jacobw/YTchannel/assets/media/prod_b64ebbede17f4475b053203e9ab18771/pjob_938656b57f60440db239b0262a4f09ae.diagnostic_audio.wav
680014	2026-06-20 12:09	/home/jacobw/YTchannel/assets/media/prod_64eac0c0570f40dc947fc9e444c16fd3/pjob_54132ea1f0454574bad5a9961c3e7f03.diagnostic_audio.wav
680014	2026-06-20 12:09	/home/jacobw/YTchannel/assets/media/prod_bbb4d7e99e6e44cd88fe2466a7988088/pjob_81e33f9a7481487394e87e533dd29e97.diagnostic_audio.wav
680014	2026-06-20 12:25	/home/jacobw/YTchannel/assets/media/prod_78a90ab5ed2f4c8494d2b1f6d98e868b/pjob_f36b5e8ef35245b2bef856fc8e1e9b78.diagnostic_audio.wav
680014	2026-06-20 12:25	/home/jacobw/YTchannel/assets/media/prod_e4fc11f9b5024c1da36c6511716345e4/pjob_43442514516f44b9ba4c63d809d067ae.diagnostic_audio.wav
680014	2026-06-20 12:26	/home/jacobw/YTchannel/assets/media/prod_e0083fb871f64b79a34f53829908cb38/pjob_721d3a1a1549410d949d4d635b2b6102.diagnostic_audio.wav
680014	2026-06-20 12:27	/home/jacobw/YTchannel/assets/media/prod_3e63a337a5d34874a30e9aebdc9dc53c/pjob_695620b8a32740f881c88989294e396a.diagnostic_audio.wav
680014	2026-06-20 12:27	/home/jacobw/YTchannel/assets/media/prod_c871f6e8cb29428588407d92a54c4325/pjob_3a6d6cc45f0e47f1a1bdeb09ae28bf6f.diagnostic_audio.wav
680014	2026-06-20 12:28	/home/jacobw/YTchannel/assets/media/prod_2a6ed34648384a0cb800c0a146691f1c/pjob_617e6e5be9c140dbbe618be98728c933.diagnostic_audio.wav
680014	2026-06-20 12:28	/home/jacobw/YTchannel/assets/media/prod_2fdf2a5989b545d7be58210ebc969e29/pjob_e8815e66e0a948739404c1cb3e4a2817.diagnostic_audio.wav
680014	2026-06-20 12:28	/home/jacobw/YTchannel/assets/media/prod_548bda61e4824121850c96283fdb50eb/pjob_d1a6d357a0724ab5893b70ab56490c11.diagnostic_audio.wav
680014	2026-06-20 12:29	/home/jacobw/YTchannel/assets/media/prod_66fc5dfe045b460ca4cea6ff942bedf0/pjob_507d843c797e4a4b8f652df6f0f04613.diagnostic_audio.wav
680014	2026-06-20 12:29	/home/jacobw/YTchannel/assets/media/prod_f7c5f307c90e41838de499c176535f34/pjob_4dfa69db8d124fd7934027a77dbbfcb5.diagnostic_audio.wav
680014	2026-06-20 12:30	/home/jacobw/YTchannel/assets/media/prod_846945b9b913479782cf925eec47033d/pjob_7266a34b3c3f42268cc1ea6f7e69a3f2.diagnostic_audio.wav
680014	2026-06-20 12:30	/home/jacobw/YTchannel/assets/media/prod_d25c3a3d8a4748e684de4becc2884194/pjob_e52d9507fe824d238a69f766d9d152c6.diagnostic_audio.wav
680014	2026-06-20 12:30	/home/jacobw/YTchannel/assets/media/prod_e72b81c82300492dbb5c5c0d3578984f/pjob_babe9e3242f648b7b652e2e477a49f09.diagnostic_audio.wav
680014	2026-06-20 12:56	/home/jacobw/YTchannel/assets/media/prod_47344dad39a9461fb015c28bc0b15b82/pjob_d4fb00eda01441b29d1a75c496370013.diagnostic_audio.wav
680014	2026-06-20 13:04	/home/jacobw/YTchannel/assets/media/prod_f74962c0f308432c9e3a3df3422c0a4e/pjob_9921b7b8e2824d9f9fb20def8c669bc5.diagnostic_audio.wav
680014	2026-06-20 13:05	/home/jacobw/YTchannel/assets/media/prod_613f20d7ca5e4c61ae50c0f3714ebe5d/pjob_64582b4bcbdb49239ed5535dffb4f114.diagnostic_audio.wav
680014	2026-06-20 13:06	/home/jacobw/YTchannel/assets/media/prod_3ee3bde01ba44234b683c407bbec84b0/pjob_5728f7b57ef64c798f9ba84531b0aa65.diagnostic_audio.wav
680014	2026-06-20 13:07	/home/jacobw/YTchannel/assets/media/prod_a66c3866b0ad4d9fa34539adac92824b/pjob_4e962c5168d0405d988d78912aff69da.diagnostic_audio.wav
680014	2026-06-20 13:08	/home/jacobw/YTchannel/assets/media/prod_eacebca84f98469b9f339158a6997200/pjob_98b0348d1a594cfdbd2730f9c811a10f.diagnostic_audio.wav
680014	2026-06-20 13:09	/home/jacobw/YTchannel/assets/media/prod_543ef8b9f6d54a65bcdb2a5558208411/pjob_04bd19d215f14d8f9fab64dc72f25905.diagnostic_audio.wav
680014	2026-06-20 13:09	/home/jacobw/YTchannel/assets/media/prod_d0032e0ec4cb41e5a30db42e51d951ed/pjob_0e55aafc2c2c40daa561c8c48cd4f045.diagnostic_audio.wav
680014	2026-06-20 13:10	/home/jacobw/YTchannel/assets/media/prod_b4dd6920a010465d83d9e9a670c8e3a5/pjob_556b525bb3f643ecbb74ead75fc21293.diagnostic_audio.wav
680014	2026-06-20 13:11	/home/jacobw/YTchannel/assets/media/prod_743aa1bbb80349fe9463274cd09b464f/pjob_77e45a200f454645ae43d7ba986ca948.diagnostic_audio.wav
680014	2026-06-20 13:12	/home/jacobw/YTchannel/assets/media/prod_4c152e14e7ef4343be77cf98c1057cdf/pjob_27a74a77edd442df9aec1caa22ee1219.diagnostic_audio.wav
680014	2026-06-20 13:13	/home/jacobw/YTchannel/assets/media/prod_2fbe3db0fa134b94905280db0277b2b2/pjob_9d2eb7bc6fda4952b692e2dd715f7244.diagnostic_audio.wav
680014	2026-06-20 13:47	/home/jacobw/YTchannel/assets/media/prod_844aabba0a7b40f38da9f5582abbe737/pjob_ae20bda6bdd047f394b795c2f06be02f.diagnostic_audio.wav
680014	2026-06-20 13:48	/home/jacobw/YTchannel/assets/media/prod_d601b7a549e9486ca3e76fb9786f3f24/pjob_185968689ae7445495c7a7f0ff1778f8.diagnostic_audio.wav
680014	2026-06-20 13:49	/home/jacobw/YTchannel/assets/media/prod_4070e06189014e27b92d053049a026b1/pjob_c736ea28284546cb887b1442c4b9cca2.diagnostic_audio.wav
680014	2026-06-20 13:50	/home/jacobw/YTchannel/assets/media/prod_49f0294ae49946b98130df95402448d2/pjob_54e58045c941432192daa2d3e379da54.diagnostic_audio.wav
680014	2026-06-20 13:51	/home/jacobw/YTchannel/assets/media/prod_c335847ae57847308e7f837a0abee796/pjob_73da2fe812974a098dd5762312864c45.diagnostic_audio.wav
680014	2026-06-20 13:51	/home/jacobw/YTchannel/assets/media/prod_d8c33097802b4f0fbee88506ac1e82c5/pjob_96f8ffdb46d440f280c763fa09bc84d7.diagnostic_audio.wav
680014	2026-06-20 13:52	/home/jacobw/YTchannel/assets/media/prod_433ccccbbd6146d8ba7e9c04ae1ffff9/pjob_3465c1e833d94d0fb269f757208a215a.diagnostic_audio.wav
680014	2026-06-20 13:53	/home/jacobw/YTchannel/assets/media/prod_7ffdd61bb45a4541860f39926d7f025e/pjob_5414c5a3865f4347af60051cc2e6cb32.diagnostic_audio.wav
680014	2026-06-20 13:54	/home/jacobw/YTchannel/assets/media/prod_df86c74be45f454fa617c5d8b8c72154/pjob_c4e2a939ccfb4dca94f2885546d0e6b5.diagnostic_audio.wav
680014	2026-06-20 13:55	/home/jacobw/YTchannel/assets/media/prod_941c27d2efb84c87a4032a7095a42e96/pjob_5488757f1c41444491bb32cdade362d4.diagnostic_audio.wav
680014	2026-06-20 13:56	/home/jacobw/YTchannel/assets/media/prod_0d486b7c062a47e6bf9204c407e1c4c3/pjob_6e2d1176028440988455f3906ae40700.diagnostic_audio.wav
680014	2026-06-20 16:56	/home/jacobw/YTchannel/assets/media/prod_003f2541c79649c6a4cd03eb9c005b34/pjob_4b7c2bc0adfb48029f2c0c183ce61a7e.diagnostic_audio.wav
680014	2026-06-20 16:57	/home/jacobw/YTchannel/assets/media/prod_2bb86b48ae3d44cdaa4878c31571305b/pjob_1d38f65490974da88c18f404d2a6fbce.diagnostic_audio.wav
680014	2026-06-20 16:58	/home/jacobw/YTchannel/assets/media/prod_3ee5770219344df78cbb224b8665914b/pjob_ec4783a5c4674ef1973637f4c6d3b911.diagnostic_audio.wav
680014	2026-06-20 16:59	/home/jacobw/YTchannel/assets/media/prod_39e34cd0d4674c088eddde67100a6be4/pjob_0c93cb28b790473aad77dff406780e22.diagnostic_audio.wav
680014	2026-06-20 17:00	/home/jacobw/YTchannel/assets/media/prod_020e53e741734588ba55978db1534b68/pjob_59cd1a8fa60147b495267aca5dae5a9f.diagnostic_audio.wav
680014	2026-06-20 17:00	/home/jacobw/YTchannel/assets/media/prod_4f9fc1716dc94c5ba1d05843f9e72e58/pjob_7fc848d1acca4e97a983afe69eb1eb45.diagnostic_audio.wav
680014	2026-06-20 20:55	/home/jacobw/YTchannel/assets/media/prod_9767dee9166f4101ad9eaed95dab77fe/pjob_bcac9bd613ca4cffa5ec2f1a3afbd2a9.diagnostic_audio.wav
680014	2026-06-20 20:55	/home/jacobw/YTchannel/assets/media/prod_a5fb9c3226374d3d89fc6757c5551488/pjob_fcde5ceb2999474caec3652e82842963.diagnostic_audio.wav
680014	2026-06-20 20:56	/home/jacobw/YTchannel/assets/media/prod_2832c329f05a4ca0a7c34cf4993a1052/pjob_caa408f6276440bb95601363b04eb519.diagnostic_audio.wav
680014	2026-06-20 20:56	/home/jacobw/YTchannel/assets/media/prod_5bc7e49f323f41a1830cdaa7348a2255/pjob_3a226e41673d48079a72ae55e291adea.diagnostic_audio.wav
680014	2026-06-20 20:56	/home/jacobw/YTchannel/assets/media/prod_7cdbc5f95cce470ca99981ccfd6f82ce/pjob_5a2db3d70dd2477eb2231a548fe203a5.diagnostic_audio.wav
680014	2026-06-20 20:56	/home/jacobw/YTchannel/assets/media/prod_c90d1788aabf40e4b32d04175a8703dc/pjob_65911089bafc4304ba9b9ccf5ec22500.diagnostic_audio.wav
680014	2026-06-20 20:56	/home/jacobw/YTchannel/assets/media/prod_d0feb04e88ca4acf9f6a194b0c23a85e/pjob_9a80c9503c6643dc9e42fa1fef7e55c3.diagnostic_audio.wav
680014	2026-06-20 21:02	/home/jacobw/YTchannel/assets/media/prod_08582b0e66e24c3abc08a5e8fb8aec41/pjob_9f375a0dff624edca2f05ce8e4b787f8.diagnostic_audio.wav
680014	2026-06-20 21:02	/home/jacobw/YTchannel/assets/media/prod_3ecba6bb20e24ee3a9e8f40d669fcf40/pjob_7d937dc416ac47a5babf8f221685e828.diagnostic_audio.wav
680014	2026-06-20 21:02	/home/jacobw/YTchannel/assets/media/prod_447485ad16cd4ad58767b41d5bdef23a/pjob_a64bc24427124f1e8c21d5da39e5198b.diagnostic_audio.wav
680014	2026-06-20 21:02	/home/jacobw/YTchannel/assets/media/prod_55dc9889c755422e90062b653b3dbff0/pjob_19358d34e2a844f0be5b827d553a3f44.diagnostic_audio.wav
680014	2026-06-20 21:02	/home/jacobw/YTchannel/assets/media/prod_f9c17e979ba74766819ad6d2df427232/pjob_facececa610f4a1e8ca35d122e90afb1.diagnostic_audio.wav
680014	2026-06-20 21:03	/home/jacobw/YTchannel/assets/media/prod_47e53a56d61041b0b5b84465cc3a4c6a/pjob_165cf80644b3496f865cd43385451795.diagnostic_audio.wav
680014	2026-06-20 21:03	/home/jacobw/YTchannel/assets/media/prod_6d96cd4bcbd7406285a26b99aa4fceba/pjob_e925a2f8ba6945878d19d2fb53db08e9.diagnostic_audio.wav
680014	2026-06-20 21:08	/home/jacobw/YTchannel/assets/media/prod_077f1f05e6424381b054fadfc3d08a78/pjob_dc098bd1eeec4249b67c96c91049df45.diagnostic_audio.wav
741454	2026-06-18 15:29	/home/jacobw/YTchannel/assets/media/prod_92605736e62e40899b77ab9ea314be23/pjob_903774864faf48f98f224d03b72e35d2.diagnostic_audio.wav
741454	2026-06-18 15:30	/home/jacobw/YTchannel/assets/media/prod_5ccbc0124eb047b8ae63be04e20a9865/pjob_16389b43506c49a5931c241c0f1d662a.diagnostic_audio.wav
741454	2026-06-18 15:31	/home/jacobw/YTchannel/assets/media/prod_01ddfd49b72f4a94a4d14c957a7e284b/pjob_ded7f5806f09439bb2d6f69c07511f22.diagnostic_audio.wav
741454	2026-06-18 15:33	/home/jacobw/YTchannel/assets/media/prod_731c57b3c7b449098538732d4ea7d133/pjob_692389792df447b89035855e40ef8149.diagnostic_audio.wav
741454	2026-06-18 15:36	/home/jacobw/YTchannel/assets/media/prod_b040534ee9c54720840ca03e56e08962/pjob_a8d1c875f1944552ba6097ff97a06f6d.diagnostic_audio.wav
741454	2026-06-18 15:38	/home/jacobw/YTchannel/assets/media/prod_0bced67a9ff243bbad6410ce2599f8cb/pjob_f796359eb02147a7b9c30c4fa7f72c8d.diagnostic_audio.wav
741454	2026-06-18 15:39	/home/jacobw/YTchannel/assets/media/prod_e37dc8799ddc475dbff54bccca95b3b7/pjob_ca231617718942c48f343bc895769e70.diagnostic_audio.wav
741454	2026-06-18 15:39	/home/jacobw/YTchannel/assets/media/prod_e37dc8799ddc475dbff54bccca95b3b7/pjob_d1cd71d7bcf04e93bd4e2b0b3e41197f.diagnostic_audio.wav
741454	2026-06-18 15:41	/home/jacobw/YTchannel/assets/media/prod_d91002b99be148718acb6a1bb013e172/pjob_95d0ff43a8264e7aa5feb4c02646182b.diagnostic_audio.wav
741454	2026-06-18 15:45	/home/jacobw/YTchannel/assets/media/prod_e7a087697bd145f2b4e3653b2802b939/pjob_2196fb79e6da4e8d8d2c3f6cd398d65a.diagnostic_audio.wav
741454	2026-06-18 15:46	/home/jacobw/YTchannel/assets/media/prod_629a2237f6cd4a91bed095c56147d778/pjob_5a32ac1c3feb422fac34577a08da5dde.diagnostic_audio.wav
741454	2026-06-18 15:46	/home/jacobw/YTchannel/assets/media/prod_ed60e7661fab497d8e080351d728bcd5/pjob_70571f1f9279479c94e17e096ed2422a.diagnostic_audio.wav
741454	2026-06-18 15:47	/home/jacobw/YTchannel/assets/media/prod_72691471f3e04296a990147b65dd7635/pjob_8c8f5d3a68aa45189218c0bbb063b8e2.diagnostic_audio.wav
741454	2026-06-18 15:47	/home/jacobw/YTchannel/assets/media/prod_e5cdda87ba3c439b8e275a5904ff7bc0/pjob_6c490599f0f74e00b350d078d77081dc.diagnostic_audio.wav
741454	2026-06-18 15:48	/home/jacobw/YTchannel/assets/media/prod_2af83c84df1041ccab08c11378467142/pjob_f0e82a2e5b05488c9af5785cd32072c9.diagnostic_audio.wav
741454	2026-06-18 15:48	/home/jacobw/YTchannel/assets/media/prod_9fc604145b96477e8115a5bc1ad42fb2/pjob_f6b98ca6c972419fae510e487be6e732.diagnostic_audio.wav
741454	2026-06-18 15:48	/home/jacobw/YTchannel/assets/media/prod_fec71ef724d649cc8da0f3a1dccb2def/pjob_dfcf68b92a8046889cb3fce56d37864b.diagnostic_audio.wav
741454	2026-06-18 15:49	/home/jacobw/YTchannel/assets/media/prod_92b7aa5856134c35bc8098ce95762fbc/pjob_4194ac1cc5be46efa6bf8ade9384ca51.diagnostic_audio.wav
741454	2026-06-18 15:49	/home/jacobw/YTchannel/assets/media/prod_a779c5ef5d9e4664b36ba8721092e27b/pjob_6f8d15bd2e5441a1b36d37f650ee910a.diagnostic_audio.wav
741454	2026-06-18 15:50	/home/jacobw/YTchannel/assets/media/prod_c7cdf43cf6d2400e99850ed283e273c5/pjob_5af7a0e237ec49f1ad5c81e64f1bc007.diagnostic_audio.wav
741454	2026-06-18 15:51	/home/jacobw/YTchannel/assets/media/prod_e872819917eb417d9de222925d25de03/pjob_f2121dd86a724fc09485521a5aa7223c.diagnostic_audio.wav
741454	2026-06-18 15:52	/home/jacobw/YTchannel/assets/media/prod_7998c98f54fc4256afa84d1814920bc8/pjob_727f1fb0bb1849b187a47691b3c39330.diagnostic_audio.wav
741454	2026-06-18 15:52	/home/jacobw/YTchannel/assets/media/prod_ead8ff7f11754c6ba44c39db8b8eed32/pjob_b450697c995b49a9b1515054a36b01f0.diagnostic_audio.wav
741454	2026-06-18 15:53	/home/jacobw/YTchannel/assets/media/prod_984771539b2d4f4b9c706775b1b8b413/pjob_1d5c122f7ddd43e593003ce292317098.diagnostic_audio.wav
741454	2026-06-18 15:53	/home/jacobw/YTchannel/assets/media/prod_d6d335e2b9df4aa68f2c41c77781a35c/pjob_6bd0c3449ed04e18aaefd4730ff1a7cc.diagnostic_audio.wav
741454	2026-06-18 15:53	/home/jacobw/YTchannel/assets/media/prod_f36d8a8bb7fe4a3fae628b00037e2f8f/pjob_46709995bfae46f7a53466fe75657ff9.diagnostic_audio.wav
741454	2026-06-18 15:54	/home/jacobw/YTchannel/assets/media/prod_4020cdc3567b45f49111b9523c2fc360/pjob_dc57aee67a454cab9ccdd7adeeca9668.diagnostic_audio.wav
741454	2026-06-18 15:54	/home/jacobw/YTchannel/assets/media/prod_50dbd7a7a9c04fe3970ce963e4ae632f/pjob_fab7e99f496a4dbfbc8a1beebebb760f.diagnostic_audio.wav
741454	2026-06-18 15:54	/home/jacobw/YTchannel/assets/media/prod_61c4bd4522184d47bf0a6eca6f080769/pjob_790b5c81d58a49dea66a7ac2f387d51a.diagnostic_audio.wav
741454	2026-06-18 15:55	/home/jacobw/YTchannel/assets/media/prod_eed729ace0df4953b94e50d331d68d80/pjob_f749d5091c3a45c5a560577be74644a5.diagnostic_audio.wav
741454	2026-06-18 20:42	/home/jacobw/YTchannel/assets/media/prod_e727b1c1a58642eeb2f03cf4ee1d651d/pjob_ca3aba7e54284886a414de015b77a335.diagnostic_audio.wav
741454	2026-06-18 22:15	/home/jacobw/YTchannel/assets/media/prod_9a44407be0884fd0b9646932fa3a4653/pjob_c193b18fae054fcc85685822528e5efb.diagnostic_audio.wav
741454	2026-06-18 22:15	/home/jacobw/YTchannel/assets/media/prod_dddea302002642dea824d52778908b72/pjob_99ac94fb61fa4b1880b92207cf977d9c.diagnostic_audio.wav
741454	2026-06-18 22:16	/home/jacobw/YTchannel/assets/media/prod_8570f117bbd3480386fed01152f0e70e/pjob_bf280782cb9741c28b095430e51d3e6d.diagnostic_audio.wav
741454	2026-06-18 22:16	/home/jacobw/YTchannel/assets/media/prod_e018e872c8bd43c0a870fa1bf6ebe168/pjob_f3fc9a5cb8c1468ebee81922c0708df5.diagnostic_audio.wav
741454	2026-06-18 22:17	/home/jacobw/YTchannel/assets/media/prod_0237c58c2d5c4e8a8079f82fc7aa0781/pjob_eb8c04797a8f4bf18ccc60d2d5900521.diagnostic_audio.wav
741454	2026-06-18 22:17	/home/jacobw/YTchannel/assets/media/prod_a87095ec9d774454b82ce86e1032f815/pjob_bf86cc5d0b3a4bffbe31a50e259767f4.diagnostic_audio.wav
741454	2026-06-18 22:17	/home/jacobw/YTchannel/assets/media/prod_f36bcfd4ca3a4fefaad5e94ac20aef39/pjob_0cf0ba58a92b43a9b1c91486ed78154a.diagnostic_audio.wav
741454	2026-06-18 22:18	/home/jacobw/YTchannel/assets/media/prod_867e103a663c4aa7b5d277ef206b1acb/pjob_0eb7fd4e10d1467eabd20d1367c341ad.diagnostic_audio.wav
741454	2026-06-18 22:18	/home/jacobw/YTchannel/assets/media/prod_e34cb8f1b07242a7bf59428184a5d486/pjob_ed7674888b244e1da3af53014cd167fb.diagnostic_audio.wav
741454	2026-06-18 22:18	/home/jacobw/YTchannel/assets/media/prod_ed21b4251e1f492f96afbb03427ae90f/pjob_b26202e0f0e242f1b3192524509e9bd3.diagnostic_audio.wav
741454	2026-06-18 22:54	/home/jacobw/YTchannel/assets/media/prod_b7d357368b854f09ab2b1e51fb6755af/pjob_fa398e43d3bf414cb90d392d3fcbe836.diagnostic_audio.wav
741454	2026-06-18 22:55	/home/jacobw/YTchannel/assets/media/prod_4b35c4a3e2c74fe98af667a7f0538c3c/pjob_4b91bd3ee38e47c29110eb40f5115431.diagnostic_audio.wav
741454	2026-06-18 22:56	/home/jacobw/YTchannel/assets/media/prod_737fcc3f5acb45c291035057d1237e65/pjob_7a9fed79b12042888b73a27c86b9cae7.diagnostic_audio.wav
741454	2026-06-18 22:58	/home/jacobw/YTchannel/assets/media/prod_2e49c8856f1945aa8e9bd9394a72380e/pjob_8fb6b534db79433d8843be0975857b9f.diagnostic_audio.wav
741454	2026-06-18 22:58	/home/jacobw/YTchannel/assets/media/prod_7375f0abcf64475e8962e34aae5186e1/pjob_9cdae3b2021d44c186ad070ddaeeacb3.diagnostic_audio.wav
741454	2026-06-18 22:59	/home/jacobw/YTchannel/assets/media/prod_16cddc99a1994feeb9113d189fa01ad4/pjob_97ff9e63e5434a158d25385f524a8d90.diagnostic_audio.wav
741454	2026-06-18 22:59	/home/jacobw/YTchannel/assets/media/prod_6a1c0626f824496796435d75606c7be0/pjob_b7118156f4c142d7ab28a5ff62c30169.diagnostic_audio.wav
741454	2026-06-18 22:59	/home/jacobw/YTchannel/assets/media/prod_b167e40b02c243498aa23effd8683ff8/pjob_88743e63f75a49548157cabff783aace.diagnostic_audio.wav
741454	2026-06-18 23:00	/home/jacobw/YTchannel/assets/media/prod_79338b995dc6487dbd4abe6822418b68/pjob_acbe9405a72042a4a71d3528caa8ac44.diagnostic_audio.wav
741454	2026-06-18 23:00	/home/jacobw/YTchannel/assets/media/prod_9efc18c614f241ef86e76b06659bdae8/pjob_f76f4cfd04f54d37803d6820ec50a067.diagnostic_audio.wav
741454	2026-06-18 23:01	/home/jacobw/YTchannel/assets/media/prod_3efdd2e2113445c3b526165ba717f9fd/pjob_dd340ed8480043f6bb6cb9fbe20c17ef.diagnostic_audio.wav
741454	2026-06-18 23:01	/home/jacobw/YTchannel/assets/media/prod_49d080e4b2184cbfac4dc655582efc3e/pjob_a00a775dbccd4d4986d9f2a517a6a499.diagnostic_audio.wav
741454	2026-06-18 23:01	/home/jacobw/YTchannel/assets/media/prod_4fb859af4f3547f2af7e76df3f1ffe87/pjob_ef9928bcea654160bfb15ca8f18269f9.diagnostic_audio.wav
741454	2026-06-18 23:12	/home/jacobw/YTchannel/assets/media/prod_6652c31420564ba58d276b22007cb8fa/pjob_1044f1f4d103406bac58a5607fd6a1c2.diagnostic_audio.wav
741454	2026-06-18 23:12	/home/jacobw/YTchannel/assets/media/prod_9cdabc71b002430aac4a049f46a3dd72/pjob_cbe0ac7f2d2d4b4393904ebc7bf9d61a.diagnostic_audio.wav
741454	2026-06-18 23:12	/home/jacobw/YTchannel/assets/media/prod_ea2bead949cd4098a5781ebee78b3bea/pjob_2a37a65b2fc047c4b1292a4c90062b46.diagnostic_audio.wav
741454	2026-06-18 23:13	/home/jacobw/YTchannel/assets/media/prod_40b2f9d2904341c58488ac21ea337986/pjob_ebc5a563475045be940a3a4ab9f6ad4e.diagnostic_audio.wav
741454	2026-06-18 23:13	/home/jacobw/YTchannel/assets/media/prod_475eff1a9f634a22a3d6174f0eb753ec/pjob_f93b432a6a15478d892cc06f3aeb843b.diagnostic_audio.wav
741454	2026-06-18 23:13	/home/jacobw/YTchannel/assets/media/prod_a13585846dd5400cbb2a41924986fdba/pjob_f5f67478f6c24661b1e7ecc3aca26fe0.diagnostic_audio.wav
741454	2026-06-18 23:14	/home/jacobw/YTchannel/assets/media/prod_0bea10879f6d4d778daffc01ae634f91/pjob_23558ece661743fd82ed5498f605efab.diagnostic_audio.wav
741454	2026-06-18 23:14	/home/jacobw/YTchannel/assets/media/prod_6cba656e5d0740199940c7fcaf1b922a/pjob_9370e28d720945949a4c4bcb286c6cbb.diagnostic_audio.wav
741454	2026-06-18 23:15	/home/jacobw/YTchannel/assets/media/prod_4ad58158c2a147d8966e201111fb9e82/pjob_b038e92c61234b7eb586f123c67cd5f6.diagnostic_audio.wav
741454	2026-06-18 23:15	/home/jacobw/YTchannel/assets/media/prod_f354504a50fd4c2c8c84d52917f60ee0/pjob_0c4439336df748038e37f804416c6f47.diagnostic_audio.wav
741454	2026-06-18 23:25	/home/jacobw/YTchannel/assets/media/prod_69a2c309c7b64c9b8499af2df4a3cebd/pjob_4ea0f324a36543389aa67abce96f142b.diagnostic_audio.wav
741454	2026-06-18 23:25	/home/jacobw/YTchannel/assets/media/prod_99333fb362f847cbacda9d68691dee35/pjob_e39e822dc568416393332b2ef4d446f6.diagnostic_audio.wav
741454	2026-06-18 23:25	/home/jacobw/YTchannel/assets/media/prod_db5da16735f941f2b4909d0e05ebf919/pjob_c18187789a074486baeb954e75843932.diagnostic_audio.wav
741454	2026-06-18 23:26	/home/jacobw/YTchannel/assets/media/prod_7f910cddf19243969df68c97dc93b323/pjob_4b5b366fbf86469796fa9bf045a58f7d.diagnostic_audio.wav
741454	2026-06-18 23:26	/home/jacobw/YTchannel/assets/media/prod_df62dcd0215f44719ff52efd7372138c/pjob_1c5bed21da2443f7a5625b1477f7e662.diagnostic_audio.wav
741454	2026-06-18 23:27	/home/jacobw/YTchannel/assets/media/prod_1d081de0921e43958d72e72e0a440199/pjob_d483a586477e4a46b22c7f5a7b6cb03b.diagnostic_audio.wav
741454	2026-06-18 23:27	/home/jacobw/YTchannel/assets/media/prod_57bfb668970646cba19c3a9e89f71e3f/pjob_bcea3f6b390b4cff92e7a7c7fb7656cc.diagnostic_audio.wav
741454	2026-06-18 23:27	/home/jacobw/YTchannel/assets/media/prod_a8ef94f38ef04b66a2234febfafed1c0/pjob_e0ab74557d5c4d03b4ba65711d930eee.diagnostic_audio.wav
741454	2026-06-18 23:28	/home/jacobw/YTchannel/assets/media/prod_45a2571564a84b18b2e3cde11923e340/pjob_a2c3503aa0dd41a89260c3c1cb675d62.diagnostic_audio.wav
741454	2026-06-18 23:28	/home/jacobw/YTchannel/assets/media/prod_7652df036c1542ca8e24fcbd4d11e206/pjob_388f68e857f34ab3b9a8a450493d51ec.diagnostic_audio.wav
741454	2026-06-18 23:40	/home/jacobw/YTchannel/assets/media/prod_4d81d170d13c4008a67262918323df0e/pjob_478a131fc0314e86b7abd50e824a9620.diagnostic_audio.wav
741454	2026-06-18 23:40	/home/jacobw/YTchannel/assets/media/prod_53c3ac032c0749dc990604ae52ddd170/pjob_1e42fd4528b345b39b8b1175951fff78.diagnostic_audio.wav
741454	2026-06-18 23:41	/home/jacobw/YTchannel/assets/media/prod_1ffeee5cc4084ce1be0169db2f2251e8/pjob_9239d205c2304f8c8a3986355923f91f.diagnostic_audio.wav
741454	2026-06-18 23:41	/home/jacobw/YTchannel/assets/media/prod_49a1513de5eb497586cd5d57d1c5a776/pjob_728111f7ddd245eaa07a0b7a2365653d.diagnostic_audio.wav
741454	2026-06-18 23:41	/home/jacobw/YTchannel/assets/media/prod_c9ac4d5ef82b4a768a72a94d724f5ea7/pjob_220eefaf820b4ec0bfbb67d0f1550c4f.diagnostic_audio.wav
741454	2026-06-18 23:42	/home/jacobw/YTchannel/assets/media/prod_30a3ecdc64b14829a9e7a852c2d613e4/pjob_33c3f8e72b2b4e68b88ead18719230b4.diagnostic_audio.wav
741454	2026-06-18 23:42	/home/jacobw/YTchannel/assets/media/prod_332bce2d2b5b4e75bb3f972a64dcd934/pjob_9420d22e133547e1a7fa760380530e34.diagnostic_audio.wav
741454	2026-06-18 23:42	/home/jacobw/YTchannel/assets/media/prod_cc2780bdcab24d5e920bce74965cbaa1/pjob_dcc07042cf604c20aad0e9c92b3d1764.diagnostic_audio.wav
741454	2026-06-18 23:43	/home/jacobw/YTchannel/assets/media/prod_00835f2a12124b48a9e8a530fff19568/pjob_b90231b598ce4fde932fa003135bbc71.diagnostic_audio.wav
741454	2026-06-18 23:43	/home/jacobw/YTchannel/assets/media/prod_4178f27a7efb473192c9f8c878eba2ed/pjob_ec218e9161ef4f44ab26fbae808a1612.diagnostic_audio.wav
741454	2026-06-19 08:08	/home/jacobw/YTchannel/assets/media/prod_5ea4f1b31cd94462892e7bcd47e2bb01/pjob_2e1b4c40bbdb48fa9ecb8d096d6e459c.diagnostic_audio.wav
741454	2026-06-19 08:08	/home/jacobw/YTchannel/assets/media/prod_c6882b847b2d4ae585c68c0d3411259e/pjob_8f32ffb24c304141af85fcdb7c7c7fac.diagnostic_audio.wav
741454	2026-06-19 08:09	/home/jacobw/YTchannel/assets/media/prod_6e47988edffb4df9b4f34f3a93e3cd07/pjob_46ad1c0338ab45c6a0485215b7e22330.diagnostic_audio.wav
741454	2026-06-19 08:09	/home/jacobw/YTchannel/assets/media/prod_6ec56def1f854254a5a56a01a7464827/pjob_205ccd5255a74a71b51bae5b779520cb.diagnostic_audio.wav
741454	2026-06-19 08:09	/home/jacobw/YTchannel/assets/media/prod_777c06918d834824b2993395005e2f05/pjob_cd001b83c83043dea1eb3a6641741bc1.diagnostic_audio.wav
741454	2026-06-19 08:10	/home/jacobw/YTchannel/assets/media/prod_40d11d1b465f4337870a8edece099358/pjob_b164df1c53734520bffcbe7e89e6fb50.diagnostic_audio.wav
741454	2026-06-19 08:10	/home/jacobw/YTchannel/assets/media/prod_749fb2f19f9245b3a82fe6e43995f9ac/pjob_9493e82f23c64534ae86c2d35fb07438.diagnostic_audio.wav
741454	2026-06-19 08:10	/home/jacobw/YTchannel/assets/media/prod_8356a7f2a35a4512ab5dcc0c0f63ee4f/pjob_1832df5e532e4e3bbf10463d5a35a4d6.diagnostic_audio.wav
741454	2026-06-19 08:11	/home/jacobw/YTchannel/assets/media/prod_43de7bb8cfca49dd944dbdb7d84ce006/pjob_04dc1712436c4c769ade8b844129039c.diagnostic_audio.wav
741454	2026-06-19 08:11	/home/jacobw/YTchannel/assets/media/prod_5ff2e00656894c75a3ad9adc27b79cf7/pjob_8a9d8726ba4545bb9597f139f755fedb.diagnostic_audio.wav
741454	2026-06-19 08:18	/home/jacobw/YTchannel/assets/media/prod_684eba46893942039b666cc67e4cd73d/pjob_815cb023bec940fdb3257b491aad6904.diagnostic_audio.wav
741454	2026-06-19 08:18	/home/jacobw/YTchannel/assets/media/prod_6ab5a8bef46c4a4c9324a316de91e4ec/pjob_88b33e937c0c44de9343da877cbf292a.diagnostic_audio.wav
741454	2026-06-19 08:18	/home/jacobw/YTchannel/assets/media/prod_7786a48194864ff9bd5743ae4a3c6572/pjob_df48f1baa51a47948274e62ae888bcd2.diagnostic_audio.wav
741454	2026-06-19 08:19	/home/jacobw/YTchannel/assets/media/prod_6fd0edbd4b824c03b219cdd2395682c3/pjob_bd0a9fd0e67c43cd864f8febc9468dd4.diagnostic_audio.wav
741454	2026-06-19 08:19	/home/jacobw/YTchannel/assets/media/prod_e27f6b7b5ebb4e8397d10978bf9e931e/pjob_cbe76217769a43c782eaf9152664de79.diagnostic_audio.wav
741454	2026-06-19 08:20	/home/jacobw/YTchannel/assets/media/prod_ba8726eaa50f43369050d571aa6e71d7/pjob_62af971904f94e0d987ada02e9e91791.diagnostic_audio.wav
741454	2026-06-19 08:20	/home/jacobw/YTchannel/assets/media/prod_c344d6b654484962a98a50963579c8ee/pjob_ca3d33dce2fc40d4b8f6859570d05e82.diagnostic_audio.wav
741454	2026-06-19 08:20	/home/jacobw/YTchannel/assets/media/prod_e5cb898a186c49a7abb428221138c852/pjob_763c0057de0744c9a5c0f0a00526a558.diagnostic_audio.wav
741454	2026-06-19 08:21	/home/jacobw/YTchannel/assets/media/prod_84fa6358c51e4998a3d1d93afe70446f/pjob_03bda3426f924374bae1e2c1f6677aad.diagnostic_audio.wav
741454	2026-06-19 08:21	/home/jacobw/YTchannel/assets/media/prod_ab14b740e97843c5b61c7a6271d8878f/pjob_8ed8e48d16ec4cd987f76a773eadae01.diagnostic_audio.wav
741454	2026-06-19 08:21	/home/jacobw/YTchannel/assets/media/prod_de963fdeaa42443685e8dc2c08b5321d/pjob_9a67643d891e4e9cb37e358c81e04248.diagnostic_audio.wav
741454	2026-06-19 08:22	/home/jacobw/YTchannel/assets/media/prod_5dea1df5413a4776bea6c0ae453e610b/pjob_6d8f15eae8084143a743b9015610244c.diagnostic_audio.wav
741454	2026-06-19 08:22	/home/jacobw/YTchannel/assets/media/prod_8e2b77e8d7134b328430a0c0673d274a/pjob_24cbc3883193457abea810bf69c514a9.diagnostic_audio.wav
741454	2026-06-19 08:23	/home/jacobw/YTchannel/assets/media/prod_225cbc6d67194a3a822c95bde705ca4f/pjob_78e76eae6f8d4e04bcb1b05d88b14b6d.diagnostic_audio.wav
741454	2026-06-19 12:46	/home/jacobw/YTchannel/assets/media/prod_20b418d1c0934d39a06230e4931379d9/pjob_ede30d6ec7b444afb36c887b3679ad51.diagnostic_audio.wav
741454	2026-06-19 12:46	/home/jacobw/YTchannel/assets/media/prod_894800f9c86c4eeea9b9c45e03612968/pjob_16743a19c2404e4c9ca200a247162f7c.diagnostic_audio.wav
741454	2026-06-19 12:47	/home/jacobw/YTchannel/assets/media/prod_283d100ac1b44859977077b29bca4e5b/pjob_38c8673caee64be29e31146659f3f7e2.diagnostic_audio.wav
741454	2026-06-19 12:47	/home/jacobw/YTchannel/assets/media/prod_9cc6c9ed6a9d43119c9ac4d6b3a14dc1/pjob_f98eb734ffc84e48acb5d9eb921e4724.diagnostic_audio.wav
741454	2026-06-19 12:48	/home/jacobw/YTchannel/assets/media/prod_3af7333f3e4749d09dedf73f2d55bd6c/pjob_05b80c2f10d14c37a08f6ad028b3a62d.diagnostic_audio.wav
741454	2026-06-19 12:48	/home/jacobw/YTchannel/assets/media/prod_6c3aec3b34e54923a710a81c0e82d892/pjob_b5733db52a5b49e2aa27e61ef24157d0.diagnostic_audio.wav
741454	2026-06-19 12:49	/home/jacobw/YTchannel/assets/media/prod_1c713aefdad948e19db81c4af7d8660f/pjob_b9c13a0611b246bea1e081c4ba7a0c6a.diagnostic_audio.wav
741454	2026-06-19 12:49	/home/jacobw/YTchannel/assets/media/prod_3de7c84c619741c4816b9ea773b235f9/pjob_dc4e2a3304f0410aaa94d9bd6a192539.diagnostic_audio.wav
741454	2026-06-19 12:49	/home/jacobw/YTchannel/assets/media/prod_a4d18fe3d1c64380afaa016779362234/pjob_6df852a435044b328df64f44c0a48076.diagnostic_audio.wav
741454	2026-06-19 12:50	/home/jacobw/YTchannel/assets/media/prod_bd5e4438ea574dcf98aa75395f64a85e/pjob_db6009429435416faa94d9ea259c191b.diagnostic_audio.wav
741454	2026-06-19 12:50	/home/jacobw/YTchannel/assets/media/prod_e6c5c0bf88504a65b12b0aae92f6c5bc/pjob_cbfaad66e6cc4d83be73399eced03ba8.diagnostic_audio.wav
741454	2026-06-19 12:51	/home/jacobw/YTchannel/assets/media/prod_6db0d6ed395e4506b228eb636cb0efa3/pjob_fe3e1ec657de451eb4ba95272f44e0e9.diagnostic_audio.wav
741454	2026-06-19 12:51	/home/jacobw/YTchannel/assets/media/prod_e705567c019647939eb068ef1fbb4945/pjob_65c96f6f361a42169079cf3a13e568ef.diagnostic_audio.wav
741454	2026-06-19 12:52	/home/jacobw/YTchannel/assets/media/prod_2c3f4342aaf74b38a5f7db01a47667d9/pjob_e690c158a0624b5384b05ee9bf55db3f.diagnostic_audio.wav
741454	2026-06-19 12:52	/home/jacobw/YTchannel/assets/media/prod_d425c8dc33d445679827c4490cc6b616/pjob_77a284988ddb4836aa7c6fb6284505b2.diagnostic_audio.wav
741454	2026-06-19 12:53	/home/jacobw/YTchannel/assets/media/prod_4d8e007a6d254163b294532671abf981/pjob_693d835ad40a4ff3922d200b7fef5d58.diagnostic_audio.wav
741454	2026-06-19 12:53	/home/jacobw/YTchannel/assets/media/prod_9b94da2f795047e39de31f63f361a036/pjob_e68e64e6fa4b494d8f5a4ac6cd7333a1.diagnostic_audio.wav
741454	2026-06-19 12:53	/home/jacobw/YTchannel/assets/media/prod_b3f10fcb72ee49f788190ebc8910602b/pjob_d9149f43bff44bb08e2da489b5344a37.diagnostic_audio.wav
741454	2026-06-19 12:54	/home/jacobw/YTchannel/assets/media/prod_162d66ad0916407d97de7baae5c0ff80/pjob_b7a8d84d7f2e45218c9184c1f4cfac7f.diagnostic_audio.wav
741454	2026-06-19 12:54	/home/jacobw/YTchannel/assets/media/prod_d1bdc807f7d04f7590b85d2c2af9af26/pjob_a0a6fd3fad704d97b769c8f3fec0ac38.diagnostic_audio.wav
741454	2026-06-19 12:54	/home/jacobw/YTchannel/assets/media/prod_f5a406af9cc34f9680522a04d191ce75/pjob_607deabb7a2b4d76bbc2aacf2be5f822.diagnostic_audio.wav
741454	2026-06-19 13:07	/home/jacobw/YTchannel/assets/media/prod_162ac258871b41c7982b6488a733ad49/pjob_d45cef22878c4f3e96284c979bbfeedc.diagnostic_audio.wav
741454	2026-06-19 13:16	/home/jacobw/YTchannel/assets/media/prod_80ef425d9ea44d1cb922b80145ced67f/pjob_59b929181a4d4731a3f88053ac9a65b7.diagnostic_audio.wav
741454	2026-06-19 13:16	/home/jacobw/YTchannel/assets/media/prod_ec243bb9f158420b9b89ae701ad37e17/pjob_bcdac371a67c4b039ad23add62f0ac38.diagnostic_audio.wav
741454	2026-06-19 13:19	/home/jacobw/YTchannel/assets/media/prod_aab5be43dd114148b2ccd59dcddf7e2a/pjob_5cc3a73a54c84649b19f1d7b2db6cef1.diagnostic_audio.wav
741454	2026-06-19 13:19	/home/jacobw/YTchannel/assets/media/prod_d4b6cc0fda77443a9e5135d583dcd413/pjob_a5067bc0c12e40c1ab4e5de9373fe9f8.diagnostic_audio.wav
741454	2026-06-19 13:20	/home/jacobw/YTchannel/assets/media/prod_0565fe46d74c485da9e4e18aeb3a6807/pjob_bb7d3bc591784de9a8a9534dd4d91696.diagnostic_audio.wav
741454	2026-06-19 13:20	/home/jacobw/YTchannel/assets/media/prod_75c4747071ad448680beb993573656b8/pjob_e95fdfa91fdb499aa1e895b5fe196c90.diagnostic_audio.wav
741454	2026-06-19 13:20	/home/jacobw/YTchannel/assets/media/prod_c9c6fcbb747248998ffb3ab78c286640/pjob_20b568c6debd4a188fbe90a6c23e4c30.diagnostic_audio.wav
741454	2026-06-19 13:21	/home/jacobw/YTchannel/assets/media/prod_20959ffb5ff941808d9a60e9a3c96883/pjob_476ba17fa52e456ebc0d38380368aca6.diagnostic_audio.wav
741454	2026-06-19 13:21	/home/jacobw/YTchannel/assets/media/prod_5d852200f6914d2eb533816343275105/pjob_2ced4d73de8f4b8fab44d95d1b76e73b.diagnostic_audio.wav
741454	2026-06-19 13:21	/home/jacobw/YTchannel/assets/media/prod_f136cc36268444f98275a311129fa722/pjob_37bc08ce88a84f0ab53adca5af3cae50.diagnostic_audio.wav
741454	2026-06-19 13:22	/home/jacobw/YTchannel/assets/media/prod_671ce60ad3c04990ac8d5113134d4029/pjob_25b838e6fbac4c18b88ca0eaaec129b2.diagnostic_audio.wav
741454	2026-06-19 13:22	/home/jacobw/YTchannel/assets/media/prod_c8ed6368c8444999bd496c7eb0e80f09/pjob_22202766b2b943aa967ac393632f5d6b.diagnostic_audio.wav
741454	2026-06-19 18:53	/home/jacobw/YTchannel/assets/media/prod_08c6ea48f0e941fea0a02781bc551237/pjob_a9899cb52d5d4319adcddb0ea6a68c88.diagnostic_audio.wav
741454	2026-06-19 18:53	/home/jacobw/YTchannel/assets/media/prod_95a4e65183194339830cb98dd02db0bf/pjob_15f0b118c04e448c92ad6d7f0ae56f6f.diagnostic_audio.wav
741454	2026-06-19 18:53	/home/jacobw/YTchannel/assets/media/prod_c129b57b422c45f98717365bb86dd7e6/pjob_c3c2cf08d67742779d070c133bf606aa.diagnostic_audio.wav
741454	2026-06-19 18:54	/home/jacobw/YTchannel/assets/media/prod_71490612656a4ccf88929ede6c524c1d/pjob_89e026cdb2a64e29b28615216286f03e.diagnostic_audio.wav
741454	2026-06-19 18:54	/home/jacobw/YTchannel/assets/media/prod_9a744a6c113f4fcf972da14f2bfe4dc8/pjob_11e9cfee7ae040f9ac167c683460893d.diagnostic_audio.wav
741454	2026-06-19 18:54	/home/jacobw/YTchannel/assets/media/prod_dcccae74ac9d4f60a4f289a85cf51ddd/pjob_9d8bf1844317466fbeaf783c83989511.diagnostic_audio.wav
741454	2026-06-19 18:55	/home/jacobw/YTchannel/assets/media/prod_00125b262f1145d9a4cb8ce445c57ab6/pjob_d773de21d41540b79737cfdc6373d26e.diagnostic_audio.wav
741454	2026-06-19 18:55	/home/jacobw/YTchannel/assets/media/prod_0ba3590d19ce4c24adbf93089fddfce9/pjob_3e51cb0ed615453fb651c2359a0c4b05.diagnostic_audio.wav
741454	2026-06-19 18:55	/home/jacobw/YTchannel/assets/media/prod_cf86f52be60443e09c0e82952e00cc54/pjob_5fd3073e7f8549a093bb6e3e27daa2db.diagnostic_audio.wav
741454	2026-06-19 18:56	/home/jacobw/YTchannel/assets/media/prod_555232fb7e86405e84ab21f8498aa5d8/pjob_ca1abe1fb4474d0cb8b5613d4cbd1730.diagnostic_audio.wav
741454	2026-06-19 19:03	/home/jacobw/YTchannel/assets/media/prod_0e367de93d9d4243ab309cc4fd8336ef/pjob_7c48163f50064668a720e282a2e88022.diagnostic_audio.wav
741454	2026-06-19 19:03	/home/jacobw/YTchannel/assets/media/prod_57d6fe096d6242ab961d5a7f492b0465/pjob_111d35fc57204b8eb682f01ec00cc1c5.diagnostic_audio.wav
741454	2026-06-19 19:04	/home/jacobw/YTchannel/assets/media/prod_6d6733fac48540148d8f7c31f85b0c44/pjob_786640923bba4a58af4a9637f7318f6a.diagnostic_audio.wav
741454	2026-06-19 19:04	/home/jacobw/YTchannel/assets/media/prod_98f9e243122e4e279ccbe50e330fe95f/pjob_26ab86fcec774543a9fcc7906934a317.diagnostic_audio.wav
741454	2026-06-19 19:05	/home/jacobw/YTchannel/assets/media/prod_0a07dbde902643a298fee020f2fda680/pjob_4b80ae6a8d634b438e0a4e5170549c42.diagnostic_audio.wav
741454	2026-06-19 19:05	/home/jacobw/YTchannel/assets/media/prod_a3aa680c8ba34d1c81959db4b6fe0309/pjob_5009d34865cf4c778ec63502db2a836a.diagnostic_audio.wav
741454	2026-06-19 19:05	/home/jacobw/YTchannel/assets/media/prod_e4d34c2f40f04a8bb78c9f21440bf788/pjob_f25552b623d94970b37b63c6b986d5bb.diagnostic_audio.wav
741454	2026-06-19 19:06	/home/jacobw/YTchannel/assets/media/prod_28271ef8f4624e6295f793c3369e14df/pjob_5176845d7be048b993dbded1f93cc3de.diagnostic_audio.wav
741454	2026-06-19 19:06	/home/jacobw/YTchannel/assets/media/prod_6770b8024aa9421b92e4d6945e12b806/pjob_8a660894a7ad424bbf743d31f2357a46.diagnostic_audio.wav
741454	2026-06-19 19:07	/home/jacobw/YTchannel/assets/media/prod_0a95a5fd39ba47b8b64086b6148c6ad6/pjob_73b9778d2d444f859424994dd2e85d1a.diagnostic_audio.wav
741454	2026-06-19 19:17	/home/jacobw/YTchannel/assets/media/prod_4453ec8e6f8b462487b4447d09b5ff60/pjob_004fdaf488d6417ca24a40c5125c7bbe.diagnostic_audio.wav
741454	2026-06-19 19:17	/home/jacobw/YTchannel/assets/media/prod_bc6cea42f956485a8ceecd80455a0543/pjob_006bb8fc32694762a0a7ac1e52f2a813.diagnostic_audio.wav
741454	2026-06-19 19:18	/home/jacobw/YTchannel/assets/media/prod_39c4e58227f4400dadc4e84d1d3b4227/pjob_3c3a2df0e0a142bebd2ab56a400c06ce.diagnostic_audio.wav
741454	2026-06-19 19:18	/home/jacobw/YTchannel/assets/media/prod_b0b702d0f2fe452f8358fd2c79de6368/pjob_e2a95c76a74b44d4a2c3f8883de8883b.diagnostic_audio.wav
741454	2026-06-19 19:18	/home/jacobw/YTchannel/assets/media/prod_dadafce6e70f472bb74b1a5e1827a12f/pjob_c74cda4bb98e4498a69b052256a761ae.diagnostic_audio.wav
741454	2026-06-19 19:19	/home/jacobw/YTchannel/assets/media/prod_76aa7211e0d7486eb72ea44e8a36780a/pjob_7fc241a9b8f94ecfa402b53d43b4afc3.diagnostic_audio.wav
741454	2026-06-19 19:19	/home/jacobw/YTchannel/assets/media/prod_f6747b4b6f184f37adc7639c26a23431/pjob_5361a4d56b3542538ba537f69c5199ff.diagnostic_audio.wav
741454	2026-06-19 19:20	/home/jacobw/YTchannel/assets/media/prod_2043fd54473d4811a9d47d57be56d6ed/pjob_20659168de154d37abc8ed5c11e8b5df.diagnostic_audio.wav
741454	2026-06-19 19:20	/home/jacobw/YTchannel/assets/media/prod_3d7bf9d1973543ab896394338e8a1b1b/pjob_a3259d782115483bba4022476f64bf80.diagnostic_audio.wav
741454	2026-06-19 19:20	/home/jacobw/YTchannel/assets/media/prod_ecb22ee185dc4374b468deced21fbcfc/pjob_d0319da4a0014e76b31bb00edc98ab32.diagnostic_audio.wav
741454	2026-06-19 19:39	/home/jacobw/YTchannel/assets/media/prod_220300aa770d4c14b4bc9e6574c2b54c/pjob_9262594e71e5404486f168b7bc96949a.diagnostic_audio.wav
741454	2026-06-19 19:40	/home/jacobw/YTchannel/assets/media/prod_2796a3fce6c142de86e19fb2d5f67818/pjob_389ba01049f44a149a9c86d79e49bf9f.diagnostic_audio.wav
741454	2026-06-19 19:40	/home/jacobw/YTchannel/assets/media/prod_3aa59068fc3145279e8f4578e6207c72/pjob_ecde1780b88a4f0bbf511e984342c2af.diagnostic_audio.wav
741454	2026-06-19 19:40	/home/jacobw/YTchannel/assets/media/prod_4ed19df225814b6b9638589fc1fa5af7/pjob_ea3f1ea12d4045bfb0cfde05871cbd42.diagnostic_audio.wav
741454	2026-06-19 19:41	/home/jacobw/YTchannel/assets/media/prod_42c0de4c8dd840b897b286d51edfae49/pjob_ca5e9bbde10846a380f839ea5ed64593.diagnostic_audio.wav
741454	2026-06-19 19:41	/home/jacobw/YTchannel/assets/media/prod_c4f413693b344fc28b50663c84e51dd1/pjob_9c651129c4204aebbbb8afc2293f116f.diagnostic_audio.wav
741454	2026-06-19 19:42	/home/jacobw/YTchannel/assets/media/prod_1e233ed85b174658bcf44f5935358143/pjob_4571fe11821c4c6880ae450884e7d73f.diagnostic_audio.wav
741454	2026-06-19 19:42	/home/jacobw/YTchannel/assets/media/prod_93133568867345f1a9a9aa51e16dd36b/pjob_339c653dacba4c318a19c2b262bd32cf.diagnostic_audio.wav
741454	2026-06-19 19:42	/home/jacobw/YTchannel/assets/media/prod_ebff8bf5665d4fe3acff4ce556ea7ad5/pjob_de5617c15a184cd6b00b340f44cdfa13.diagnostic_audio.wav
741454	2026-06-19 19:43	/home/jacobw/YTchannel/assets/media/prod_0808982affb746e381de3e910c30d17b/pjob_d699ea224b404f84b5ea10ec87280a99.diagnostic_audio.wav
741454	2026-06-19 19:49	/home/jacobw/YTchannel/assets/media/prod_e02f7e8abf674ece817787c8b514fed7/pjob_8a438726caaa4ae5b143ce7d1660ea0f.diagnostic_audio.wav
741454	2026-06-19 19:50	/home/jacobw/YTchannel/assets/media/prod_493da69f47c94d5bb72379ec51551fe6/pjob_80668b50a99c426cab9ec8ace8979775.diagnostic_audio.wav
741454	2026-06-19 19:50	/home/jacobw/YTchannel/assets/media/prod_983848972bf248569ede549142badb95/pjob_625b6ace3aad4c828c7e470886a77cc3.diagnostic_audio.wav
741454	2026-06-19 19:50	/home/jacobw/YTchannel/assets/media/prod_d13c0138d1154baa96a7a94e2dd6e6d5/pjob_5075e9e9ae0549e48f4568a02f6b60ed.diagnostic_audio.wav
741454	2026-06-19 19:51	/home/jacobw/YTchannel/assets/media/prod_12dfe650881e401097938c271ce947ea/pjob_06ed0a99c68f4b4c9ea73c5ebc7f1caa.diagnostic_audio.wav
741454	2026-06-19 19:51	/home/jacobw/YTchannel/assets/media/prod_267feb24ced442e78c98d417603ce8c3/pjob_427b1bcb9d54467bbbb28eb37c59d06a.diagnostic_audio.wav
741454	2026-06-19 19:52	/home/jacobw/YTchannel/assets/media/prod_025f66afcc744bfba81a67a6969c4457/pjob_5ebd9be646b64c239ab9893823b7d4cc.diagnostic_audio.wav
741454	2026-06-19 19:52	/home/jacobw/YTchannel/assets/media/prod_5439dde64f3a42558530d30a479c3bbd/pjob_e6a04d09856140afa57baa0288e0ed91.diagnostic_audio.wav
741454	2026-06-19 19:52	/home/jacobw/YTchannel/assets/media/prod_a083e53e5e8f42549912f5fdfc433251/pjob_bde76c62ade548beb4a94871a8bea580.diagnostic_audio.wav
741454	2026-06-19 19:53	/home/jacobw/YTchannel/assets/media/prod_14bbe2538d1645fbbe58d1fa60352da5/pjob_062dcebb8229419e884b1a2b0d57096f.diagnostic_audio.wav
741454	2026-06-19 19:57	/home/jacobw/YTchannel/assets/media/prod_519dc4a8cf7f47f0a5de02a83e8c3a71/pjob_97aa44e11e8d4866b901cc755a08c321.diagnostic_audio.wav
741454	2026-06-19 19:57	/home/jacobw/YTchannel/assets/media/prod_a0f03a606d2945e7be7a34471a66909e/pjob_8564be5409ab4105a2c574f04749e49c.diagnostic_audio.wav
741454	2026-06-19 19:57	/home/jacobw/YTchannel/assets/media/prod_e93e110688bf4cde9d4f3f7930fcc526/pjob_c85f6d085e894a519c2663526e4fafdc.diagnostic_audio.wav
741454	2026-06-19 19:58	/home/jacobw/YTchannel/assets/media/prod_1c44026f08c74f11a65a50ba6bd0c485/pjob_b2fdde49305e4a78a387ef8c404fd14d.diagnostic_audio.wav
741454	2026-06-19 19:58	/home/jacobw/YTchannel/assets/media/prod_760cd5086fd9487d8932cc9c8698cb3a/pjob_7b72dcaee9704c82b9a240660f18cd46.diagnostic_audio.wav
741454	2026-06-19 19:59	/home/jacobw/YTchannel/assets/media/prod_049a38a44a284fdca776fb4615b4d69d/pjob_a88bfb6a25c640db9b557f5859f6d600.diagnostic_audio.wav
741454	2026-06-19 19:59	/home/jacobw/YTchannel/assets/media/prod_73dc967131684eb4afdb7aadebfbb370/pjob_c9be489fe5414a2dbc6ad9cf36d53d73.diagnostic_audio.wav
741454	2026-06-19 19:59	/home/jacobw/YTchannel/assets/media/prod_9ccb0eec2206406595d3881d9d5993bf/pjob_fd63080d87a84a299ef4016a401c1497.diagnostic_audio.wav
741454	2026-06-19 20:00	/home/jacobw/YTchannel/assets/media/prod_1e345fbb1e8b4a05a1fbf51bc578cf41/pjob_5a4813040fd54e4ba3625e600af0d406.diagnostic_audio.wav
741454	2026-06-19 20:00	/home/jacobw/YTchannel/assets/media/prod_32481839eec2401fac0a93149bb18a71/pjob_6161eba2bd6b4c7e8e49891dc626cce2.diagnostic_audio.wav
741454	2026-06-19 20:02	/home/jacobw/YTchannel/assets/media/prod_c31f31b90df3479484a4d913bdcb317a/pjob_811cb10d290b4beea74727c5d396cce9.diagnostic_audio.wav
741454	2026-06-19 20:03	/home/jacobw/YTchannel/assets/media/prod_33957c2a2ed44348a13c1ff3248f3621/pjob_b581f9a735b145e68259573bc97f64c9.diagnostic_audio.wav
741454	2026-06-19 20:03	/home/jacobw/YTchannel/assets/media/prod_903cea29580d4a83a2f4c03a71f4518c/pjob_c843fefaa5584e40bf1181d04531f6e6.diagnostic_audio.wav
741454	2026-06-19 20:03	/home/jacobw/YTchannel/assets/media/prod_9de114e18d51471187f5ef0b50e2f55f/pjob_88b1a636d71a4edc80cce282a7a3d210.diagnostic_audio.wav
741454	2026-06-19 20:04	/home/jacobw/YTchannel/assets/media/prod_3efc876016ab4eeeb7e250855f8e9b62/pjob_3be8729f310d4c7fa22709f9158b319f.diagnostic_audio.wav
741454	2026-06-19 20:04	/home/jacobw/YTchannel/assets/media/prod_6ac7d1431ad2472aa7d4aa3d679ea417/pjob_dff8a7e51a514aa6bb85af1f42e65586.diagnostic_audio.wav
741454	2026-06-19 20:05	/home/jacobw/YTchannel/assets/media/prod_805753db7b614693b82fe1d7727a1dcc/pjob_4ff80c0265b94f3988a12c687cd6a167.diagnostic_audio.wav
741454	2026-06-19 20:05	/home/jacobw/YTchannel/assets/media/prod_a85748e521984a34840b88bbb772a9e4/pjob_719eee4a520e4cbb8d0b69779c3ba007.diagnostic_audio.wav
741454	2026-06-19 20:05	/home/jacobw/YTchannel/assets/media/prod_ca31abc946c54a22813c294f683db460/pjob_2193181c6f6e4ef49ea5cce68ecec385.diagnostic_audio.wav
741454	2026-06-19 20:06	/home/jacobw/YTchannel/assets/media/prod_6a5092adeda94738a07adbb3a064929e/pjob_fd2fa212d40f4424aef581d34e77180a.diagnostic_audio.wav
741454	2026-06-19 20:09	/home/jacobw/YTchannel/assets/media/prod_692321caf5654d399dfd39a4b888b770/pjob_2fc1d3a0821b453cb098722fff20d6c6.diagnostic_audio.wav
741454	2026-06-19 20:09	/home/jacobw/YTchannel/assets/media/prod_bc31c361e4fa4ae78b511adbd4cf6b93/pjob_6c55e00550724087a322aaae7219e8fd.diagnostic_audio.wav
741454	2026-06-19 20:09	/home/jacobw/YTchannel/assets/media/prod_ffd94a0c51a24e1b921b8f9452e7edd6/pjob_bacf51392e224f5489920eb04bd4521b.diagnostic_audio.wav
741454	2026-06-19 20:10	/home/jacobw/YTchannel/assets/media/prod_2c700e67bd724b58bb43c35acbf0f2da/pjob_21214c6aea7c4da7b3b2fbff8538f91b.diagnostic_audio.wav
741454	2026-06-19 20:10	/home/jacobw/YTchannel/assets/media/prod_a1035338b7e94134b753745ad68a898e/pjob_d8d5a5d142d04844a1d8dab853dc9b88.diagnostic_audio.wav
741454	2026-06-19 20:11	/home/jacobw/YTchannel/assets/media/prod_895f29390b8545c4a4b64c4b3ed76216/pjob_48691dd5425e4308928a2c3104667d0a.diagnostic_audio.wav
741454	2026-06-19 20:11	/home/jacobw/YTchannel/assets/media/prod_8a93a833990d46e394065a37acc2682e/pjob_5b88d2c1068a4bf69daee7350ea7ce04.diagnostic_audio.wav
741454	2026-06-19 20:11	/home/jacobw/YTchannel/assets/media/prod_efc17259c89443c9a3b7b7cd7a1607a8/pjob_21b4d904c63d4d368c9774b83483d713.diagnostic_audio.wav
741454	2026-06-19 20:12	/home/jacobw/YTchannel/assets/media/prod_1778b1138c8944fb8b97ce739c70035d/pjob_0db0d55d723b418ab6f95b9ea3cc7fce.diagnostic_audio.wav
741454	2026-06-19 20:12	/home/jacobw/YTchannel/assets/media/prod_2799d2809f56439097f05ba396d38600/pjob_ecb8cb3b5d5f410bb23743057c2ef249.diagnostic_audio.wav
741454	2026-06-19 20:22	/home/jacobw/YTchannel/assets/media/prod_a67aa61adfaf452a97cc201b32198d35/pjob_b50a980a3a0b40c8ae07798698885206.diagnostic_audio.wav
741454	2026-06-19 20:22	/home/jacobw/YTchannel/assets/media/prod_ca9c0218cb0543fd89166f3bc248b165/pjob_6bff213906e944048d4f892dd53ef56f.diagnostic_audio.wav
741454	2026-06-19 20:24	/home/jacobw/YTchannel/assets/media/prod_2c2c47cca6ca446b8a5b7231d1aefe65/pjob_1d90bd1dacf24b81b8626a0ee69741d1.diagnostic_audio.wav
741454	2026-06-19 20:24	/home/jacobw/YTchannel/assets/media/prod_e0cd0254d68a4b21847fd9590fb0d449/pjob_e68da2ad2160498e87a27c781f47f5db.diagnostic_audio.wav
741454	2026-06-19 20:25	/home/jacobw/YTchannel/assets/media/prod_4a5b862c6a9b4967833661c2dd99c7de/pjob_b68282210b294e859b71f098f0d5f110.diagnostic_audio.wav
741454	2026-06-19 20:25	/home/jacobw/YTchannel/assets/media/prod_61fed504fc0046c782fbcbf8b2dadf53/pjob_e3e784fad90e49f98a5626424e466fd5.diagnostic_audio.wav
741454	2026-06-19 20:25	/home/jacobw/YTchannel/assets/media/prod_858ef20990524298ac201ac8b4d2aecd/pjob_4c9c33780a4c438da065a6382fef9039.diagnostic_audio.wav
741454	2026-06-19 20:26	/home/jacobw/YTchannel/assets/media/prod_aef52c4ebaf442aca3f9e210298c0e2f/pjob_3dc33cb707cb4df18d9d834d45a96169.diagnostic_audio.wav
741454	2026-06-19 20:26	/home/jacobw/YTchannel/assets/media/prod_c725c285e0f14ed7b01effb9ff36a357/pjob_d3607a3d3be5414288e54740bcd3e3f3.diagnostic_audio.wav
741454	2026-06-19 20:26	/home/jacobw/YTchannel/assets/media/prod_fde19c883a704160bb9cc38df243c1c2/pjob_90dbb5ddce264212acaa247302204f77.diagnostic_audio.wav
741454	2026-06-19 20:27	/home/jacobw/YTchannel/assets/media/prod_0ad7840465fb414ca61ed01960f55013/pjob_761a804e2e5940789147d31b875d74a3.diagnostic_audio.wav
741454	2026-06-19 20:27	/home/jacobw/YTchannel/assets/media/prod_aaba4acb5fd8454eaf9811f40b717c62/pjob_39a4c73824c74be0bf4e342ae5adadae.diagnostic_audio.wav
741454	2026-06-19 20:36	/home/jacobw/YTchannel/assets/media/prod_13fa37fcfb784eb3840cdadb7f5dc98b/pjob_c3c5703d9cd449519f745d057b9979b2.diagnostic_audio.wav
741454	2026-06-19 20:36	/home/jacobw/YTchannel/assets/media/prod_7411eef494644be4a8b27e5bd0a4f924/pjob_67db5973c34e46e19dc8483b494e467a.diagnostic_audio.wav
741454	2026-06-19 20:38	/home/jacobw/YTchannel/assets/media/prod_1812d3a886f149f984b42c9b99715e5b/pjob_f674741f75854a86abd362c61241e4f2.diagnostic_audio.wav
741454	2026-06-19 20:38	/home/jacobw/YTchannel/assets/media/prod_7a2207f53a434a78b0a4843b80b5ad46/pjob_48da16efeee840cea528d76315dd43e4.diagnostic_audio.wav
741454	2026-06-19 20:39	/home/jacobw/YTchannel/assets/media/prod_2ce6583fd9cf4629a4019ebc641baa18/pjob_7e8fe7300a884006ae49caebaaceabc6.diagnostic_audio.wav
741454	2026-06-19 20:39	/home/jacobw/YTchannel/assets/media/prod_8a12bf0ca4c643b6a24c613fb41db1ab/pjob_63b26fccc2c94071ab64135f4d8d4dfe.diagnostic_audio.wav
741454	2026-06-19 20:39	/home/jacobw/YTchannel/assets/media/prod_c90cdb1475844d50bb0414776690adaa/pjob_5ea187d74b2049959fadbc785d335371.diagnostic_audio.wav
741454	2026-06-19 20:40	/home/jacobw/YTchannel/assets/media/prod_20fcb00a9ccf41e1b5fadb42471d34ec/pjob_e75ed296d05c483b9f2d8ed80e48499c.diagnostic_audio.wav
741454	2026-06-19 20:40	/home/jacobw/YTchannel/assets/media/prod_ba43fa07486f4ad2b8556d3571430521/pjob_5453c3642d864ef0983f61afc651b6c0.diagnostic_audio.wav
741454	2026-06-19 20:41	/home/jacobw/YTchannel/assets/media/prod_30d67b5affc54818b14919623e2ea90f/pjob_4a45fa0963a54528a73f0509cfbacd28.diagnostic_audio.wav
741454	2026-06-19 20:41	/home/jacobw/YTchannel/assets/media/prod_35cfe0a0823b41f4ac0f5b75d768a6bf/pjob_5669e97357264060b99362dd9e0de4a7.diagnostic_audio.wav
741454	2026-06-19 20:41	/home/jacobw/YTchannel/assets/media/prod_aa101554b9d840a6b85c881a472da126/pjob_3a2a57c2454149cc85e7393081b25599.diagnostic_audio.wav
741454	2026-06-19 21:14	/home/jacobw/YTchannel/assets/media/prod_2a0d613df2204ee1937630f801a1cf1f/pjob_4ad8c23dcadb4eea82f591d1258aaf18.diagnostic_audio.wav
741454	2026-06-19 21:15	/home/jacobw/YTchannel/assets/media/prod_5b6c3c75e7874ba8a26d4489b9960c97/pjob_f84e111232cc4d7d9990bf7d686897d3.diagnostic_audio.wav
741454	2026-06-19 21:15	/home/jacobw/YTchannel/assets/media/prod_b3a96d4ecdec4ef0a409aa998f647b27/pjob_53e25660931040859c5182410dbf5ed3.diagnostic_audio.wav
741454	2026-06-19 21:15	/home/jacobw/YTchannel/assets/media/prod_f7ee3c918e594f739333c9e137a7ae51/pjob_a82b9a83732d4e41b8dd587c59cdaef5.diagnostic_audio.wav
741454	2026-06-19 21:16	/home/jacobw/YTchannel/assets/media/prod_83c4bcdfd74f4ab6b9022923f91466d1/pjob_27edd850ef8646a4bad3bd2f67a886d6.diagnostic_audio.wav
741454	2026-06-19 21:16	/home/jacobw/YTchannel/assets/media/prod_94502a8d336e4515bb8a82fe108b0f51/pjob_59c0ccf68fd54b2d9989bb5e83586feb.diagnostic_audio.wav
741454	2026-06-19 21:17	/home/jacobw/YTchannel/assets/media/prod_94de3c2f416e4092a238de417d9581ac/pjob_4e2e794e83f84a988ab10372145f6c21.diagnostic_audio.wav
741454	2026-06-19 21:17	/home/jacobw/YTchannel/assets/media/prod_a924fa3486b1444d93aa5d4cc34b8732/pjob_cafa40bcfccc4cdd9173fbd26f539ede.diagnostic_audio.wav
741454	2026-06-19 21:17	/home/jacobw/YTchannel/assets/media/prod_f38e021ac5a0475bbadc98c0e6c61826/pjob_972af8e1e07946ad940b34f2d1c83745.diagnostic_audio.wav
741454	2026-06-19 21:18	/home/jacobw/YTchannel/assets/media/prod_6254acbe63d449f3b0cc39760144411f/pjob_55afec5f3ec84381ac56e708097be8a9.diagnostic_audio.wav
741454	2026-06-19 21:27	/home/jacobw/YTchannel/assets/media/prod_d5e48fba1ff44a6a8384fd7e2cd3eba8/pjob_71301300bdfd410981234f9dd161b237.diagnostic_audio.wav
741454	2026-06-19 21:28	/home/jacobw/YTchannel/assets/media/prod_47dbf6922ca74f3a897a7370f1a37429/pjob_f09c9178548c41c785d88f3cdf0588e8.diagnostic_audio.wav
741454	2026-06-19 21:28	/home/jacobw/YTchannel/assets/media/prod_9c15aac3e4294e0285799583363cbdf1/pjob_86cd5f57535e4a39a0749bc7d6c171c8.diagnostic_audio.wav
741454	2026-06-19 21:28	/home/jacobw/YTchannel/assets/media/prod_bfb0bd597bdb491aa6d87d6bc46c8385/pjob_d4e485705aee416a9cbd96b46a328b66.diagnostic_audio.wav
741454	2026-06-19 21:29	/home/jacobw/YTchannel/assets/media/prod_a6262762cfad4aa29fabefe5804d1701/pjob_1d8edfefa22b4208b8b4d500074b66ad.diagnostic_audio.wav
741454	2026-06-19 23:17	/home/jacobw/YTchannel/assets/media/prod_d5c82bb4961241beaedf0fa862fa49e1/pjob_0bcf879a69e949edac99c2d4eb0f4fa0.diagnostic_audio.wav
741454	2026-06-19 23:18	/home/jacobw/YTchannel/assets/media/prod_5e2f54fba2594da49d7297fa437cb28e/pjob_99475f523ea4470aad08ec8ead7ace07.diagnostic_audio.wav
741454	2026-06-19 23:18	/home/jacobw/YTchannel/assets/media/prod_5f0b2790eb8649269c71f9ec9be90531/pjob_69ff8fb03a144400b944084eb4691d87.diagnostic_audio.wav
741454	2026-06-19 23:18	/home/jacobw/YTchannel/assets/media/prod_9b353b76def64e26bc4233e3714a0493/pjob_0a16ed78900b40e0b7fde9d15bd23215.diagnostic_audio.wav
741454	2026-06-19 23:19	/home/jacobw/YTchannel/assets/media/prod_1106b39e5ff94640a6e88d9a6f936053/pjob_448bb0ec80be4676b11086f0ea5ca288.diagnostic_audio.wav
741454	2026-06-19 23:19	/home/jacobw/YTchannel/assets/media/prod_54c45fdceb774de891daf37331f67a71/pjob_1c68ca4c9a2e487dacbd15d7d9edb316.diagnostic_audio.wav
741454	2026-06-19 23:19	/home/jacobw/YTchannel/assets/media/prod_7904a1dbbd50438f8995e168db022647/pjob_43141f47619048aaad58c76438c73dee.diagnostic_audio.wav
741454	2026-06-19 23:20	/home/jacobw/YTchannel/assets/media/prod_00a16f9349194fb3a07cceb67175e173/pjob_5f91a43d471445a6a4d93bbe856249c2.diagnostic_audio.wav
741454	2026-06-19 23:20	/home/jacobw/YTchannel/assets/media/prod_c9d4c9f6e906433f9d0983087e8e1898/pjob_3cf10e6b20c745f187f0dd6828b2c9bf.diagnostic_audio.wav
741454	2026-06-19 23:21	/home/jacobw/YTchannel/assets/media/prod_a52daa8d8e6e4143a200f798d43d80c0/pjob_79aa5a305dd94f03a873970e103be32c.diagnostic_audio.wav
741454	2026-06-20 00:13	/home/jacobw/YTchannel/assets/media/prod_7c378cef6d6c4d37a5444c35920ac39e/pjob_47ad05ef3456431087d10bd61fa85b6c.diagnostic_audio.wav
741454	2026-06-20 00:14	/home/jacobw/YTchannel/assets/media/prod_8e449e5d698b47098799304beb7e0500/pjob_3ef986434c934eb4bad8bf085e4fbced.diagnostic_audio.wav
741454	2026-06-20 00:14	/home/jacobw/YTchannel/assets/media/prod_d52f872d75b64aca99df77efbb741e90/pjob_4f2bff88318b4f25a39bb22c18d28be6.diagnostic_audio.wav
741454	2026-06-20 00:15	/home/jacobw/YTchannel/assets/media/prod_26acbfcf2ea149b68b5c617792256dbc/pjob_34f10cd36a5f4ff5b9c5afcfd4115ead.diagnostic_audio.wav
741454	2026-06-20 00:15	/home/jacobw/YTchannel/assets/media/prod_9d268e172b7b44f78020ea995d24b679/pjob_d5c5bf2b7de840c48692dcf736bacc33.diagnostic_audio.wav
741454	2026-06-20 00:15	/home/jacobw/YTchannel/assets/media/prod_d6c48a4ce7f14ca3835d026d8355734c/pjob_104b8199ae0d490ea8ea7427337acc3b.diagnostic_audio.wav
741454	2026-06-20 00:16	/home/jacobw/YTchannel/assets/media/prod_094b8ce7e5b94cdbbbb55b1ddb8cb3d4/pjob_96812d100a7844868d05f6e8337cbaf2.diagnostic_audio.wav
741454	2026-06-20 00:16	/home/jacobw/YTchannel/assets/media/prod_2174a42e9b8f4e0e947851843209fd51/pjob_2596eebd1c444f54a7a4342ecbeccdca.diagnostic_audio.wav
741454	2026-06-20 00:16	/home/jacobw/YTchannel/assets/media/prod_99c5dbdd471a4e2880fc99fd1de4b4e9/pjob_544aae3330a1405c9c69326853699be9.diagnostic_audio.wav
741454	2026-06-20 00:17	/home/jacobw/YTchannel/assets/media/prod_c3aea06949084ba0922f6f03744c95ac/pjob_de0b1129dc524257be10f872caa37302.diagnostic_audio.wav
741454	2026-06-20 09:57	/home/jacobw/YTchannel/assets/media/prod_f0b6aafd5b5b4e348fb18481b56b591b/pjob_6dafe078f8e34396a6047bc1a3ed5e89.diagnostic_audio.wav
741454	2026-06-20 10:00	/home/jacobw/YTchannel/assets/media/prod_898b73d50f294f36ba090b717588a470/pjob_e4e45c3ff7854b1dab5b630f8c3964d4.diagnostic_audio.wav
741454	2026-06-20 10:00	/home/jacobw/YTchannel/assets/media/prod_d6b460e9b63c48b48e8870fb954f9afc/pjob_c65149a23ce94507a05e81dcdc248ea3.diagnostic_audio.wav
741454	2026-06-20 10:01	/home/jacobw/YTchannel/assets/media/prod_52fb1bb14cf044f6ad97a57b27c49fc4/pjob_8ced88e2ecab497ab02404adbd05363b.diagnostic_audio.wav
741454	2026-06-20 10:01	/home/jacobw/YTchannel/assets/media/prod_ca6f1bc4b3b240a293d3ab4d7404f320/pjob_6f4ed304fef4409da6a0f2de74f40a12.diagnostic_audio.wav
741454	2026-06-20 10:02	/home/jacobw/YTchannel/assets/media/prod_2f08276a534a4ee6a1039c7d4615250b/pjob_b6e56631eeb04d0abce2460b905b3f26.diagnostic_audio.wav
741454	2026-06-20 10:02	/home/jacobw/YTchannel/assets/media/prod_3ada3609c11b4d0c8c5f075b26faecbc/pjob_c2b778ffa7f343849ec848aeea40be1e.diagnostic_audio.wav
741454	2026-06-20 10:03	/home/jacobw/YTchannel/assets/media/prod_17c4be16ef4c471ebe9c1e3f1888287b/pjob_45453d2178e5408791ec51337285ceba.diagnostic_audio.wav
741454	2026-06-20 10:03	/home/jacobw/YTchannel/assets/media/prod_c1a325cd3ec04112b34a57a58fb0a9e0/pjob_251b1ea32fae499aa8d1b83b74fc9786.diagnostic_audio.wav
741454	2026-06-20 10:03	/home/jacobw/YTchannel/assets/media/prod_e8a19a4160c94de089949cef823fa6a0/pjob_a68bc23d8c954e81b29051691735846f.diagnostic_audio.wav
741454	2026-06-20 10:04	/home/jacobw/YTchannel/assets/media/prod_02b39d2ba4bb4fb2b16a73a3c1128c41/pjob_9bac2b9de6d641bca96a934ddc2eb494.diagnostic_audio.wav
741454	2026-06-20 10:04	/home/jacobw/YTchannel/assets/media/prod_3941980c9d364404ab9f83ba58d2afec/pjob_d73b4d41000f4c7595efb48280b6a5a3.diagnostic_audio.wav
741454	2026-06-20 10:05	/home/jacobw/YTchannel/assets/media/prod_31258b9077684bdea768d6026d444ad1/pjob_fc97bdb940744cbcbdea8742491f5b31.diagnostic_audio.wav
741454	2026-06-20 10:05	/home/jacobw/YTchannel/assets/media/prod_49f6ea7c152140dca5d8e4e4d8ae9c59/pjob_28fd65148d2a47fba571b9557799d39c.diagnostic_audio.wav
741454	2026-06-20 10:05	/home/jacobw/YTchannel/assets/media/prod_f50482567652409b9a6ea8d2ef775310/pjob_47c238c0a491497a886ab057afedcc47.diagnostic_audio.wav
741454	2026-06-20 10:06	/home/jacobw/YTchannel/assets/media/prod_cb55b73372df4b1a8a2f93908c71d25b/pjob_57453fc2053b416fa61ef82b1e1fd821.diagnostic_audio.wav
741454	2026-06-20 10:07	/home/jacobw/YTchannel/assets/media/prod_04619e1874274aeaa39fcdc383f5306f/pjob_1d3462fbd4334eb69246572f88b202bf.diagnostic_audio.wav
741454	2026-06-20 10:07	/home/jacobw/YTchannel/assets/media/prod_86ce3ae54bce45ceafa3e47e0200ef54/pjob_02d50266857147c88515badd5bfee51c.diagnostic_audio.wav
741454	2026-06-20 10:07	/home/jacobw/YTchannel/assets/media/prod_fdd465eb2b794d43898fb856f36c5edd/pjob_c9ad2516d0d5430182776379bd7b7375.diagnostic_audio.wav
741454	2026-06-20 10:08	/home/jacobw/YTchannel/assets/media/prod_d51bfde573f448bcb45f0b42aa777388/pjob_f47e2c0cc1894babbb90f754fd548966.diagnostic_audio.wav
741454	2026-06-20 10:08	/home/jacobw/YTchannel/assets/media/prod_ec691b02bc17448197ddc8c61fc6531f/pjob_f0b40f383612426eb94668e65a0e4af1.diagnostic_audio.wav
741454	2026-06-20 10:09	/home/jacobw/YTchannel/assets/media/prod_1b9750aadc394d5ab919295214d383ea/pjob_5edce62d55ad4ef68d43bee035eabf01.diagnostic_audio.wav
741454	2026-06-20 10:09	/home/jacobw/YTchannel/assets/media/prod_6424e08007e8427380c7338d864381bc/pjob_4b50d580e40d4ab0a220dd7b80dd365c.diagnostic_audio.wav
741454	2026-06-20 10:09	/home/jacobw/YTchannel/assets/media/prod_c29286260b5b4b4eac8e275b1820d9bf/pjob_072e8772b3874e3a858b3e53549483e7.diagnostic_audio.wav
741454	2026-06-20 10:10	/home/jacobw/YTchannel/assets/media/prod_5d76262e84c64f5d9adc2c91760ff98d/pjob_3b827e1b4cc045b8b3a310f49eb667ac.diagnostic_audio.wav
741454	2026-06-20 10:10	/home/jacobw/YTchannel/assets/media/prod_cd0f1bbe731d4852b70fa3bd1f64150d/pjob_8900cbda206c4b6294742653cafc15d1.diagnostic_audio.wav
741454	2026-06-20 10:11	/home/jacobw/YTchannel/assets/media/prod_4b0a85c982744c98903eb3d36da2c9ff/pjob_877dc6a24230486ebd713ec7455736a5.diagnostic_audio.wav
741454	2026-06-20 10:11	/home/jacobw/YTchannel/assets/media/prod_b89e63b9c8c44e3fbaf3eecb52705b94/pjob_cab0f4bc334948f5bc5831517e116ef6.diagnostic_audio.wav
741454	2026-06-20 10:12	/home/jacobw/YTchannel/assets/media/prod_7a5da6873ec64442aa80aea17dc915eb/pjob_5df1fbcab6814939b06809334a7d1842.diagnostic_audio.wav
741454	2026-06-20 10:12	/home/jacobw/YTchannel/assets/media/prod_9b583ac32bf44b1898eab2b6fc309c10/pjob_7f43dd424e57483f8b86b63b794e3301.diagnostic_audio.wav
741454	2026-06-20 10:12	/home/jacobw/YTchannel/assets/media/prod_cc951ede102440579696fc5c531377b6/pjob_9c7202b8db4e4df581ee9952c0f3d162.diagnostic_audio.wav
741454	2026-06-20 10:13	/home/jacobw/YTchannel/assets/media/prod_5f4d91cc68e94051aa77410f56005383/pjob_d27e291ffbce49b5b80b56bb976cc1d4.diagnostic_audio.wav
741454	2026-06-20 10:13	/home/jacobw/YTchannel/assets/media/prod_f032d4ef2ef846139f772c5f6e032e8e/pjob_12bd3ded992140449a8ff487f892cfed.diagnostic_audio.wav
741454	2026-06-20 10:14	/home/jacobw/YTchannel/assets/media/prod_0804e2bca15749f495f0cc7c930d40bc/pjob_8b0ae750fff84ca6a2fd8c61fff8ae8d.diagnostic_audio.wav
741454	2026-06-20 10:14	/home/jacobw/YTchannel/assets/media/prod_38c0d49f24ef49ee8aba457814305259/pjob_923180485a5e409a947234ecd280e222.diagnostic_audio.wav
741454	2026-06-20 10:14	/home/jacobw/YTchannel/assets/media/prod_f18818f435694305b81ab6ac310e5c7f/pjob_063d4aadbc8b4317801efeadcb9bd407.diagnostic_audio.wav
741454	2026-06-20 10:38	/home/jacobw/YTchannel/assets/media/prod_a8c740152bac4d15b165b8c6a9cf7d5a/pjob_ca872c64e02b41e6ba66264174d73de2.diagnostic_audio.wav
741454	2026-06-20 10:39	/home/jacobw/YTchannel/assets/media/prod_90632ecfd28f46faa244a4eff593bec9/pjob_9ddce5b90d684276ae52bde11bd0a5a2.diagnostic_audio.wav
741454	2026-06-20 10:39	/home/jacobw/YTchannel/assets/media/prod_c7c345f06d9a46caaf7c201b4fd74e04/pjob_dc363c4bca99408d84e4e28dfba62541.diagnostic_audio.wav
741454	2026-06-20 10:40	/home/jacobw/YTchannel/assets/media/prod_e80d780c4b144127b8802fc92d2785ca/pjob_bade594a5eb74473974e81a3201cd783.diagnostic_audio.wav
741454	2026-06-20 10:41	/home/jacobw/YTchannel/assets/media/prod_94551e5dbe8049a882735d0bdef67ea3/pjob_d33e9e6c1aae483fb84a9c96a9a61aa7.diagnostic_audio.wav
741454	2026-06-20 10:41	/home/jacobw/YTchannel/assets/media/prod_c5a20a8587c64360bc14b4d54c84b695/pjob_f97a85deb7ff48c88c6c8f7284cdabb6.diagnostic_audio.wav
741454	2026-06-20 10:43	/home/jacobw/YTchannel/assets/media/prod_6ac42e19946e442f9c7a1d43b743b100/pjob_1494bda6028e40a1b4b86bde37449ce0.diagnostic_audio.wav
741454	2026-06-20 10:43	/home/jacobw/YTchannel/assets/media/prod_9826604a2ccf4ac5bfcf51707620beac/pjob_a7641af662c64a37b70545cf728a358d.diagnostic_audio.wav
741454	2026-06-20 10:43	/home/jacobw/YTchannel/assets/media/prod_a7993b7252754902ac5979e3192cdb2b/pjob_d509488fe57f4efaa622f30761f186f2.diagnostic_audio.wav
741454	2026-06-20 10:44	/home/jacobw/YTchannel/assets/media/prod_0fd8e1355cb94f11825ca38e39095021/pjob_00a795f766aa4563a02b044c8fbbf397.diagnostic_audio.wav
741454	2026-06-20 10:44	/home/jacobw/YTchannel/assets/media/prod_6dd1cf431aee4373a2f5191f6fd15a6c/pjob_6bcd5eb65e2d4e65b8b8f92edb77aab4.diagnostic_audio.wav
741454	2026-06-20 10:44	/home/jacobw/YTchannel/assets/media/prod_911b51c63bbb4b7ab66595660a5f5a51/pjob_25beba812ada4623b88cefafcd53436e.diagnostic_audio.wav
741454	2026-06-20 10:45	/home/jacobw/YTchannel/assets/media/prod_a31dcee0fe1e45bd995667659747b9c9/pjob_dd78a01adf1940e18f61ded63296f0e2.diagnostic_audio.wav
741454	2026-06-20 10:45	/home/jacobw/YTchannel/assets/media/prod_da141984e2c1468fa671887b59534a15/pjob_5b2a870b31104695b0ee1fa8cb46c365.diagnostic_audio.wav
741454	2026-06-20 10:46	/home/jacobw/YTchannel/assets/media/prod_362899a8e0184293821c283e744569e4/pjob_e4daaf0dcaaa400991634a21c4d4d063.diagnostic_audio.wav
741454	2026-06-20 10:46	/home/jacobw/YTchannel/assets/media/prod_60173d0a5f5040a8ada01b707150e901/pjob_9c7a75f3bba2428da24ba29940e03622.diagnostic_audio.wav
741454	2026-06-20 12:04	/home/jacobw/YTchannel/assets/media/prod_a2efa550033a45d09494911825d0fe89/pjob_a0f9e0c7c80549d58baf179e496f5767.diagnostic_audio.wav
741454	2026-06-20 12:04	/home/jacobw/YTchannel/assets/media/prod_df9c339a75ab407698f3f248ce61eea6/pjob_c738301756994c36a64c31408c0225b9.diagnostic_audio.wav
741454	2026-06-20 12:04	/home/jacobw/YTchannel/assets/media/prod_e4281e8aacac41a38a5be20b563a1830/pjob_ae3d5f3eb14e4175903fe3816258d787.diagnostic_audio.wav
741454	2026-06-20 12:06	/home/jacobw/YTchannel/assets/media/prod_1780cd0901504cfba60e538f691512cc/pjob_0c7283e6bb074f9d8ddc51317b395a34.diagnostic_audio.wav
741454	2026-06-20 12:06	/home/jacobw/YTchannel/assets/media/prod_80a26baed9e34550afb1e5eb05906205/pjob_22ee71af5de943739a668d85ff309b00.diagnostic_audio.wav
741454	2026-06-20 12:07	/home/jacobw/YTchannel/assets/media/prod_17a746d6f26c41df9266007a05d79f5c/pjob_09674432dd12447da3a2989cce34a3c1.diagnostic_audio.wav
741454	2026-06-20 12:07	/home/jacobw/YTchannel/assets/media/prod_4445fd9ec6e0445d8d0004c9c332d933/pjob_791cf88653254c7fb6ae1086bf35700c.diagnostic_audio.wav
741454	2026-06-20 12:07	/home/jacobw/YTchannel/assets/media/prod_6d7fbfbbfd684448858074c34198a86a/pjob_17a5a14a274b471bbaa786906a931f38.diagnostic_audio.wav
741454	2026-06-20 12:08	/home/jacobw/YTchannel/assets/media/prod_4314c88a63e94af1a460b15899ca769b/pjob_81103d079d014e988ff8c1b63eec99b0.diagnostic_audio.wav
741454	2026-06-20 12:08	/home/jacobw/YTchannel/assets/media/prod_680328eb51324863be73943f7078ffea/pjob_b8186626d95e42f88891f220d0f8ee63.diagnostic_audio.wav
741454	2026-06-20 12:08	/home/jacobw/YTchannel/assets/media/prod_b64ebbede17f4475b053203e9ab18771/pjob_4fe658792e544491a597d02d775160f7.diagnostic_audio.wav
741454	2026-06-20 12:09	/home/jacobw/YTchannel/assets/media/prod_64eac0c0570f40dc947fc9e444c16fd3/pjob_e68883f9956c43328d97e4af0c4517da.diagnostic_audio.wav
741454	2026-06-20 12:09	/home/jacobw/YTchannel/assets/media/prod_bbb4d7e99e6e44cd88fe2466a7988088/pjob_74823b76727945aaa05a0ba9c86875a3.diagnostic_audio.wav
741454	2026-06-20 12:25	/home/jacobw/YTchannel/assets/media/prod_78a90ab5ed2f4c8494d2b1f6d98e868b/pjob_06b65b2b4a424459b67ef807810dd67e.diagnostic_audio.wav
741454	2026-06-20 12:25	/home/jacobw/YTchannel/assets/media/prod_e4fc11f9b5024c1da36c6511716345e4/pjob_e06496eb509d466582717095262a47e4.diagnostic_audio.wav
741454	2026-06-20 12:26	/home/jacobw/YTchannel/assets/media/prod_e0083fb871f64b79a34f53829908cb38/pjob_9ba9037430814cb289c78dd0e4c1ecbe.diagnostic_audio.wav
741454	2026-06-20 12:27	/home/jacobw/YTchannel/assets/media/prod_3e63a337a5d34874a30e9aebdc9dc53c/pjob_557994ae0a3542b4913128354af78e38.diagnostic_audio.wav
741454	2026-06-20 12:27	/home/jacobw/YTchannel/assets/media/prod_c871f6e8cb29428588407d92a54c4325/pjob_fa28f6f225a74d0d8cafe8f94ab3ba0a.diagnostic_audio.wav
741454	2026-06-20 12:28	/home/jacobw/YTchannel/assets/media/prod_2a6ed34648384a0cb800c0a146691f1c/pjob_28346b7eb41e4be58a4518a37bdb6e80.diagnostic_audio.wav
741454	2026-06-20 12:28	/home/jacobw/YTchannel/assets/media/prod_548bda61e4824121850c96283fdb50eb/pjob_8d92a046e43f4c16a0feec72c72561d9.diagnostic_audio.wav
741454	2026-06-20 12:29	/home/jacobw/YTchannel/assets/media/prod_2fdf2a5989b545d7be58210ebc969e29/pjob_c4225f9318494faea13088989eebb801.diagnostic_audio.wav
741454	2026-06-20 12:29	/home/jacobw/YTchannel/assets/media/prod_66fc5dfe045b460ca4cea6ff942bedf0/pjob_10a84b27cd27440e8f1f0962ea4cbd85.diagnostic_audio.wav
741454	2026-06-20 12:29	/home/jacobw/YTchannel/assets/media/prod_f7c5f307c90e41838de499c176535f34/pjob_21d58d9a9a194dd298389313ba158a2b.diagnostic_audio.wav
741454	2026-06-20 12:30	/home/jacobw/YTchannel/assets/media/prod_846945b9b913479782cf925eec47033d/pjob_a24dbe62152e43229e47d80b1bc6ddf8.diagnostic_audio.wav
741454	2026-06-20 12:30	/home/jacobw/YTchannel/assets/media/prod_d25c3a3d8a4748e684de4becc2884194/pjob_e1d6dcd67e514c4996283a2d3e552c98.diagnostic_audio.wav
741454	2026-06-20 12:30	/home/jacobw/YTchannel/assets/media/prod_e72b81c82300492dbb5c5c0d3578984f/pjob_e66b702461c1495f8e7794f6a0e68810.diagnostic_audio.wav
741454	2026-06-20 12:56	/home/jacobw/YTchannel/assets/media/prod_47344dad39a9461fb015c28bc0b15b82/pjob_9435a7378ecd489b991730fad0bfca6b.diagnostic_audio.wav
741454	2026-06-20 13:04	/home/jacobw/YTchannel/assets/media/prod_f74962c0f308432c9e3a3df3422c0a4e/pjob_902875154e4b4befaee261dbf832a9f2.diagnostic_audio.wav
741454	2026-06-20 13:05	/home/jacobw/YTchannel/assets/media/prod_613f20d7ca5e4c61ae50c0f3714ebe5d/pjob_5961f7d0fde645f090171638cbc8a37b.diagnostic_audio.wav
741454	2026-06-20 13:06	/home/jacobw/YTchannel/assets/media/prod_3ee3bde01ba44234b683c407bbec84b0/pjob_38642ffb30bc496d908300c3f6b5d485.diagnostic_audio.wav
741454	2026-06-20 13:07	/home/jacobw/YTchannel/assets/media/prod_a66c3866b0ad4d9fa34539adac92824b/pjob_6c5c11bd27e04238a3c4682f20c22d72.diagnostic_audio.wav
741454	2026-06-20 13:08	/home/jacobw/YTchannel/assets/media/prod_eacebca84f98469b9f339158a6997200/pjob_ac148875feab4279b7f62f45490c3153.diagnostic_audio.wav
741454	2026-06-20 13:09	/home/jacobw/YTchannel/assets/media/prod_543ef8b9f6d54a65bcdb2a5558208411/pjob_30408429e95a4a8dadef41bdd72f5dc9.diagnostic_audio.wav
741454	2026-06-20 13:09	/home/jacobw/YTchannel/assets/media/prod_d0032e0ec4cb41e5a30db42e51d951ed/pjob_6547c1f619834e3995c233ab76a76245.diagnostic_audio.wav
741454	2026-06-20 13:10	/home/jacobw/YTchannel/assets/media/prod_b4dd6920a010465d83d9e9a670c8e3a5/pjob_0275e9400d3e4412a715e2eb680c7644.diagnostic_audio.wav
741454	2026-06-20 13:11	/home/jacobw/YTchannel/assets/media/prod_743aa1bbb80349fe9463274cd09b464f/pjob_ba699d6f00ab4a9b93fafbd7c4dcf232.diagnostic_audio.wav
741454	2026-06-20 13:12	/home/jacobw/YTchannel/assets/media/prod_4c152e14e7ef4343be77cf98c1057cdf/pjob_07798fbce30a41e58c61ea4e392cc348.diagnostic_audio.wav
741454	2026-06-20 13:13	/home/jacobw/YTchannel/assets/media/prod_2fbe3db0fa134b94905280db0277b2b2/pjob_443dc85731d641feb0dc0dc998f48ee2.diagnostic_audio.wav
741454	2026-06-20 13:47	/home/jacobw/YTchannel/assets/media/prod_844aabba0a7b40f38da9f5582abbe737/pjob_048bccce4ed94dccafc594024d8eb61a.diagnostic_audio.wav
741454	2026-06-20 13:48	/home/jacobw/YTchannel/assets/media/prod_d601b7a549e9486ca3e76fb9786f3f24/pjob_7cf0772bf7fc436aa602ceedecfe80f5.diagnostic_audio.wav
741454	2026-06-20 13:49	/home/jacobw/YTchannel/assets/media/prod_4070e06189014e27b92d053049a026b1/pjob_eca5fc8b853e43a3891a619f2ba4bb56.diagnostic_audio.wav
741454	2026-06-20 13:50	/home/jacobw/YTchannel/assets/media/prod_49f0294ae49946b98130df95402448d2/pjob_9114c13203954550a17e485b8fce7b9b.diagnostic_audio.wav
741454	2026-06-20 13:51	/home/jacobw/YTchannel/assets/media/prod_c335847ae57847308e7f837a0abee796/pjob_889787b202ce4b63875dd3d63bb14df1.diagnostic_audio.wav
741454	2026-06-20 13:51	/home/jacobw/YTchannel/assets/media/prod_d8c33097802b4f0fbee88506ac1e82c5/pjob_0f841284a32f4901af03d44712c7ac92.diagnostic_audio.wav
741454	2026-06-20 13:52	/home/jacobw/YTchannel/assets/media/prod_433ccccbbd6146d8ba7e9c04ae1ffff9/pjob_1d09b2583e704f18bd0b99e393ec2ebf.diagnostic_audio.wav
741454	2026-06-20 13:53	/home/jacobw/YTchannel/assets/media/prod_7ffdd61bb45a4541860f39926d7f025e/pjob_36e679707b7d4ed59a16676c40348117.diagnostic_audio.wav
741454	2026-06-20 13:54	/home/jacobw/YTchannel/assets/media/prod_df86c74be45f454fa617c5d8b8c72154/pjob_8447710b35944330b054639973e75ee2.diagnostic_audio.wav
741454	2026-06-20 13:55	/home/jacobw/YTchannel/assets/media/prod_941c27d2efb84c87a4032a7095a42e96/pjob_c0940dc8229c42cf8ed7333ac3bc6d84.diagnostic_audio.wav
741454	2026-06-20 13:56	/home/jacobw/YTchannel/assets/media/prod_0d486b7c062a47e6bf9204c407e1c4c3/pjob_96dfd33ca3e5498bbfd09b27f544f030.diagnostic_audio.wav
741454	2026-06-20 16:56	/home/jacobw/YTchannel/assets/media/prod_003f2541c79649c6a4cd03eb9c005b34/pjob_779472c9581540dcbc0830d7bd61771a.diagnostic_audio.wav
741454	2026-06-20 16:57	/home/jacobw/YTchannel/assets/media/prod_2bb86b48ae3d44cdaa4878c31571305b/pjob_07cfbeb8bc6f400d94aa4ad01747f425.diagnostic_audio.wav
741454	2026-06-20 16:58	/home/jacobw/YTchannel/assets/media/prod_3ee5770219344df78cbb224b8665914b/pjob_371de5bc23544e95bb01831c7c0e0fa8.diagnostic_audio.wav
741454	2026-06-20 16:59	/home/jacobw/YTchannel/assets/media/prod_39e34cd0d4674c088eddde67100a6be4/pjob_7e52a850eaee477ab8849a70ea23db97.diagnostic_audio.wav
741454	2026-06-20 17:00	/home/jacobw/YTchannel/assets/media/prod_020e53e741734588ba55978db1534b68/pjob_fe84df8f8da7444ba413f580620c5308.diagnostic_audio.wav
741454	2026-06-20 17:00	/home/jacobw/YTchannel/assets/media/prod_4f9fc1716dc94c5ba1d05843f9e72e58/pjob_868bc2f1d5b4460181e448a9c7380598.diagnostic_audio.wav
741454	2026-06-20 20:55	/home/jacobw/YTchannel/assets/media/prod_9767dee9166f4101ad9eaed95dab77fe/pjob_08e30f3540fa4dd5af1658a8c4edc51d.diagnostic_audio.wav
741454	2026-06-20 20:55	/home/jacobw/YTchannel/assets/media/prod_a5fb9c3226374d3d89fc6757c5551488/pjob_05a97ec3d3b54fd088b3082061b2fe06.diagnostic_audio.wav
741454	2026-06-20 20:56	/home/jacobw/YTchannel/assets/media/prod_2832c329f05a4ca0a7c34cf4993a1052/pjob_3ea74de244a045aeaf7b4fb0866658e5.diagnostic_audio.wav
741454	2026-06-20 20:56	/home/jacobw/YTchannel/assets/media/prod_5bc7e49f323f41a1830cdaa7348a2255/pjob_ecd6e303144f430eb2d7e2e0c15c863a.diagnostic_audio.wav
741454	2026-06-20 20:56	/home/jacobw/YTchannel/assets/media/prod_7cdbc5f95cce470ca99981ccfd6f82ce/pjob_f78a880670b64e979d4d5effc658ff07.diagnostic_audio.wav
741454	2026-06-20 20:56	/home/jacobw/YTchannel/assets/media/prod_c90d1788aabf40e4b32d04175a8703dc/pjob_1331885f9e3f48d3b87db72d3823ab4a.diagnostic_audio.wav
741454	2026-06-20 20:56	/home/jacobw/YTchannel/assets/media/prod_d0feb04e88ca4acf9f6a194b0c23a85e/pjob_2f91b82a1ace49e7a19909250b761702.diagnostic_audio.wav
741454	2026-06-20 21:02	/home/jacobw/YTchannel/assets/media/prod_08582b0e66e24c3abc08a5e8fb8aec41/pjob_3c834309b8f645c88423a062408548f6.diagnostic_audio.wav
741454	2026-06-20 21:02	/home/jacobw/YTchannel/assets/media/prod_3ecba6bb20e24ee3a9e8f40d669fcf40/pjob_ebdea7d8ac334eeda0b438eb7df219f5.diagnostic_audio.wav
741454	2026-06-20 21:02	/home/jacobw/YTchannel/assets/media/prod_447485ad16cd4ad58767b41d5bdef23a/pjob_94a0a495b9aa4a8a874ad3bb772bb8d4.diagnostic_audio.wav
741454	2026-06-20 21:02	/home/jacobw/YTchannel/assets/media/prod_55dc9889c755422e90062b653b3dbff0/pjob_6e4ae9eda8ef492d90d99c58540d8151.diagnostic_audio.wav
741454	2026-06-20 21:02	/home/jacobw/YTchannel/assets/media/prod_f9c17e979ba74766819ad6d2df427232/pjob_495cbcfa21d04625a24d0794dd6c5630.diagnostic_audio.wav
741454	2026-06-20 21:03	/home/jacobw/YTchannel/assets/media/prod_47e53a56d61041b0b5b84465cc3a4c6a/pjob_b0e5e32248ac4978b7e6b6f66e9f9d54.diagnostic_audio.wav
741454	2026-06-20 21:03	/home/jacobw/YTchannel/assets/media/prod_6d96cd4bcbd7406285a26b99aa4fceba/pjob_5edf2888a1a741059959b9158bce18c8.diagnostic_audio.wav
741454	2026-06-20 21:08	/home/jacobw/YTchannel/assets/media/prod_077f1f05e6424381b054fadfc3d08a78/pjob_3e760381c423403d9c96198e1cd0c38f.diagnostic_audio.wav
802894	2026-06-18 15:29	/home/jacobw/YTchannel/assets/media/prod_92605736e62e40899b77ab9ea314be23/pjob_a30ff801aef7463aa67cb2aa3cd4e4ab.diagnostic_audio.wav
802894	2026-06-18 15:30	/home/jacobw/YTchannel/assets/media/prod_5ccbc0124eb047b8ae63be04e20a9865/pjob_2ac7a581f1564216ace245140a496a41.diagnostic_audio.wav
802894	2026-06-18 15:31	/home/jacobw/YTchannel/assets/media/prod_01ddfd49b72f4a94a4d14c957a7e284b/pjob_76c32d3f2e914acf967884e725c9467a.diagnostic_audio.wav
802894	2026-06-18 15:33	/home/jacobw/YTchannel/assets/media/prod_731c57b3c7b449098538732d4ea7d133/pjob_cd4b6ade5ab247348fcbe90a9f1b47f3.diagnostic_audio.wav
802894	2026-06-18 15:36	/home/jacobw/YTchannel/assets/media/prod_b040534ee9c54720840ca03e56e08962/pjob_3497010ee83540b88e28348774e3cd1f.diagnostic_audio.wav
802894	2026-06-18 15:38	/home/jacobw/YTchannel/assets/media/prod_0bced67a9ff243bbad6410ce2599f8cb/pjob_0bf5d9ec321a4d50aa500d91eac2cde9.diagnostic_audio.wav
802894	2026-06-18 15:39	/home/jacobw/YTchannel/assets/media/prod_e37dc8799ddc475dbff54bccca95b3b7/pjob_2d5d00a2781b4078ac763ddd153c5254.diagnostic_audio.wav
802894	2026-06-18 15:39	/home/jacobw/YTchannel/assets/media/prod_e37dc8799ddc475dbff54bccca95b3b7/pjob_d400aa2e7e7c4a2c8be373c068c393b8.diagnostic_audio.wav
802894	2026-06-18 15:41	/home/jacobw/YTchannel/assets/media/prod_d91002b99be148718acb6a1bb013e172/pjob_ebf30ae5461f485e8081f9ec2469a65b.diagnostic_audio.wav
802894	2026-06-18 15:45	/home/jacobw/YTchannel/assets/media/prod_e7a087697bd145f2b4e3653b2802b939/pjob_11dd734dac3c44e3a02eadc2b89120d1.diagnostic_audio.wav
802894	2026-06-18 15:46	/home/jacobw/YTchannel/assets/media/prod_629a2237f6cd4a91bed095c56147d778/pjob_4abeb6dabbd94a289efd8d28aeabe29d.diagnostic_audio.wav
802894	2026-06-18 15:46	/home/jacobw/YTchannel/assets/media/prod_ed60e7661fab497d8e080351d728bcd5/pjob_dce9c3c30a5540149f3a558d79555708.diagnostic_audio.wav
802894	2026-06-18 15:47	/home/jacobw/YTchannel/assets/media/prod_72691471f3e04296a990147b65dd7635/pjob_2d28114c41dd4170bc2bf875f46e1bf7.diagnostic_audio.wav
802894	2026-06-18 15:47	/home/jacobw/YTchannel/assets/media/prod_e5cdda87ba3c439b8e275a5904ff7bc0/pjob_2075a5551fdf4842b3e780b961466c92.diagnostic_audio.wav
802894	2026-06-18 15:48	/home/jacobw/YTchannel/assets/media/prod_9fc604145b96477e8115a5bc1ad42fb2/pjob_3de0aeef1ede404ba3681b573ded6057.diagnostic_audio.wav
802894	2026-06-18 15:48	/home/jacobw/YTchannel/assets/media/prod_fec71ef724d649cc8da0f3a1dccb2def/pjob_f9175db378d24c4ca228abe91f3b98d6.diagnostic_audio.wav
802894	2026-06-18 15:49	/home/jacobw/YTchannel/assets/media/prod_2af83c84df1041ccab08c11378467142/pjob_1ea5b3a24a4c486d9ddd9611f3df1359.diagnostic_audio.wav
802894	2026-06-18 15:49	/home/jacobw/YTchannel/assets/media/prod_92b7aa5856134c35bc8098ce95762fbc/pjob_39c3d903cc1f4a5c99b52b256724e2f6.diagnostic_audio.wav
802894	2026-06-18 15:49	/home/jacobw/YTchannel/assets/media/prod_a779c5ef5d9e4664b36ba8721092e27b/pjob_5c71e47154cb4e5080a29e1b63a654f2.diagnostic_audio.wav
802894	2026-06-18 15:50	/home/jacobw/YTchannel/assets/media/prod_c7cdf43cf6d2400e99850ed283e273c5/pjob_a7488c9e68c04daaa119c4cac5843e96.diagnostic_audio.wav
802894	2026-06-18 15:51	/home/jacobw/YTchannel/assets/media/prod_e872819917eb417d9de222925d25de03/pjob_7ac2c114d95a4c6f873fd73373dff69b.diagnostic_audio.wav
802894	2026-06-18 15:52	/home/jacobw/YTchannel/assets/media/prod_7998c98f54fc4256afa84d1814920bc8/pjob_f61189e568cb41dcaf250c918fe47926.diagnostic_audio.wav
802894	2026-06-18 15:52	/home/jacobw/YTchannel/assets/media/prod_ead8ff7f11754c6ba44c39db8b8eed32/pjob_5dd8531a703d490eb8eee95e5d9eb383.diagnostic_audio.wav
802894	2026-06-18 15:53	/home/jacobw/YTchannel/assets/media/prod_984771539b2d4f4b9c706775b1b8b413/pjob_88cabcf2ac63493c8f788e5a77b9a467.diagnostic_audio.wav
802894	2026-06-18 15:53	/home/jacobw/YTchannel/assets/media/prod_d6d335e2b9df4aa68f2c41c77781a35c/pjob_8cdf6164102748328751848309e409c0.diagnostic_audio.wav
802894	2026-06-18 15:53	/home/jacobw/YTchannel/assets/media/prod_f36d8a8bb7fe4a3fae628b00037e2f8f/pjob_13e7e01f0c5040c69aaedba7e448feb8.diagnostic_audio.wav
802894	2026-06-18 15:54	/home/jacobw/YTchannel/assets/media/prod_4020cdc3567b45f49111b9523c2fc360/pjob_bc89b600413a496e847b8206974e9633.diagnostic_audio.wav
802894	2026-06-18 15:54	/home/jacobw/YTchannel/assets/media/prod_50dbd7a7a9c04fe3970ce963e4ae632f/pjob_23ba216258c34db4bf61dad85b30fd54.diagnostic_audio.wav
802894	2026-06-18 15:54	/home/jacobw/YTchannel/assets/media/prod_61c4bd4522184d47bf0a6eca6f080769/pjob_ae4529d4abfb46dcbc1f4e42cc0bb882.diagnostic_audio.wav
802894	2026-06-18 15:55	/home/jacobw/YTchannel/assets/media/prod_eed729ace0df4953b94e50d331d68d80/pjob_b7f9f925444b41e2bd43c81ecf37125a.diagnostic_audio.wav
802894	2026-06-18 20:42	/home/jacobw/YTchannel/assets/media/prod_e727b1c1a58642eeb2f03cf4ee1d651d/pjob_599b3836548149569f4ab8f8bb011eff.diagnostic_audio.wav
802894	2026-06-18 22:15	/home/jacobw/YTchannel/assets/media/prod_9a44407be0884fd0b9646932fa3a4653/pjob_40ce441e83df4b3db65bce0f14a00d3b.diagnostic_audio.wav
802894	2026-06-18 22:15	/home/jacobw/YTchannel/assets/media/prod_dddea302002642dea824d52778908b72/pjob_20e302100a8540a7a8ce4934ede72acd.diagnostic_audio.wav
802894	2026-06-18 22:16	/home/jacobw/YTchannel/assets/media/prod_8570f117bbd3480386fed01152f0e70e/pjob_ca5ec57f277946d7b13d2567d751b09e.diagnostic_audio.wav
802894	2026-06-18 22:16	/home/jacobw/YTchannel/assets/media/prod_e018e872c8bd43c0a870fa1bf6ebe168/pjob_8d28bd67913c43c69f97a6374a9ea495.diagnostic_audio.wav
802894	2026-06-18 22:17	/home/jacobw/YTchannel/assets/media/prod_0237c58c2d5c4e8a8079f82fc7aa0781/pjob_8cbb1402c4d44598b974fd634c3557c2.diagnostic_audio.wav
802894	2026-06-18 22:17	/home/jacobw/YTchannel/assets/media/prod_a87095ec9d774454b82ce86e1032f815/pjob_1ec660ae5ff24b3394b68d97cf5299a9.diagnostic_audio.wav
802894	2026-06-18 22:17	/home/jacobw/YTchannel/assets/media/prod_f36bcfd4ca3a4fefaad5e94ac20aef39/pjob_9cb7b92913414a33b3d0b0c2cc631e7f.diagnostic_audio.wav
802894	2026-06-18 22:18	/home/jacobw/YTchannel/assets/media/prod_867e103a663c4aa7b5d277ef206b1acb/pjob_f35644323f1946fe8478fb974bd739cf.diagnostic_audio.wav
802894	2026-06-18 22:18	/home/jacobw/YTchannel/assets/media/prod_ed21b4251e1f492f96afbb03427ae90f/pjob_4857b90006824800a3c520ed17f3ee61.diagnostic_audio.wav
802894	2026-06-18 22:19	/home/jacobw/YTchannel/assets/media/prod_e34cb8f1b07242a7bf59428184a5d486/pjob_6f9780fb159842cdac10eca8b55079c5.diagnostic_audio.wav
802894	2026-06-18 22:54	/home/jacobw/YTchannel/assets/media/prod_b7d357368b854f09ab2b1e51fb6755af/pjob_12bf902164034a66a43e732fcfbb9299.diagnostic_audio.wav
802894	2026-06-18 22:55	/home/jacobw/YTchannel/assets/media/prod_4b35c4a3e2c74fe98af667a7f0538c3c/pjob_6849ebbfceec46058e3668c0e91621fa.diagnostic_audio.wav
802894	2026-06-18 22:56	/home/jacobw/YTchannel/assets/media/prod_737fcc3f5acb45c291035057d1237e65/pjob_d90057b1235a4435b332e9797d0d64c2.diagnostic_audio.wav
802894	2026-06-18 22:58	/home/jacobw/YTchannel/assets/media/prod_2e49c8856f1945aa8e9bd9394a72380e/pjob_ab4e98ba9bbb4839a85e7a933cfb4157.diagnostic_audio.wav
802894	2026-06-18 22:58	/home/jacobw/YTchannel/assets/media/prod_7375f0abcf64475e8962e34aae5186e1/pjob_270d876c6c6b40d4aefe0088691ababb.diagnostic_audio.wav
802894	2026-06-18 22:59	/home/jacobw/YTchannel/assets/media/prod_16cddc99a1994feeb9113d189fa01ad4/pjob_54c96f67c4b2430e9318d068e7edc414.diagnostic_audio.wav
802894	2026-06-18 22:59	/home/jacobw/YTchannel/assets/media/prod_6a1c0626f824496796435d75606c7be0/pjob_5da7be1af8c94e91a4bba3136d5c4b87.diagnostic_audio.wav
802894	2026-06-18 22:59	/home/jacobw/YTchannel/assets/media/prod_b167e40b02c243498aa23effd8683ff8/pjob_2935aa7af7734724b29bda4c3ca7b6c1.diagnostic_audio.wav
802894	2026-06-18 23:00	/home/jacobw/YTchannel/assets/media/prod_79338b995dc6487dbd4abe6822418b68/pjob_8a754e2e7ade43cc9c8b11cc258a8fc2.diagnostic_audio.wav
802894	2026-06-18 23:00	/home/jacobw/YTchannel/assets/media/prod_9efc18c614f241ef86e76b06659bdae8/pjob_5b88cda636c846d9bbd15ad3a36f378e.diagnostic_audio.wav
802894	2026-06-18 23:01	/home/jacobw/YTchannel/assets/media/prod_3efdd2e2113445c3b526165ba717f9fd/pjob_3fb17fd0529e4ecb86bb714483153253.diagnostic_audio.wav
802894	2026-06-18 23:01	/home/jacobw/YTchannel/assets/media/prod_49d080e4b2184cbfac4dc655582efc3e/pjob_1c4f5735b8644dc1beec84de1d8201dc.diagnostic_audio.wav
802894	2026-06-18 23:01	/home/jacobw/YTchannel/assets/media/prod_4fb859af4f3547f2af7e76df3f1ffe87/pjob_6cb7e9c35b394fdb80b084fe67d0d474.diagnostic_audio.wav
802894	2026-06-18 23:12	/home/jacobw/YTchannel/assets/media/prod_6652c31420564ba58d276b22007cb8fa/pjob_8f0d685da8954867a77fc3cfbbb488e1.diagnostic_audio.wav
802894	2026-06-18 23:12	/home/jacobw/YTchannel/assets/media/prod_9cdabc71b002430aac4a049f46a3dd72/pjob_df9982694f584282a182254c236ae2c1.diagnostic_audio.wav
802894	2026-06-18 23:12	/home/jacobw/YTchannel/assets/media/prod_ea2bead949cd4098a5781ebee78b3bea/pjob_805b79d1afa64720b35887d4ff39535b.diagnostic_audio.wav
802894	2026-06-18 23:13	/home/jacobw/YTchannel/assets/media/prod_40b2f9d2904341c58488ac21ea337986/pjob_bcbef2ca07ff47068e29774cd8702d6e.diagnostic_audio.wav
802894	2026-06-18 23:13	/home/jacobw/YTchannel/assets/media/prod_475eff1a9f634a22a3d6174f0eb753ec/pjob_2d28c4a40a8e4c1594ffce43357a3dc1.diagnostic_audio.wav
802894	2026-06-18 23:13	/home/jacobw/YTchannel/assets/media/prod_a13585846dd5400cbb2a41924986fdba/pjob_1bb3d31ba2aa4e41b8c3b4c18194828a.diagnostic_audio.wav
802894	2026-06-18 23:14	/home/jacobw/YTchannel/assets/media/prod_0bea10879f6d4d778daffc01ae634f91/pjob_29711ae5794e4bae8062b13b7ba23db3.diagnostic_audio.wav
802894	2026-06-18 23:14	/home/jacobw/YTchannel/assets/media/prod_6cba656e5d0740199940c7fcaf1b922a/pjob_29ad9b22f7ef4f2e9d6465e1e6e5eecb.diagnostic_audio.wav
802894	2026-06-18 23:15	/home/jacobw/YTchannel/assets/media/prod_4ad58158c2a147d8966e201111fb9e82/pjob_cd5ec136708a46188bac613254f59a99.diagnostic_audio.wav
802894	2026-06-18 23:15	/home/jacobw/YTchannel/assets/media/prod_f354504a50fd4c2c8c84d52917f60ee0/pjob_b01e6f213b42497d9030a5d1fff1bfc2.diagnostic_audio.wav
802894	2026-06-18 23:25	/home/jacobw/YTchannel/assets/media/prod_99333fb362f847cbacda9d68691dee35/pjob_7aa8329afc1e49ae8b8d6aae1101d797.diagnostic_audio.wav
802894	2026-06-18 23:25	/home/jacobw/YTchannel/assets/media/prod_db5da16735f941f2b4909d0e05ebf919/pjob_6422d905de35473a84e8d7da80d99c90.diagnostic_audio.wav
802894	2026-06-18 23:26	/home/jacobw/YTchannel/assets/media/prod_69a2c309c7b64c9b8499af2df4a3cebd/pjob_005b1c07dcf44d4e877c8034ef4e9edb.diagnostic_audio.wav
802894	2026-06-18 23:26	/home/jacobw/YTchannel/assets/media/prod_7f910cddf19243969df68c97dc93b323/pjob_630a0fdd014347d5806d9b673066ae49.diagnostic_audio.wav
802894	2026-06-18 23:26	/home/jacobw/YTchannel/assets/media/prod_df62dcd0215f44719ff52efd7372138c/pjob_5aef0a3fd40041bf83196b4c838438e7.diagnostic_audio.wav
802894	2026-06-18 23:27	/home/jacobw/YTchannel/assets/media/prod_1d081de0921e43958d72e72e0a440199/pjob_d1e7eacedc7040b495f92009951aec37.diagnostic_audio.wav
802894	2026-06-18 23:27	/home/jacobw/YTchannel/assets/media/prod_57bfb668970646cba19c3a9e89f71e3f/pjob_32097b8b6c86441c90cdb771753a50dd.diagnostic_audio.wav
802894	2026-06-18 23:27	/home/jacobw/YTchannel/assets/media/prod_a8ef94f38ef04b66a2234febfafed1c0/pjob_da95dcf623e94d50bcb8cdb6bb3cf247.diagnostic_audio.wav
802894	2026-06-18 23:28	/home/jacobw/YTchannel/assets/media/prod_45a2571564a84b18b2e3cde11923e340/pjob_6c96b0f55d0a48f4ad296b89d6e61f06.diagnostic_audio.wav
802894	2026-06-18 23:28	/home/jacobw/YTchannel/assets/media/prod_7652df036c1542ca8e24fcbd4d11e206/pjob_503c305dff3c4a5481bdc413b2840e2d.diagnostic_audio.wav
802894	2026-06-18 23:40	/home/jacobw/YTchannel/assets/media/prod_4d81d170d13c4008a67262918323df0e/pjob_022dc84bbfd74050a8a1738ed8c15fdd.diagnostic_audio.wav
802894	2026-06-18 23:40	/home/jacobw/YTchannel/assets/media/prod_53c3ac032c0749dc990604ae52ddd170/pjob_7acfa876093742378099dc3e767f2058.diagnostic_audio.wav
802894	2026-06-18 23:41	/home/jacobw/YTchannel/assets/media/prod_1ffeee5cc4084ce1be0169db2f2251e8/pjob_f2527016036840a7be4f25eacddd7978.diagnostic_audio.wav
802894	2026-06-18 23:41	/home/jacobw/YTchannel/assets/media/prod_49a1513de5eb497586cd5d57d1c5a776/pjob_12e1299a329e476489258da5b28ec182.diagnostic_audio.wav
802894	2026-06-18 23:41	/home/jacobw/YTchannel/assets/media/prod_c9ac4d5ef82b4a768a72a94d724f5ea7/pjob_4efa6a68134d4775a692053778bd889c.diagnostic_audio.wav
802894	2026-06-18 23:42	/home/jacobw/YTchannel/assets/media/prod_30a3ecdc64b14829a9e7a852c2d613e4/pjob_badc31b2eb10456abec0ff3a74b9be03.diagnostic_audio.wav
802894	2026-06-18 23:42	/home/jacobw/YTchannel/assets/media/prod_332bce2d2b5b4e75bb3f972a64dcd934/pjob_dd11ea7f77334573a026e0e3f224ac01.diagnostic_audio.wav
802894	2026-06-18 23:42	/home/jacobw/YTchannel/assets/media/prod_cc2780bdcab24d5e920bce74965cbaa1/pjob_f75e2c7221c742618938812e050f5d26.diagnostic_audio.wav
802894	2026-06-18 23:43	/home/jacobw/YTchannel/assets/media/prod_00835f2a12124b48a9e8a530fff19568/pjob_70c2731d20d5426d83623dd292c194e5.diagnostic_audio.wav
802894	2026-06-18 23:43	/home/jacobw/YTchannel/assets/media/prod_4178f27a7efb473192c9f8c878eba2ed/pjob_44192dfb1ba340a19aa47dd1ae58b051.diagnostic_audio.wav
802894	2026-06-19 08:08	/home/jacobw/YTchannel/assets/media/prod_5ea4f1b31cd94462892e7bcd47e2bb01/pjob_ecf313c841c14c21bfc69bef55cd2eaa.diagnostic_audio.wav
802894	2026-06-19 08:08	/home/jacobw/YTchannel/assets/media/prod_c6882b847b2d4ae585c68c0d3411259e/pjob_be362a8ef4c447eca271aed125f5c729.diagnostic_audio.wav
802894	2026-06-19 08:09	/home/jacobw/YTchannel/assets/media/prod_6e47988edffb4df9b4f34f3a93e3cd07/pjob_61654389e12a48598f72af97e510e6b5.diagnostic_audio.wav
802894	2026-06-19 08:09	/home/jacobw/YTchannel/assets/media/prod_6ec56def1f854254a5a56a01a7464827/pjob_5fce614a215a43d6a8b53806850ea530.diagnostic_audio.wav
802894	2026-06-19 08:09	/home/jacobw/YTchannel/assets/media/prod_777c06918d834824b2993395005e2f05/pjob_d10c56afef924844945d4d31906b1f5a.diagnostic_audio.wav
802894	2026-06-19 08:10	/home/jacobw/YTchannel/assets/media/prod_40d11d1b465f4337870a8edece099358/pjob_a08d5e0d05e64a29b48ff323212666eb.diagnostic_audio.wav
802894	2026-06-19 08:10	/home/jacobw/YTchannel/assets/media/prod_749fb2f19f9245b3a82fe6e43995f9ac/pjob_11fc9bca64e34af09421a7bf6e8bb6e3.diagnostic_audio.wav
802894	2026-06-19 08:11	/home/jacobw/YTchannel/assets/media/prod_43de7bb8cfca49dd944dbdb7d84ce006/pjob_1af04e3cd3004e18b813d780790f04e7.diagnostic_audio.wav
802894	2026-06-19 08:11	/home/jacobw/YTchannel/assets/media/prod_5ff2e00656894c75a3ad9adc27b79cf7/pjob_a181618ad09a4a6c85cb826905830571.diagnostic_audio.wav
802894	2026-06-19 08:11	/home/jacobw/YTchannel/assets/media/prod_8356a7f2a35a4512ab5dcc0c0f63ee4f/pjob_3be267b7ee3e45cba93d464d4cb3d274.diagnostic_audio.wav
802894	2026-06-19 08:18	/home/jacobw/YTchannel/assets/media/prod_684eba46893942039b666cc67e4cd73d/pjob_d5417444367d4d18ab5a0cab56f79ffa.diagnostic_audio.wav
802894	2026-06-19 08:18	/home/jacobw/YTchannel/assets/media/prod_6ab5a8bef46c4a4c9324a316de91e4ec/pjob_5b6afefcc7c947f1a34894438b1d56c5.diagnostic_audio.wav
802894	2026-06-19 08:18	/home/jacobw/YTchannel/assets/media/prod_7786a48194864ff9bd5743ae4a3c6572/pjob_8426cd917a744ab5a14ec9014390d437.diagnostic_audio.wav
802894	2026-06-19 08:19	/home/jacobw/YTchannel/assets/media/prod_6fd0edbd4b824c03b219cdd2395682c3/pjob_1fef4c9ab0d94754a36489e625cc2e8c.diagnostic_audio.wav
802894	2026-06-19 08:19	/home/jacobw/YTchannel/assets/media/prod_e27f6b7b5ebb4e8397d10978bf9e931e/pjob_5124c37e44b946bea9e3f07d6fc1ce73.diagnostic_audio.wav
802894	2026-06-19 08:20	/home/jacobw/YTchannel/assets/media/prod_ba8726eaa50f43369050d571aa6e71d7/pjob_36bfcd3bb92b4cf98ba0913cbe5d43bb.diagnostic_audio.wav
802894	2026-06-19 08:20	/home/jacobw/YTchannel/assets/media/prod_c344d6b654484962a98a50963579c8ee/pjob_51a356a771b847d1bd81bd75b0c91e7c.diagnostic_audio.wav
802894	2026-06-19 08:20	/home/jacobw/YTchannel/assets/media/prod_e5cb898a186c49a7abb428221138c852/pjob_c1ad3e96776541a2833f7faf0209e764.diagnostic_audio.wav
802894	2026-06-19 08:21	/home/jacobw/YTchannel/assets/media/prod_84fa6358c51e4998a3d1d93afe70446f/pjob_46c790275e9342eaba8897cf4bee571e.diagnostic_audio.wav
802894	2026-06-19 08:21	/home/jacobw/YTchannel/assets/media/prod_ab14b740e97843c5b61c7a6271d8878f/pjob_b48dad1c402b48ebb255cc9d556fe1fa.diagnostic_audio.wav
802894	2026-06-19 08:21	/home/jacobw/YTchannel/assets/media/prod_de963fdeaa42443685e8dc2c08b5321d/pjob_75b4e316dc4c45cf80d7fd8517d287f0.diagnostic_audio.wav
802894	2026-06-19 08:22	/home/jacobw/YTchannel/assets/media/prod_5dea1df5413a4776bea6c0ae453e610b/pjob_a4feec7be57c4dc18997fe8686aebc8c.diagnostic_audio.wav
802894	2026-06-19 08:22	/home/jacobw/YTchannel/assets/media/prod_8e2b77e8d7134b328430a0c0673d274a/pjob_5c2f72fea4ad4f7ba59f4952b60cf6bc.diagnostic_audio.wav
802894	2026-06-19 08:23	/home/jacobw/YTchannel/assets/media/prod_225cbc6d67194a3a822c95bde705ca4f/pjob_0a3344113a604e3f825cdbb49409ffc3.diagnostic_audio.wav
802894	2026-06-19 12:46	/home/jacobw/YTchannel/assets/media/prod_20b418d1c0934d39a06230e4931379d9/pjob_13a0ee112c8e49cb92a249b65b02cd9d.diagnostic_audio.wav
802894	2026-06-19 12:46	/home/jacobw/YTchannel/assets/media/prod_894800f9c86c4eeea9b9c45e03612968/pjob_4f9ca34861c34d64a519d3908dcb135d.diagnostic_audio.wav
802894	2026-06-19 12:47	/home/jacobw/YTchannel/assets/media/prod_283d100ac1b44859977077b29bca4e5b/pjob_abcc00df3da44094b941563e52ac66dc.diagnostic_audio.wav
802894	2026-06-19 12:47	/home/jacobw/YTchannel/assets/media/prod_9cc6c9ed6a9d43119c9ac4d6b3a14dc1/pjob_7ddb17f54d1b478ea9d3fc0e3142aa42.diagnostic_audio.wav
802894	2026-06-19 12:48	/home/jacobw/YTchannel/assets/media/prod_3af7333f3e4749d09dedf73f2d55bd6c/pjob_b8fa4f7d94b34e0c987a84fff232e4fe.diagnostic_audio.wav
802894	2026-06-19 12:48	/home/jacobw/YTchannel/assets/media/prod_6c3aec3b34e54923a710a81c0e82d892/pjob_53e8918966074faaa57ebacef4a2caca.diagnostic_audio.wav
802894	2026-06-19 12:49	/home/jacobw/YTchannel/assets/media/prod_1c713aefdad948e19db81c4af7d8660f/pjob_2a3edff5b1b744ac9002d841095da3a0.diagnostic_audio.wav
802894	2026-06-19 12:49	/home/jacobw/YTchannel/assets/media/prod_3de7c84c619741c4816b9ea773b235f9/pjob_abd5142ebeb54b0ea754477119b39380.diagnostic_audio.wav
802894	2026-06-19 12:49	/home/jacobw/YTchannel/assets/media/prod_a4d18fe3d1c64380afaa016779362234/pjob_15f17516793e48e3869c8414ba7894f4.diagnostic_audio.wav
802894	2026-06-19 12:50	/home/jacobw/YTchannel/assets/media/prod_bd5e4438ea574dcf98aa75395f64a85e/pjob_93926a70943c4b8ca71b7bd6f91d3af2.diagnostic_audio.wav
802894	2026-06-19 12:50	/home/jacobw/YTchannel/assets/media/prod_e6c5c0bf88504a65b12b0aae92f6c5bc/pjob_efb417c994854707bd0adfa7a69760bb.diagnostic_audio.wav
802894	2026-06-19 12:51	/home/jacobw/YTchannel/assets/media/prod_6db0d6ed395e4506b228eb636cb0efa3/pjob_be2f509f17934991a248e0f86f8ce311.diagnostic_audio.wav
802894	2026-06-19 12:51	/home/jacobw/YTchannel/assets/media/prod_e705567c019647939eb068ef1fbb4945/pjob_e701b9c94a8a41a3b420745475811c01.diagnostic_audio.wav
802894	2026-06-19 12:52	/home/jacobw/YTchannel/assets/media/prod_2c3f4342aaf74b38a5f7db01a47667d9/pjob_c165bb6c5d8e4ef58e6ccf08ecd5d7b8.diagnostic_audio.wav
802894	2026-06-19 12:52	/home/jacobw/YTchannel/assets/media/prod_d425c8dc33d445679827c4490cc6b616/pjob_53243fff93e6439aaa2dbe7f141dd998.diagnostic_audio.wav
802894	2026-06-19 12:53	/home/jacobw/YTchannel/assets/media/prod_4d8e007a6d254163b294532671abf981/pjob_5bd6d865764649a9a988af4dfa42d84e.diagnostic_audio.wav
802894	2026-06-19 12:53	/home/jacobw/YTchannel/assets/media/prod_9b94da2f795047e39de31f63f361a036/pjob_33846724ffc84e769b133c92723ac552.diagnostic_audio.wav
802894	2026-06-19 12:53	/home/jacobw/YTchannel/assets/media/prod_b3f10fcb72ee49f788190ebc8910602b/pjob_26586b1248144ce89b7edc79eb727bbf.diagnostic_audio.wav
802894	2026-06-19 12:54	/home/jacobw/YTchannel/assets/media/prod_162d66ad0916407d97de7baae5c0ff80/pjob_39c962126ca849f29c9ca5a82f464d26.diagnostic_audio.wav
802894	2026-06-19 12:54	/home/jacobw/YTchannel/assets/media/prod_d1bdc807f7d04f7590b85d2c2af9af26/pjob_d0e283a46aad48fea06c27f269156a5b.diagnostic_audio.wav
802894	2026-06-19 12:54	/home/jacobw/YTchannel/assets/media/prod_f5a406af9cc34f9680522a04d191ce75/pjob_115aa2b8eed24d2181516ff0a0db9a5a.diagnostic_audio.wav
802894	2026-06-19 13:07	/home/jacobw/YTchannel/assets/media/prod_162ac258871b41c7982b6488a733ad49/pjob_7f164fa2ca2f46a1b481ee372cae5e29.diagnostic_audio.wav
802894	2026-06-19 13:16	/home/jacobw/YTchannel/assets/media/prod_80ef425d9ea44d1cb922b80145ced67f/pjob_ebdac36794e941e8a3a376b5e57af026.diagnostic_audio.wav
802894	2026-06-19 13:16	/home/jacobw/YTchannel/assets/media/prod_ec243bb9f158420b9b89ae701ad37e17/pjob_bc90f46af3fc4625b48e03b249e718f9.diagnostic_audio.wav
802894	2026-06-19 13:19	/home/jacobw/YTchannel/assets/media/prod_aab5be43dd114148b2ccd59dcddf7e2a/pjob_31464f7bc3fe404b9a8611703611bb4a.diagnostic_audio.wav
802894	2026-06-19 13:19	/home/jacobw/YTchannel/assets/media/prod_d4b6cc0fda77443a9e5135d583dcd413/pjob_5e6ce6329e014e1eb95b1d474f193b90.diagnostic_audio.wav
802894	2026-06-19 13:20	/home/jacobw/YTchannel/assets/media/prod_0565fe46d74c485da9e4e18aeb3a6807/pjob_95be446b06a14455b36176f5b6a00493.diagnostic_audio.wav
802894	2026-06-19 13:20	/home/jacobw/YTchannel/assets/media/prod_75c4747071ad448680beb993573656b8/pjob_8bb7b73bfd3849aeb2ace091645fc771.diagnostic_audio.wav
802894	2026-06-19 13:20	/home/jacobw/YTchannel/assets/media/prod_c9c6fcbb747248998ffb3ab78c286640/pjob_a56f30b1e6dc4cac83cf38e882df5616.diagnostic_audio.wav
802894	2026-06-19 13:21	/home/jacobw/YTchannel/assets/media/prod_5d852200f6914d2eb533816343275105/pjob_62d56592d179433a83bcc166a14e745d.diagnostic_audio.wav
802894	2026-06-19 13:21	/home/jacobw/YTchannel/assets/media/prod_f136cc36268444f98275a311129fa722/pjob_f25082686ed94dc997fc1faef9c17c39.diagnostic_audio.wav
802894	2026-06-19 13:22	/home/jacobw/YTchannel/assets/media/prod_20959ffb5ff941808d9a60e9a3c96883/pjob_a6532e117c9444a28cc6e5f44c23c3ef.diagnostic_audio.wav
802894	2026-06-19 13:22	/home/jacobw/YTchannel/assets/media/prod_671ce60ad3c04990ac8d5113134d4029/pjob_c47f38ad8b644dd3b42fdd4cf671292e.diagnostic_audio.wav
802894	2026-06-19 13:22	/home/jacobw/YTchannel/assets/media/prod_c8ed6368c8444999bd496c7eb0e80f09/pjob_93caefe2e2e64d24b36e3d75b5a3910f.diagnostic_audio.wav
802894	2026-06-19 18:53	/home/jacobw/YTchannel/assets/media/prod_08c6ea48f0e941fea0a02781bc551237/pjob_1871549661e249e6b8962f7016bd5ce9.diagnostic_audio.wav
802894	2026-06-19 18:53	/home/jacobw/YTchannel/assets/media/prod_95a4e65183194339830cb98dd02db0bf/pjob_b0ae7dc77eeb4f848927eeeb962b9b31.diagnostic_audio.wav
802894	2026-06-19 18:53	/home/jacobw/YTchannel/assets/media/prod_c129b57b422c45f98717365bb86dd7e6/pjob_6ff8021079e04bf58c10cf44e969f963.diagnostic_audio.wav
802894	2026-06-19 18:54	/home/jacobw/YTchannel/assets/media/prod_71490612656a4ccf88929ede6c524c1d/pjob_7ab51bf7a88340af9d30d411cbcb0431.diagnostic_audio.wav
802894	2026-06-19 18:54	/home/jacobw/YTchannel/assets/media/prod_9a744a6c113f4fcf972da14f2bfe4dc8/pjob_6741b0bb3eb54c6fba1d6dff5ebd47ed.diagnostic_audio.wav
802894	2026-06-19 18:54	/home/jacobw/YTchannel/assets/media/prod_dcccae74ac9d4f60a4f289a85cf51ddd/pjob_e301c2a191624e819bbf849f43649ebd.diagnostic_audio.wav
802894	2026-06-19 18:55	/home/jacobw/YTchannel/assets/media/prod_0ba3590d19ce4c24adbf93089fddfce9/pjob_c22c0b6f0aac48babe8002948d399790.diagnostic_audio.wav
802894	2026-06-19 18:55	/home/jacobw/YTchannel/assets/media/prod_cf86f52be60443e09c0e82952e00cc54/pjob_d16bdc3177da4a359711f86d62216941.diagnostic_audio.wav
802894	2026-06-19 18:56	/home/jacobw/YTchannel/assets/media/prod_00125b262f1145d9a4cb8ce445c57ab6/pjob_b67b79fd150d4f8887940946e781c956.diagnostic_audio.wav
802894	2026-06-19 18:56	/home/jacobw/YTchannel/assets/media/prod_555232fb7e86405e84ab21f8498aa5d8/pjob_8f49c4c2c0a049d4ae977d2635dc5560.diagnostic_audio.wav
802894	2026-06-19 19:03	/home/jacobw/YTchannel/assets/media/prod_57d6fe096d6242ab961d5a7f492b0465/pjob_93cb5d992b0b4a0dafceeeacea68a850.diagnostic_audio.wav
802894	2026-06-19 19:04	/home/jacobw/YTchannel/assets/media/prod_0e367de93d9d4243ab309cc4fd8336ef/pjob_34fca41d44744eaf8efbabf998ecf811.diagnostic_audio.wav
802894	2026-06-19 19:04	/home/jacobw/YTchannel/assets/media/prod_6d6733fac48540148d8f7c31f85b0c44/pjob_bd20d519ac07417db78f35d5252983ea.diagnostic_audio.wav
802894	2026-06-19 19:04	/home/jacobw/YTchannel/assets/media/prod_98f9e243122e4e279ccbe50e330fe95f/pjob_23540bc93edb433ab13568e1bf8a5be0.diagnostic_audio.wav
802894	2026-06-19 19:05	/home/jacobw/YTchannel/assets/media/prod_0a07dbde902643a298fee020f2fda680/pjob_79a3d25242d843c3ae605bf059cc47e1.diagnostic_audio.wav
802894	2026-06-19 19:05	/home/jacobw/YTchannel/assets/media/prod_a3aa680c8ba34d1c81959db4b6fe0309/pjob_11d825bad4e0494c9dbe5b0d29d44517.diagnostic_audio.wav
802894	2026-06-19 19:05	/home/jacobw/YTchannel/assets/media/prod_e4d34c2f40f04a8bb78c9f21440bf788/pjob_d123ea2a0b1e4907b6f02ea9ac24437b.diagnostic_audio.wav
802894	2026-06-19 19:06	/home/jacobw/YTchannel/assets/media/prod_28271ef8f4624e6295f793c3369e14df/pjob_2423ca8047184863ba15cb6fced32f05.diagnostic_audio.wav
802894	2026-06-19 19:06	/home/jacobw/YTchannel/assets/media/prod_6770b8024aa9421b92e4d6945e12b806/pjob_082d09d8fb8147d98d3ca2cf4060793f.diagnostic_audio.wav
802894	2026-06-19 19:07	/home/jacobw/YTchannel/assets/media/prod_0a95a5fd39ba47b8b64086b6148c6ad6/pjob_5cfa84b6e617437d8c350cf85f4f8460.diagnostic_audio.wav
802894	2026-06-19 19:17	/home/jacobw/YTchannel/assets/media/prod_4453ec8e6f8b462487b4447d09b5ff60/pjob_41b14df0388b4263a45a83061bf211a6.diagnostic_audio.wav
802894	2026-06-19 19:17	/home/jacobw/YTchannel/assets/media/prod_bc6cea42f956485a8ceecd80455a0543/pjob_27193524c7d24b0e90676dcac91a7382.diagnostic_audio.wav
802894	2026-06-19 19:18	/home/jacobw/YTchannel/assets/media/prod_39c4e58227f4400dadc4e84d1d3b4227/pjob_08b7745d7a0e4d36bb73f6b495c83d5b.diagnostic_audio.wav
802894	2026-06-19 19:18	/home/jacobw/YTchannel/assets/media/prod_dadafce6e70f472bb74b1a5e1827a12f/pjob_c52554673141440b9531a4fa05c30464.diagnostic_audio.wav
802894	2026-06-19 19:19	/home/jacobw/YTchannel/assets/media/prod_76aa7211e0d7486eb72ea44e8a36780a/pjob_f3b076f1061e4297988e8a52d302b918.diagnostic_audio.wav
802894	2026-06-19 19:19	/home/jacobw/YTchannel/assets/media/prod_b0b702d0f2fe452f8358fd2c79de6368/pjob_38a58ead90e7492e932df914b54ee167.diagnostic_audio.wav
802894	2026-06-19 19:19	/home/jacobw/YTchannel/assets/media/prod_f6747b4b6f184f37adc7639c26a23431/pjob_8e8200088b5f4fe2819bb70f5800aa75.diagnostic_audio.wav
802894	2026-06-19 19:20	/home/jacobw/YTchannel/assets/media/prod_2043fd54473d4811a9d47d57be56d6ed/pjob_f96bbcc1e1f74534b6473961c8549610.diagnostic_audio.wav
802894	2026-06-19 19:20	/home/jacobw/YTchannel/assets/media/prod_3d7bf9d1973543ab896394338e8a1b1b/pjob_02c660d074094f579b49936355f87e2a.diagnostic_audio.wav
802894	2026-06-19 19:20	/home/jacobw/YTchannel/assets/media/prod_ecb22ee185dc4374b468deced21fbcfc/pjob_ad9dbb2090b24af1befd6d56804cd753.diagnostic_audio.wav
802894	2026-06-19 19:39	/home/jacobw/YTchannel/assets/media/prod_220300aa770d4c14b4bc9e6574c2b54c/pjob_59a35a74c8d14ea5b20d911443c8b688.diagnostic_audio.wav
802894	2026-06-19 19:40	/home/jacobw/YTchannel/assets/media/prod_2796a3fce6c142de86e19fb2d5f67818/pjob_b22ecc9d57984355a3e0f7fa6c1447a1.diagnostic_audio.wav
802894	2026-06-19 19:40	/home/jacobw/YTchannel/assets/media/prod_3aa59068fc3145279e8f4578e6207c72/pjob_e3334541454649f98ddccb3e2b6946dd.diagnostic_audio.wav
802894	2026-06-19 19:40	/home/jacobw/YTchannel/assets/media/prod_4ed19df225814b6b9638589fc1fa5af7/pjob_62fbdb1a700d4de08e7f790785eabfb0.diagnostic_audio.wav
802894	2026-06-19 19:41	/home/jacobw/YTchannel/assets/media/prod_42c0de4c8dd840b897b286d51edfae49/pjob_b2f8b5affc1f495a8b76e7173a06197c.diagnostic_audio.wav
802894	2026-06-19 19:41	/home/jacobw/YTchannel/assets/media/prod_c4f413693b344fc28b50663c84e51dd1/pjob_a58f1abfadc340fdb67d0c6c7f4fa70f.diagnostic_audio.wav
802894	2026-06-19 19:42	/home/jacobw/YTchannel/assets/media/prod_1e233ed85b174658bcf44f5935358143/pjob_af6fdad598dc479b8259caa9246db90d.diagnostic_audio.wav
802894	2026-06-19 19:42	/home/jacobw/YTchannel/assets/media/prod_93133568867345f1a9a9aa51e16dd36b/pjob_0a0ebde9d4ce42ad9928fdfb28dddd8d.diagnostic_audio.wav
802894	2026-06-19 19:42	/home/jacobw/YTchannel/assets/media/prod_ebff8bf5665d4fe3acff4ce556ea7ad5/pjob_53fdcc3a2c7f45a1bb475a2b690bbef8.diagnostic_audio.wav
802894	2026-06-19 19:43	/home/jacobw/YTchannel/assets/media/prod_0808982affb746e381de3e910c30d17b/pjob_01b892194691451c9927c43d2a1c2f67.diagnostic_audio.wav
802894	2026-06-19 19:49	/home/jacobw/YTchannel/assets/media/prod_e02f7e8abf674ece817787c8b514fed7/pjob_cf39d73cc1cf404d9918213c1cdac1ca.diagnostic_audio.wav
802894	2026-06-19 19:50	/home/jacobw/YTchannel/assets/media/prod_493da69f47c94d5bb72379ec51551fe6/pjob_cd689b3751184ef9af386225560bc1e1.diagnostic_audio.wav
802894	2026-06-19 19:50	/home/jacobw/YTchannel/assets/media/prod_983848972bf248569ede549142badb95/pjob_a2238047f3fa444b9df63ee09ef14328.diagnostic_audio.wav
802894	2026-06-19 19:50	/home/jacobw/YTchannel/assets/media/prod_d13c0138d1154baa96a7a94e2dd6e6d5/pjob_40602d673b8348fb92d878950d414beb.diagnostic_audio.wav
802894	2026-06-19 19:51	/home/jacobw/YTchannel/assets/media/prod_12dfe650881e401097938c271ce947ea/pjob_19f49216c2bb47208d9bd8e4b32a094b.diagnostic_audio.wav
802894	2026-06-19 19:51	/home/jacobw/YTchannel/assets/media/prod_267feb24ced442e78c98d417603ce8c3/pjob_d16690baf7f54015aea572cd4744e8c4.diagnostic_audio.wav
802894	2026-06-19 19:52	/home/jacobw/YTchannel/assets/media/prod_025f66afcc744bfba81a67a6969c4457/pjob_dcd96073c3cb44edbe748fa7ce48ba66.diagnostic_audio.wav
802894	2026-06-19 19:52	/home/jacobw/YTchannel/assets/media/prod_5439dde64f3a42558530d30a479c3bbd/pjob_8e807e86b7ee42a4a8c924651098ccc9.diagnostic_audio.wav
802894	2026-06-19 19:52	/home/jacobw/YTchannel/assets/media/prod_a083e53e5e8f42549912f5fdfc433251/pjob_ab78571ce2974e13950054b66dccb26f.diagnostic_audio.wav
802894	2026-06-19 19:53	/home/jacobw/YTchannel/assets/media/prod_14bbe2538d1645fbbe58d1fa60352da5/pjob_b4f81608801d4e13b2c391eff96bc7e7.diagnostic_audio.wav
802894	2026-06-19 19:57	/home/jacobw/YTchannel/assets/media/prod_519dc4a8cf7f47f0a5de02a83e8c3a71/pjob_000a112643244a2f943c4466c38be6f1.diagnostic_audio.wav
802894	2026-06-19 19:57	/home/jacobw/YTchannel/assets/media/prod_a0f03a606d2945e7be7a34471a66909e/pjob_1e92298a05484957a24f07651ce2683a.diagnostic_audio.wav
802894	2026-06-19 19:57	/home/jacobw/YTchannel/assets/media/prod_e93e110688bf4cde9d4f3f7930fcc526/pjob_8f29a31d83f84103bf82dd71c7a63b9e.diagnostic_audio.wav
802894	2026-06-19 19:58	/home/jacobw/YTchannel/assets/media/prod_1c44026f08c74f11a65a50ba6bd0c485/pjob_2e5ecf3cbac6446085ff90375d290ef9.diagnostic_audio.wav
802894	2026-06-19 19:58	/home/jacobw/YTchannel/assets/media/prod_760cd5086fd9487d8932cc9c8698cb3a/pjob_00024360152542fc849452fd4f49b1e7.diagnostic_audio.wav
802894	2026-06-19 19:59	/home/jacobw/YTchannel/assets/media/prod_049a38a44a284fdca776fb4615b4d69d/pjob_ef5855ed0ee64fe698517a6d2ae142d1.diagnostic_audio.wav
802894	2026-06-19 19:59	/home/jacobw/YTchannel/assets/media/prod_73dc967131684eb4afdb7aadebfbb370/pjob_649d8e9b570346a3a3a4f37c53a770a4.diagnostic_audio.wav
802894	2026-06-19 19:59	/home/jacobw/YTchannel/assets/media/prod_9ccb0eec2206406595d3881d9d5993bf/pjob_9030cb0dfab34926b0a7e92e9b0f28e6.diagnostic_audio.wav
802894	2026-06-19 20:00	/home/jacobw/YTchannel/assets/media/prod_1e345fbb1e8b4a05a1fbf51bc578cf41/pjob_1366d490e99d481c9820316e8183e22f.diagnostic_audio.wav
802894	2026-06-19 20:00	/home/jacobw/YTchannel/assets/media/prod_32481839eec2401fac0a93149bb18a71/pjob_fb9f370a04714f93bc192e0734d9fda2.diagnostic_audio.wav
802894	2026-06-19 20:02	/home/jacobw/YTchannel/assets/media/prod_c31f31b90df3479484a4d913bdcb317a/pjob_16980e1f22944cd08c6361e11045a8a2.diagnostic_audio.wav
802894	2026-06-19 20:03	/home/jacobw/YTchannel/assets/media/prod_903cea29580d4a83a2f4c03a71f4518c/pjob_c0473e1dc05c411b9d5c4bba585dc136.diagnostic_audio.wav
802894	2026-06-19 20:03	/home/jacobw/YTchannel/assets/media/prod_9de114e18d51471187f5ef0b50e2f55f/pjob_d4735f8697104b5c9d47d54e08694781.diagnostic_audio.wav
802894	2026-06-19 20:04	/home/jacobw/YTchannel/assets/media/prod_33957c2a2ed44348a13c1ff3248f3621/pjob_8d5331e3d1e0473caa663841af55f1d9.diagnostic_audio.wav
802894	2026-06-19 20:04	/home/jacobw/YTchannel/assets/media/prod_3efc876016ab4eeeb7e250855f8e9b62/pjob_f26139c180c04c76b25f1b6f0236ae8e.diagnostic_audio.wav
802894	2026-06-19 20:04	/home/jacobw/YTchannel/assets/media/prod_6ac7d1431ad2472aa7d4aa3d679ea417/pjob_e9a2a1fce94e4f4f9eccc075e5ab6bc0.diagnostic_audio.wav
802894	2026-06-19 20:05	/home/jacobw/YTchannel/assets/media/prod_805753db7b614693b82fe1d7727a1dcc/pjob_7ff795070b3b4897b35d9b4c5b108b37.diagnostic_audio.wav
802894	2026-06-19 20:05	/home/jacobw/YTchannel/assets/media/prod_a85748e521984a34840b88bbb772a9e4/pjob_741e25cb34f74996bc8279986be93dc8.diagnostic_audio.wav
802894	2026-06-19 20:05	/home/jacobw/YTchannel/assets/media/prod_ca31abc946c54a22813c294f683db460/pjob_89de940f01744df7b5ba4608085e36c3.diagnostic_audio.wav
802894	2026-06-19 20:06	/home/jacobw/YTchannel/assets/media/prod_6a5092adeda94738a07adbb3a064929e/pjob_05b7d8084f034d0bb75ff6c1d1a20722.diagnostic_audio.wav
802894	2026-06-19 20:09	/home/jacobw/YTchannel/assets/media/prod_692321caf5654d399dfd39a4b888b770/pjob_8e04f350efdb46a0979045b0018aef30.diagnostic_audio.wav
802894	2026-06-19 20:09	/home/jacobw/YTchannel/assets/media/prod_ffd94a0c51a24e1b921b8f9452e7edd6/pjob_14444481c9894930ac4ee0f1cc515031.diagnostic_audio.wav
802894	2026-06-19 20:10	/home/jacobw/YTchannel/assets/media/prod_2c700e67bd724b58bb43c35acbf0f2da/pjob_03a5e9deec05485e84aca60168739026.diagnostic_audio.wav
802894	2026-06-19 20:10	/home/jacobw/YTchannel/assets/media/prod_a1035338b7e94134b753745ad68a898e/pjob_1908a14746e748f3a8a2d6178e4135b6.diagnostic_audio.wav
802894	2026-06-19 20:10	/home/jacobw/YTchannel/assets/media/prod_bc31c361e4fa4ae78b511adbd4cf6b93/pjob_2d62303cf7ef48388c6907c1ed992157.diagnostic_audio.wav
802894	2026-06-19 20:11	/home/jacobw/YTchannel/assets/media/prod_895f29390b8545c4a4b64c4b3ed76216/pjob_f3ac5c32a70042efb5e53d4483e7116f.diagnostic_audio.wav
802894	2026-06-19 20:11	/home/jacobw/YTchannel/assets/media/prod_8a93a833990d46e394065a37acc2682e/pjob_2f41af14d91240cdb8ac161ff3f042ff.diagnostic_audio.wav
802894	2026-06-19 20:11	/home/jacobw/YTchannel/assets/media/prod_efc17259c89443c9a3b7b7cd7a1607a8/pjob_6124fb6586124c0ba5b2b8202525bd7d.diagnostic_audio.wav
802894	2026-06-19 20:12	/home/jacobw/YTchannel/assets/media/prod_1778b1138c8944fb8b97ce739c70035d/pjob_0353339c1a0b49fd8c55143413908694.diagnostic_audio.wav
802894	2026-06-19 20:12	/home/jacobw/YTchannel/assets/media/prod_2799d2809f56439097f05ba396d38600/pjob_517aaee8156441c797959ea50ec96c91.diagnostic_audio.wav
802894	2026-06-19 20:22	/home/jacobw/YTchannel/assets/media/prod_a67aa61adfaf452a97cc201b32198d35/pjob_6ad8c6e0c9e54f9f955398a6cd9ef15c.diagnostic_audio.wav
802894	2026-06-19 20:22	/home/jacobw/YTchannel/assets/media/prod_ca9c0218cb0543fd89166f3bc248b165/pjob_84a14376bbb544689d0e0afd09c1c521.diagnostic_audio.wav
802894	2026-06-19 20:24	/home/jacobw/YTchannel/assets/media/prod_2c2c47cca6ca446b8a5b7231d1aefe65/pjob_0a52f6e3a4dd473e81aafa470d6df83e.diagnostic_audio.wav
802894	2026-06-19 20:24	/home/jacobw/YTchannel/assets/media/prod_e0cd0254d68a4b21847fd9590fb0d449/pjob_8ab36dfc8d384ef3975549d917d5ced3.diagnostic_audio.wav
802894	2026-06-19 20:25	/home/jacobw/YTchannel/assets/media/prod_4a5b862c6a9b4967833661c2dd99c7de/pjob_95cf13eaa47e48f4b7039bd73612090c.diagnostic_audio.wav
802894	2026-06-19 20:25	/home/jacobw/YTchannel/assets/media/prod_61fed504fc0046c782fbcbf8b2dadf53/pjob_787329ea6fc5425c99d3a4e3d51637bb.diagnostic_audio.wav
802894	2026-06-19 20:25	/home/jacobw/YTchannel/assets/media/prod_858ef20990524298ac201ac8b4d2aecd/pjob_155d3a26324c4180b9ebd933a789655b.diagnostic_audio.wav
802894	2026-06-19 20:26	/home/jacobw/YTchannel/assets/media/prod_aef52c4ebaf442aca3f9e210298c0e2f/pjob_578aa6f6e2014fd699f6b4d89eb6ead2.diagnostic_audio.wav
802894	2026-06-19 20:26	/home/jacobw/YTchannel/assets/media/prod_c725c285e0f14ed7b01effb9ff36a357/pjob_8a7831d8e97d4588a414cc596c0e2176.diagnostic_audio.wav
802894	2026-06-19 20:26	/home/jacobw/YTchannel/assets/media/prod_fde19c883a704160bb9cc38df243c1c2/pjob_f8d9cc3407404ab3ac54717ec4cf933b.diagnostic_audio.wav
802894	2026-06-19 20:27	/home/jacobw/YTchannel/assets/media/prod_0ad7840465fb414ca61ed01960f55013/pjob_9cfbf0dba61d40dcb157fb4c3e6a1fb8.diagnostic_audio.wav
802894	2026-06-19 20:27	/home/jacobw/YTchannel/assets/media/prod_aaba4acb5fd8454eaf9811f40b717c62/pjob_4f3a8172bfa4444494a443c251433455.diagnostic_audio.wav
802894	2026-06-19 20:36	/home/jacobw/YTchannel/assets/media/prod_13fa37fcfb784eb3840cdadb7f5dc98b/pjob_d56383099a9c4efbbf040540ce653495.diagnostic_audio.wav
802894	2026-06-19 20:36	/home/jacobw/YTchannel/assets/media/prod_7411eef494644be4a8b27e5bd0a4f924/pjob_6a43a9d30bee4c428013ab5e4978f691.diagnostic_audio.wav
802894	2026-06-19 20:38	/home/jacobw/YTchannel/assets/media/prod_1812d3a886f149f984b42c9b99715e5b/pjob_4c38be27a04641a4b6f4a8ca8b1be434.diagnostic_audio.wav
802894	2026-06-19 20:38	/home/jacobw/YTchannel/assets/media/prod_7a2207f53a434a78b0a4843b80b5ad46/pjob_278c3ab15e6b4fe883ee30057fd44fa0.diagnostic_audio.wav
802894	2026-06-19 20:39	/home/jacobw/YTchannel/assets/media/prod_2ce6583fd9cf4629a4019ebc641baa18/pjob_520637ac69ea407e943701be634f68e8.diagnostic_audio.wav
802894	2026-06-19 20:39	/home/jacobw/YTchannel/assets/media/prod_8a12bf0ca4c643b6a24c613fb41db1ab/pjob_96e313a763dd4ba5bab35a8a66a038bd.diagnostic_audio.wav
802894	2026-06-19 20:39	/home/jacobw/YTchannel/assets/media/prod_c90cdb1475844d50bb0414776690adaa/pjob_8f233b83d3764e3e95dceebc14e873d0.diagnostic_audio.wav
802894	2026-06-19 20:40	/home/jacobw/YTchannel/assets/media/prod_20fcb00a9ccf41e1b5fadb42471d34ec/pjob_72cd9a47d5ec496ba408fbfeb9d50f3f.diagnostic_audio.wav
802894	2026-06-19 20:40	/home/jacobw/YTchannel/assets/media/prod_ba43fa07486f4ad2b8556d3571430521/pjob_6ad29650bd5647e7931ab64e7edb8d8d.diagnostic_audio.wav
802894	2026-06-19 20:41	/home/jacobw/YTchannel/assets/media/prod_30d67b5affc54818b14919623e2ea90f/pjob_ca1f6039f5414e8f8fa0c57f4b5a5bb9.diagnostic_audio.wav
802894	2026-06-19 20:41	/home/jacobw/YTchannel/assets/media/prod_35cfe0a0823b41f4ac0f5b75d768a6bf/pjob_922de371495f4b1e9c5ad3487c3ed790.diagnostic_audio.wav
802894	2026-06-19 20:41	/home/jacobw/YTchannel/assets/media/prod_aa101554b9d840a6b85c881a472da126/pjob_9c0ba013f8474334897fdcffd7ddba86.diagnostic_audio.wav
802894	2026-06-19 21:14	/home/jacobw/YTchannel/assets/media/prod_2a0d613df2204ee1937630f801a1cf1f/pjob_95e3d8fbe71f41108c1826e1cc3cb461.diagnostic_audio.wav
802894	2026-06-19 21:15	/home/jacobw/YTchannel/assets/media/prod_b3a96d4ecdec4ef0a409aa998f647b27/pjob_56fc87f0f8a3402a8b85be8d58f907d2.diagnostic_audio.wav
802894	2026-06-19 21:15	/home/jacobw/YTchannel/assets/media/prod_f7ee3c918e594f739333c9e137a7ae51/pjob_e400d472fbad44ee828eb4399cd7ca53.diagnostic_audio.wav
802894	2026-06-19 21:16	/home/jacobw/YTchannel/assets/media/prod_5b6c3c75e7874ba8a26d4489b9960c97/pjob_8881c0956dca486cbdf93331fd478f1b.diagnostic_audio.wav
802894	2026-06-19 21:16	/home/jacobw/YTchannel/assets/media/prod_83c4bcdfd74f4ab6b9022923f91466d1/pjob_90a22e3890ee4be6a04b6981061138ac.diagnostic_audio.wav
802894	2026-06-19 21:16	/home/jacobw/YTchannel/assets/media/prod_94502a8d336e4515bb8a82fe108b0f51/pjob_c6b221443f7a430692e01411b3a47271.diagnostic_audio.wav
802894	2026-06-19 21:17	/home/jacobw/YTchannel/assets/media/prod_94de3c2f416e4092a238de417d9581ac/pjob_3ad478aba5094f499f2a14a560a52af1.diagnostic_audio.wav
802894	2026-06-19 21:17	/home/jacobw/YTchannel/assets/media/prod_a924fa3486b1444d93aa5d4cc34b8732/pjob_f0585a3272b842eeb4b4cbf9425f1e8b.diagnostic_audio.wav
802894	2026-06-19 21:17	/home/jacobw/YTchannel/assets/media/prod_f38e021ac5a0475bbadc98c0e6c61826/pjob_aa29b251ab51406a942e2024af741f6a.diagnostic_audio.wav
802894	2026-06-19 21:18	/home/jacobw/YTchannel/assets/media/prod_6254acbe63d449f3b0cc39760144411f/pjob_d7921a5feed6460d9773029e11dba005.diagnostic_audio.wav
802894	2026-06-19 21:27	/home/jacobw/YTchannel/assets/media/prod_d5e48fba1ff44a6a8384fd7e2cd3eba8/pjob_9d3a63575a6546b39012887ecb0a0452.diagnostic_audio.wav
802894	2026-06-19 21:28	/home/jacobw/YTchannel/assets/media/prod_9c15aac3e4294e0285799583363cbdf1/pjob_3ed939d1245646459911735ac75566e6.diagnostic_audio.wav
802894	2026-06-19 21:28	/home/jacobw/YTchannel/assets/media/prod_bfb0bd597bdb491aa6d87d6bc46c8385/pjob_fb2a4720b86d4368916dcfd170096af2.diagnostic_audio.wav
802894	2026-06-19 21:29	/home/jacobw/YTchannel/assets/media/prod_47dbf6922ca74f3a897a7370f1a37429/pjob_85bee75216574ea4a3220cdfd194b60d.diagnostic_audio.wav
802894	2026-06-19 21:29	/home/jacobw/YTchannel/assets/media/prod_a6262762cfad4aa29fabefe5804d1701/pjob_b0731a9482874ee284c73f2fe7a76ab1.diagnostic_audio.wav
802894	2026-06-19 23:17	/home/jacobw/YTchannel/assets/media/prod_d5c82bb4961241beaedf0fa862fa49e1/pjob_04a74e9562474567acab5395ebb3142a.diagnostic_audio.wav
802894	2026-06-19 23:18	/home/jacobw/YTchannel/assets/media/prod_5e2f54fba2594da49d7297fa437cb28e/pjob_d2750a958cc9497b8c5159a6efd80f36.diagnostic_audio.wav
802894	2026-06-19 23:18	/home/jacobw/YTchannel/assets/media/prod_5f0b2790eb8649269c71f9ec9be90531/pjob_428765a2ed6045c880eac00268e8c5b7.diagnostic_audio.wav
802894	2026-06-19 23:18	/home/jacobw/YTchannel/assets/media/prod_9b353b76def64e26bc4233e3714a0493/pjob_798cf0397b5249b79aa3478a89f275ea.diagnostic_audio.wav
802894	2026-06-19 23:19	/home/jacobw/YTchannel/assets/media/prod_1106b39e5ff94640a6e88d9a6f936053/pjob_98a82593cbea4e0690638f8f17a95ab8.diagnostic_audio.wav
802894	2026-06-19 23:19	/home/jacobw/YTchannel/assets/media/prod_54c45fdceb774de891daf37331f67a71/pjob_62466a9c58f942b6a3b0eaa07d00e6ec.diagnostic_audio.wav
802894	2026-06-19 23:19	/home/jacobw/YTchannel/assets/media/prod_7904a1dbbd50438f8995e168db022647/pjob_b4b87ef84c58416a991f525d6c4820eb.diagnostic_audio.wav
802894	2026-06-19 23:20	/home/jacobw/YTchannel/assets/media/prod_00a16f9349194fb3a07cceb67175e173/pjob_3ea0741052a74a4fb0a099fde72f8ef2.diagnostic_audio.wav
802894	2026-06-19 23:20	/home/jacobw/YTchannel/assets/media/prod_c9d4c9f6e906433f9d0983087e8e1898/pjob_0a6a9cc352284ed6b71138baf5c39e4f.diagnostic_audio.wav
802894	2026-06-19 23:21	/home/jacobw/YTchannel/assets/media/prod_a52daa8d8e6e4143a200f798d43d80c0/pjob_7fa1718b1b084eceb2cd78c57a518f8b.diagnostic_audio.wav
802894	2026-06-20 00:13	/home/jacobw/YTchannel/assets/media/prod_7c378cef6d6c4d37a5444c35920ac39e/pjob_5fec4a44d3394afaa7e3dadc0996d85a.diagnostic_audio.wav
802894	2026-06-20 00:14	/home/jacobw/YTchannel/assets/media/prod_8e449e5d698b47098799304beb7e0500/pjob_95df87a7405545cb8e0424ac7c20c954.diagnostic_audio.wav
802894	2026-06-20 00:14	/home/jacobw/YTchannel/assets/media/prod_d52f872d75b64aca99df77efbb741e90/pjob_0fdbbb8ce3b442bebc531d3cb5943434.diagnostic_audio.wav
802894	2026-06-20 00:15	/home/jacobw/YTchannel/assets/media/prod_26acbfcf2ea149b68b5c617792256dbc/pjob_fbcbb9d3219849248e8c406dd2c7786d.diagnostic_audio.wav
802894	2026-06-20 00:15	/home/jacobw/YTchannel/assets/media/prod_9d268e172b7b44f78020ea995d24b679/pjob_2dda881b89fd4727b629409ff27233db.diagnostic_audio.wav
802894	2026-06-20 00:15	/home/jacobw/YTchannel/assets/media/prod_d6c48a4ce7f14ca3835d026d8355734c/pjob_5cef21915ffb4670a43a5b0fc013679b.diagnostic_audio.wav
802894	2026-06-20 00:16	/home/jacobw/YTchannel/assets/media/prod_094b8ce7e5b94cdbbbb55b1ddb8cb3d4/pjob_a179e53682ab4eda895175c39a8f3a38.diagnostic_audio.wav
802894	2026-06-20 00:16	/home/jacobw/YTchannel/assets/media/prod_2174a42e9b8f4e0e947851843209fd51/pjob_6393caddd6db452ead6b25f1e995c75d.diagnostic_audio.wav
802894	2026-06-20 00:16	/home/jacobw/YTchannel/assets/media/prod_99c5dbdd471a4e2880fc99fd1de4b4e9/pjob_4c7c893258634183a52b52bd3a01d950.diagnostic_audio.wav
802894	2026-06-20 00:17	/home/jacobw/YTchannel/assets/media/prod_c3aea06949084ba0922f6f03744c95ac/pjob_468239dc80da4e09b32391c23193e85c.diagnostic_audio.wav
802894	2026-06-20 09:57	/home/jacobw/YTchannel/assets/media/prod_f0b6aafd5b5b4e348fb18481b56b591b/pjob_6b63a46517384c26b79a51632f0f2c29.diagnostic_audio.wav
802894	2026-06-20 10:00	/home/jacobw/YTchannel/assets/media/prod_898b73d50f294f36ba090b717588a470/pjob_d0619b4e051d41eca60342c784d778b3.diagnostic_audio.wav
802894	2026-06-20 10:00	/home/jacobw/YTchannel/assets/media/prod_d6b460e9b63c48b48e8870fb954f9afc/pjob_54c8f5353d59452eacbdbcdacb668459.diagnostic_audio.wav
802894	2026-06-20 10:01	/home/jacobw/YTchannel/assets/media/prod_52fb1bb14cf044f6ad97a57b27c49fc4/pjob_c1a9c3ab9dbe4eacbf6964445b5d6e31.diagnostic_audio.wav
802894	2026-06-20 10:01	/home/jacobw/YTchannel/assets/media/prod_ca6f1bc4b3b240a293d3ab4d7404f320/pjob_feae3635cb1f4ca7ba27d784c5cce0bb.diagnostic_audio.wav
802894	2026-06-20 10:02	/home/jacobw/YTchannel/assets/media/prod_2f08276a534a4ee6a1039c7d4615250b/pjob_953d10f5e6cd4cddb55c39c432f077c8.diagnostic_audio.wav
802894	2026-06-20 10:02	/home/jacobw/YTchannel/assets/media/prod_3ada3609c11b4d0c8c5f075b26faecbc/pjob_014fe34c11b74c958b8060a9c17d63b0.diagnostic_audio.wav
802894	2026-06-20 10:03	/home/jacobw/YTchannel/assets/media/prod_17c4be16ef4c471ebe9c1e3f1888287b/pjob_0a6fefcd0df84571a923e4fba9dc9aae.diagnostic_audio.wav
802894	2026-06-20 10:03	/home/jacobw/YTchannel/assets/media/prod_c1a325cd3ec04112b34a57a58fb0a9e0/pjob_0dcf829cf96a45b997d5b20543482c60.diagnostic_audio.wav
802894	2026-06-20 10:03	/home/jacobw/YTchannel/assets/media/prod_e8a19a4160c94de089949cef823fa6a0/pjob_d2ac1b6a69104af5bbe390ea5a07c978.diagnostic_audio.wav
802894	2026-06-20 10:04	/home/jacobw/YTchannel/assets/media/prod_02b39d2ba4bb4fb2b16a73a3c1128c41/pjob_466f7e9f1b8b4741b7cc7986ba00beab.diagnostic_audio.wav
802894	2026-06-20 10:04	/home/jacobw/YTchannel/assets/media/prod_3941980c9d364404ab9f83ba58d2afec/pjob_2a869d268e5c478c8c1295258bd4d5b4.diagnostic_audio.wav
802894	2026-06-20 10:05	/home/jacobw/YTchannel/assets/media/prod_31258b9077684bdea768d6026d444ad1/pjob_b3c22808229e45789d999b295c8b3cdf.diagnostic_audio.wav
802894	2026-06-20 10:05	/home/jacobw/YTchannel/assets/media/prod_49f6ea7c152140dca5d8e4e4d8ae9c59/pjob_097a9c21f31447be8ee35c5e0941b5cf.diagnostic_audio.wav
802894	2026-06-20 10:05	/home/jacobw/YTchannel/assets/media/prod_f50482567652409b9a6ea8d2ef775310/pjob_53f9ea19371c4e618f91695186ea61a9.diagnostic_audio.wav
802894	2026-06-20 10:06	/home/jacobw/YTchannel/assets/media/prod_cb55b73372df4b1a8a2f93908c71d25b/pjob_bf22a8305d78470da19f18ebf2dac168.diagnostic_audio.wav
802894	2026-06-20 10:07	/home/jacobw/YTchannel/assets/media/prod_04619e1874274aeaa39fcdc383f5306f/pjob_fb647fc6ae9c40c7aedd62bda78f59a4.diagnostic_audio.wav
802894	2026-06-20 10:07	/home/jacobw/YTchannel/assets/media/prod_86ce3ae54bce45ceafa3e47e0200ef54/pjob_4f1aed760a574a7a9eae616dfc38fdc0.diagnostic_audio.wav
802894	2026-06-20 10:07	/home/jacobw/YTchannel/assets/media/prod_fdd465eb2b794d43898fb856f36c5edd/pjob_cb21f9fde68844638592a412afe86e6c.diagnostic_audio.wav
802894	2026-06-20 10:08	/home/jacobw/YTchannel/assets/media/prod_d51bfde573f448bcb45f0b42aa777388/pjob_e97539b5311141a8a01a64e0b0b99a29.diagnostic_audio.wav
802894	2026-06-20 10:08	/home/jacobw/YTchannel/assets/media/prod_ec691b02bc17448197ddc8c61fc6531f/pjob_bf5beaa670044029a9b24f833425aeb0.diagnostic_audio.wav
802894	2026-06-20 10:09	/home/jacobw/YTchannel/assets/media/prod_1b9750aadc394d5ab919295214d383ea/pjob_cef097251e484e0b93b9744e114e5be4.diagnostic_audio.wav
802894	2026-06-20 10:09	/home/jacobw/YTchannel/assets/media/prod_6424e08007e8427380c7338d864381bc/pjob_f96925191f26438da1a88d3d84f8e052.diagnostic_audio.wav
802894	2026-06-20 10:09	/home/jacobw/YTchannel/assets/media/prod_c29286260b5b4b4eac8e275b1820d9bf/pjob_6ba961450b4c42689d846048be5c58c6.diagnostic_audio.wav
802894	2026-06-20 10:10	/home/jacobw/YTchannel/assets/media/prod_5d76262e84c64f5d9adc2c91760ff98d/pjob_f1d067f6a8734c999370ff3d88460f2c.diagnostic_audio.wav
802894	2026-06-20 10:10	/home/jacobw/YTchannel/assets/media/prod_cd0f1bbe731d4852b70fa3bd1f64150d/pjob_cc681a19d59247b4bf5a338ed3dbac4e.diagnostic_audio.wav
802894	2026-06-20 10:11	/home/jacobw/YTchannel/assets/media/prod_4b0a85c982744c98903eb3d36da2c9ff/pjob_053c6ab4dbe9499aba30dac7bcc8414f.diagnostic_audio.wav
802894	2026-06-20 10:11	/home/jacobw/YTchannel/assets/media/prod_b89e63b9c8c44e3fbaf3eecb52705b94/pjob_7d8eb83dc0964528b752ed84a72a4b9c.diagnostic_audio.wav
802894	2026-06-20 10:12	/home/jacobw/YTchannel/assets/media/prod_7a5da6873ec64442aa80aea17dc915eb/pjob_e23ff820e397432d93d7b197f586baed.diagnostic_audio.wav
802894	2026-06-20 10:12	/home/jacobw/YTchannel/assets/media/prod_9b583ac32bf44b1898eab2b6fc309c10/pjob_92ba68121fff4f679af02ccf1ea5aa31.diagnostic_audio.wav
802894	2026-06-20 10:12	/home/jacobw/YTchannel/assets/media/prod_cc951ede102440579696fc5c531377b6/pjob_7a8381ca89524084b26d7e2beac321cc.diagnostic_audio.wav
802894	2026-06-20 10:13	/home/jacobw/YTchannel/assets/media/prod_5f4d91cc68e94051aa77410f56005383/pjob_c3ca37c3407d47e39e7205f96466015a.diagnostic_audio.wav
802894	2026-06-20 10:13	/home/jacobw/YTchannel/assets/media/prod_f032d4ef2ef846139f772c5f6e032e8e/pjob_1e2512a9475849bead6f55ca335fc851.diagnostic_audio.wav
802894	2026-06-20 10:14	/home/jacobw/YTchannel/assets/media/prod_0804e2bca15749f495f0cc7c930d40bc/pjob_a627c74e3b1b415ea9d7c0cce74ea31e.diagnostic_audio.wav
802894	2026-06-20 10:14	/home/jacobw/YTchannel/assets/media/prod_38c0d49f24ef49ee8aba457814305259/pjob_8f9efe8ab1d84b99b6d7649f94dc5f6e.diagnostic_audio.wav
802894	2026-06-20 10:14	/home/jacobw/YTchannel/assets/media/prod_f18818f435694305b81ab6ac310e5c7f/pjob_8c00825eb140402bb2a6596bcb1fa978.diagnostic_audio.wav
802894	2026-06-20 10:38	/home/jacobw/YTchannel/assets/media/prod_a8c740152bac4d15b165b8c6a9cf7d5a/pjob_96bcd49cfa274ec28e9da989fa7a83fd.diagnostic_audio.wav
802894	2026-06-20 10:39	/home/jacobw/YTchannel/assets/media/prod_90632ecfd28f46faa244a4eff593bec9/pjob_17f84e4f516f4512aa0d95393de81b43.diagnostic_audio.wav
802894	2026-06-20 10:39	/home/jacobw/YTchannel/assets/media/prod_c7c345f06d9a46caaf7c201b4fd74e04/pjob_f6f7e30815144797ab94dc77b766c274.diagnostic_audio.wav
802894	2026-06-20 10:40	/home/jacobw/YTchannel/assets/media/prod_e80d780c4b144127b8802fc92d2785ca/pjob_6438ed9d3bb94d7c8dcc046c60c67ad7.diagnostic_audio.wav
802894	2026-06-20 10:41	/home/jacobw/YTchannel/assets/media/prod_94551e5dbe8049a882735d0bdef67ea3/pjob_8560db8d69354aa3af4494233bdff96d.diagnostic_audio.wav
802894	2026-06-20 10:41	/home/jacobw/YTchannel/assets/media/prod_c5a20a8587c64360bc14b4d54c84b695/pjob_d5ebce7085944e73bbab271ca3ff84be.diagnostic_audio.wav
802894	2026-06-20 10:43	/home/jacobw/YTchannel/assets/media/prod_6ac42e19946e442f9c7a1d43b743b100/pjob_710a710aa8cb4722aafe2b4e6ac00b59.diagnostic_audio.wav
802894	2026-06-20 10:43	/home/jacobw/YTchannel/assets/media/prod_9826604a2ccf4ac5bfcf51707620beac/pjob_fb7d2c2dbe86427195c4253cf93b25a7.diagnostic_audio.wav
802894	2026-06-20 10:43	/home/jacobw/YTchannel/assets/media/prod_a7993b7252754902ac5979e3192cdb2b/pjob_6689949320d54b2d9e62442d756bc511.diagnostic_audio.wav
802894	2026-06-20 10:44	/home/jacobw/YTchannel/assets/media/prod_0fd8e1355cb94f11825ca38e39095021/pjob_3fc69ff31a6244abb50e96bad596c834.diagnostic_audio.wav
802894	2026-06-20 10:44	/home/jacobw/YTchannel/assets/media/prod_6dd1cf431aee4373a2f5191f6fd15a6c/pjob_ee2c639744b648f7a1ba26cf528f1210.diagnostic_audio.wav
802894	2026-06-20 10:44	/home/jacobw/YTchannel/assets/media/prod_911b51c63bbb4b7ab66595660a5f5a51/pjob_4657d66a3ac7420589234f28e173057e.diagnostic_audio.wav
802894	2026-06-20 10:45	/home/jacobw/YTchannel/assets/media/prod_a31dcee0fe1e45bd995667659747b9c9/pjob_0ae0f9e8071c453c8546e8e6479187ec.diagnostic_audio.wav
802894	2026-06-20 10:45	/home/jacobw/YTchannel/assets/media/prod_da141984e2c1468fa671887b59534a15/pjob_c3771c2f363346ed9294dcacd03727cd.diagnostic_audio.wav
802894	2026-06-20 10:46	/home/jacobw/YTchannel/assets/media/prod_362899a8e0184293821c283e744569e4/pjob_307e0ea54ec8434187144c1334ffaa18.diagnostic_audio.wav
802894	2026-06-20 10:46	/home/jacobw/YTchannel/assets/media/prod_60173d0a5f5040a8ada01b707150e901/pjob_ed9296560c4045deac7698d18f980118.diagnostic_audio.wav
802894	2026-06-20 12:04	/home/jacobw/YTchannel/assets/media/prod_a2efa550033a45d09494911825d0fe89/pjob_04240279d46a4d959b477705e57fba65.diagnostic_audio.wav
802894	2026-06-20 12:04	/home/jacobw/YTchannel/assets/media/prod_df9c339a75ab407698f3f248ce61eea6/pjob_10c9f43633a740be998f41b357cbd268.diagnostic_audio.wav
802894	2026-06-20 12:04	/home/jacobw/YTchannel/assets/media/prod_e4281e8aacac41a38a5be20b563a1830/pjob_60ae493f3e3046f98ad123f14b359fa3.diagnostic_audio.wav
802894	2026-06-20 12:06	/home/jacobw/YTchannel/assets/media/prod_1780cd0901504cfba60e538f691512cc/pjob_3b9f32a5147645b8b5acf4427aad82db.diagnostic_audio.wav
802894	2026-06-20 12:06	/home/jacobw/YTchannel/assets/media/prod_80a26baed9e34550afb1e5eb05906205/pjob_81dfa6790e7541afba6dd4b440db4bcd.diagnostic_audio.wav
802894	2026-06-20 12:07	/home/jacobw/YTchannel/assets/media/prod_17a746d6f26c41df9266007a05d79f5c/pjob_25ceb4dfa33b443084a8c3f9ee14a688.diagnostic_audio.wav
802894	2026-06-20 12:07	/home/jacobw/YTchannel/assets/media/prod_4445fd9ec6e0445d8d0004c9c332d933/pjob_58507394584f47dc99f69aecf1685e19.diagnostic_audio.wav
802894	2026-06-20 12:07	/home/jacobw/YTchannel/assets/media/prod_6d7fbfbbfd684448858074c34198a86a/pjob_9c96ee6888504c43a281963f126ac740.diagnostic_audio.wav
802894	2026-06-20 12:08	/home/jacobw/YTchannel/assets/media/prod_4314c88a63e94af1a460b15899ca769b/pjob_ab701cf385764b23bc037ad7731b1d95.diagnostic_audio.wav
802894	2026-06-20 12:08	/home/jacobw/YTchannel/assets/media/prod_680328eb51324863be73943f7078ffea/pjob_7077ded9b4394691aa31fa3099b995f6.diagnostic_audio.wav
802894	2026-06-20 12:09	/home/jacobw/YTchannel/assets/media/prod_64eac0c0570f40dc947fc9e444c16fd3/pjob_d51fb8e42ab648f88cad95ef1df2a596.diagnostic_audio.wav
802894	2026-06-20 12:09	/home/jacobw/YTchannel/assets/media/prod_b64ebbede17f4475b053203e9ab18771/pjob_d7e6ff55cbed4a7f97cfb3a9dd4d811b.diagnostic_audio.wav
802894	2026-06-20 12:09	/home/jacobw/YTchannel/assets/media/prod_bbb4d7e99e6e44cd88fe2466a7988088/pjob_0a7c29f155b140a29ee6b9598b2fe3a6.diagnostic_audio.wav
802894	2026-06-20 12:25	/home/jacobw/YTchannel/assets/media/prod_78a90ab5ed2f4c8494d2b1f6d98e868b/pjob_436434c1db904eb5995c0706c8ee979a.diagnostic_audio.wav
802894	2026-06-20 12:25	/home/jacobw/YTchannel/assets/media/prod_e4fc11f9b5024c1da36c6511716345e4/pjob_c41ed9e58f594bd78faf517ab84af0fe.diagnostic_audio.wav
802894	2026-06-20 12:26	/home/jacobw/YTchannel/assets/media/prod_e0083fb871f64b79a34f53829908cb38/pjob_d2aa5725468f41acb1b16e2806e83669.diagnostic_audio.wav
802894	2026-06-20 12:27	/home/jacobw/YTchannel/assets/media/prod_3e63a337a5d34874a30e9aebdc9dc53c/pjob_ad13337608c34aba9818b5d7781d3ce7.diagnostic_audio.wav
802894	2026-06-20 12:27	/home/jacobw/YTchannel/assets/media/prod_c871f6e8cb29428588407d92a54c4325/pjob_79a0ed523d374d51ac501e2443fd9363.diagnostic_audio.wav
802894	2026-06-20 12:28	/home/jacobw/YTchannel/assets/media/prod_2a6ed34648384a0cb800c0a146691f1c/pjob_2d5e29c6d7bd445da18526bc0b5f629b.diagnostic_audio.wav
802894	2026-06-20 12:28	/home/jacobw/YTchannel/assets/media/prod_548bda61e4824121850c96283fdb50eb/pjob_95cfd721d0be45ea837fbcef6e44e7e5.diagnostic_audio.wav
802894	2026-06-20 12:29	/home/jacobw/YTchannel/assets/media/prod_2fdf2a5989b545d7be58210ebc969e29/pjob_60c2a9fdd40340468bdf6d03f5c3fd08.diagnostic_audio.wav
802894	2026-06-20 12:29	/home/jacobw/YTchannel/assets/media/prod_66fc5dfe045b460ca4cea6ff942bedf0/pjob_123515283b6347f2966eaf5f55c94467.diagnostic_audio.wav
802894	2026-06-20 12:29	/home/jacobw/YTchannel/assets/media/prod_f7c5f307c90e41838de499c176535f34/pjob_11c6c06e97324a62a970a9bbd650a121.diagnostic_audio.wav
802894	2026-06-20 12:30	/home/jacobw/YTchannel/assets/media/prod_846945b9b913479782cf925eec47033d/pjob_32ddc944292a4db394259bf4bde36d9c.diagnostic_audio.wav
802894	2026-06-20 12:30	/home/jacobw/YTchannel/assets/media/prod_d25c3a3d8a4748e684de4becc2884194/pjob_20ab3091c59547c2ba7f5e9ecf14d101.diagnostic_audio.wav
802894	2026-06-20 12:30	/home/jacobw/YTchannel/assets/media/prod_e72b81c82300492dbb5c5c0d3578984f/pjob_ccdbe556c54744cf879b50a18736573d.diagnostic_audio.wav
802894	2026-06-20 12:56	/home/jacobw/YTchannel/assets/media/prod_47344dad39a9461fb015c28bc0b15b82/pjob_b2938e2d52eb456ba317061329a5e077.diagnostic_audio.wav
802894	2026-06-20 13:04	/home/jacobw/YTchannel/assets/media/prod_f74962c0f308432c9e3a3df3422c0a4e/pjob_d658926da1724499aab962c61913ae70.diagnostic_audio.wav
802894	2026-06-20 13:05	/home/jacobw/YTchannel/assets/media/prod_613f20d7ca5e4c61ae50c0f3714ebe5d/pjob_afa48b3a888844808c859aa348327522.diagnostic_audio.wav
802894	2026-06-20 13:06	/home/jacobw/YTchannel/assets/media/prod_3ee3bde01ba44234b683c407bbec84b0/pjob_2492d46393134974a01ef6f4ec6dfc5b.diagnostic_audio.wav
802894	2026-06-20 13:07	/home/jacobw/YTchannel/assets/media/prod_a66c3866b0ad4d9fa34539adac92824b/pjob_465b987ef08e4e46a79f0405ff7aded1.diagnostic_audio.wav
802894	2026-06-20 13:08	/home/jacobw/YTchannel/assets/media/prod_eacebca84f98469b9f339158a6997200/pjob_e24aa48bd9b6442696bfa5f04cf20751.diagnostic_audio.wav
802894	2026-06-20 13:09	/home/jacobw/YTchannel/assets/media/prod_543ef8b9f6d54a65bcdb2a5558208411/pjob_73d6a7dd8fa34a628b25d0b994cfb3b9.diagnostic_audio.wav
802894	2026-06-20 13:09	/home/jacobw/YTchannel/assets/media/prod_d0032e0ec4cb41e5a30db42e51d951ed/pjob_6e948d024626404f8d80bf0895e890ee.diagnostic_audio.wav
802894	2026-06-20 13:10	/home/jacobw/YTchannel/assets/media/prod_b4dd6920a010465d83d9e9a670c8e3a5/pjob_c28aae522766443d9ff37d8c1ef4cde0.diagnostic_audio.wav
802894	2026-06-20 13:11	/home/jacobw/YTchannel/assets/media/prod_743aa1bbb80349fe9463274cd09b464f/pjob_ee4eb7526e094a578814f52dc4fb8765.diagnostic_audio.wav
802894	2026-06-20 13:12	/home/jacobw/YTchannel/assets/media/prod_4c152e14e7ef4343be77cf98c1057cdf/pjob_95e0d1a2773844f5a37a9bdf67bac8f2.diagnostic_audio.wav
802894	2026-06-20 13:13	/home/jacobw/YTchannel/assets/media/prod_2fbe3db0fa134b94905280db0277b2b2/pjob_758e4c51eb5d4bfe99293fa282cd2676.diagnostic_audio.wav
802894	2026-06-20 13:47	/home/jacobw/YTchannel/assets/media/prod_844aabba0a7b40f38da9f5582abbe737/pjob_d84df670893d451a8b240687842e5019.diagnostic_audio.wav
802894	2026-06-20 13:48	/home/jacobw/YTchannel/assets/media/prod_d601b7a549e9486ca3e76fb9786f3f24/pjob_6442ebaea4b04f5ba25dd1f2fb812d60.diagnostic_audio.wav
802894	2026-06-20 13:49	/home/jacobw/YTchannel/assets/media/prod_4070e06189014e27b92d053049a026b1/pjob_24d4a256a410418ea961e23ba86ba443.diagnostic_audio.wav
802894	2026-06-20 13:50	/home/jacobw/YTchannel/assets/media/prod_49f0294ae49946b98130df95402448d2/pjob_0728e68e564743c98a9aa8caf61faa92.diagnostic_audio.wav
802894	2026-06-20 13:51	/home/jacobw/YTchannel/assets/media/prod_c335847ae57847308e7f837a0abee796/pjob_44271d91c39e4af2be43eb6742dabe16.diagnostic_audio.wav
802894	2026-06-20 13:51	/home/jacobw/YTchannel/assets/media/prod_d8c33097802b4f0fbee88506ac1e82c5/pjob_9232859039a744dea2286f39ceffcfb5.diagnostic_audio.wav
802894	2026-06-20 13:52	/home/jacobw/YTchannel/assets/media/prod_433ccccbbd6146d8ba7e9c04ae1ffff9/pjob_7b5b3b5f80504fedb1f8c5271b038b1b.diagnostic_audio.wav
802894	2026-06-20 13:53	/home/jacobw/YTchannel/assets/media/prod_7ffdd61bb45a4541860f39926d7f025e/pjob_4da230d17bf6452c9624fa41d633f6ac.diagnostic_audio.wav
802894	2026-06-20 13:54	/home/jacobw/YTchannel/assets/media/prod_df86c74be45f454fa617c5d8b8c72154/pjob_ce843f69b32f4e329211747869a3a156.diagnostic_audio.wav
802894	2026-06-20 13:55	/home/jacobw/YTchannel/assets/media/prod_941c27d2efb84c87a4032a7095a42e96/pjob_3468363ed9d9454488094938cf9e871e.diagnostic_audio.wav
802894	2026-06-20 13:56	/home/jacobw/YTchannel/assets/media/prod_0d486b7c062a47e6bf9204c407e1c4c3/pjob_7dbfc0325fa54ca9a6797e4bb862d197.diagnostic_audio.wav
802894	2026-06-20 16:56	/home/jacobw/YTchannel/assets/media/prod_003f2541c79649c6a4cd03eb9c005b34/pjob_0774b42f08d541b8bd34d05e53ae452a.diagnostic_audio.wav
802894	2026-06-20 16:57	/home/jacobw/YTchannel/assets/media/prod_2bb86b48ae3d44cdaa4878c31571305b/pjob_d2500768bc3942ebacef8970fd05766d.diagnostic_audio.wav
802894	2026-06-20 16:58	/home/jacobw/YTchannel/assets/media/prod_3ee5770219344df78cbb224b8665914b/pjob_1b01c3b79d7541cd934be443454f2b5f.diagnostic_audio.wav
802894	2026-06-20 16:59	/home/jacobw/YTchannel/assets/media/prod_39e34cd0d4674c088eddde67100a6be4/pjob_695df1be893a4d4a97f34c25422f4c78.diagnostic_audio.wav
802894	2026-06-20 17:00	/home/jacobw/YTchannel/assets/media/prod_020e53e741734588ba55978db1534b68/pjob_ea6d315b1afb433f91900934c094247c.diagnostic_audio.wav
802894	2026-06-20 17:00	/home/jacobw/YTchannel/assets/media/prod_4f9fc1716dc94c5ba1d05843f9e72e58/pjob_c0f471b42e004b80a7dee25b90658c3d.diagnostic_audio.wav
927822	2026-06-18 15:29	/home/jacobw/YTchannel/assets/media/prod_92605736e62e40899b77ab9ea314be23/pjob_dd90f8f3cc89478ca9348bee731e847a.diagnostic_audio.wav
927822	2026-06-18 15:30	/home/jacobw/YTchannel/assets/media/prod_5ccbc0124eb047b8ae63be04e20a9865/pjob_b14217933935464cb752f2abdfff35ef.diagnostic_audio.wav
927822	2026-06-18 15:31	/home/jacobw/YTchannel/assets/media/prod_01ddfd49b72f4a94a4d14c957a7e284b/pjob_83e2f48e9a6e4293ab69630489370b61.diagnostic_audio.wav
927822	2026-06-18 15:33	/home/jacobw/YTchannel/assets/media/prod_731c57b3c7b449098538732d4ea7d133/pjob_02bc082d685e4cdba92fbeb786b94f76.diagnostic_audio.wav
927822	2026-06-18 15:36	/home/jacobw/YTchannel/assets/media/prod_b040534ee9c54720840ca03e56e08962/pjob_00079a6f20574be89e46ce3617f9b432.diagnostic_audio.wav
927822	2026-06-18 15:38	/home/jacobw/YTchannel/assets/media/prod_0bced67a9ff243bbad6410ce2599f8cb/pjob_716b66b9991048bfac697ce95c01de76.diagnostic_audio.wav
927822	2026-06-18 15:39	/home/jacobw/YTchannel/assets/media/prod_e37dc8799ddc475dbff54bccca95b3b7/pjob_374875f3db5f42529d82cd3d13ac6272.diagnostic_audio.wav
927822	2026-06-18 15:39	/home/jacobw/YTchannel/assets/media/prod_e37dc8799ddc475dbff54bccca95b3b7/pjob_eff464feab8845a1a825e334abcffb09.diagnostic_audio.wav
927822	2026-06-18 15:41	/home/jacobw/YTchannel/assets/media/prod_d91002b99be148718acb6a1bb013e172/pjob_c0eae82fb3f54056bcf5a362cb6ee3cd.diagnostic_audio.wav
927822	2026-06-18 15:45	/home/jacobw/YTchannel/assets/media/prod_e7a087697bd145f2b4e3653b2802b939/pjob_269d6ea9b12f47888e2c2804839b49ab.diagnostic_audio.wav
927822	2026-06-18 15:45	/home/jacobw/YTchannel/assets/media/prod_ed60e7661fab497d8e080351d728bcd5/pjob_4fa02338e9964d26b38be7c1b518b6de.diagnostic_audio.wav
927822	2026-06-18 15:46	/home/jacobw/YTchannel/assets/media/prod_629a2237f6cd4a91bed095c56147d778/pjob_71a4941d907a41e6a5119be93e54ae1f.diagnostic_audio.wav
927822	2026-06-18 15:47	/home/jacobw/YTchannel/assets/media/prod_72691471f3e04296a990147b65dd7635/pjob_ed51dba9b02c45c5928bf69e3588bace.diagnostic_audio.wav
927822	2026-06-18 15:47	/home/jacobw/YTchannel/assets/media/prod_e5cdda87ba3c439b8e275a5904ff7bc0/pjob_d602eff610614ee398725414bdb96c39.diagnostic_audio.wav
927822	2026-06-18 15:48	/home/jacobw/YTchannel/assets/media/prod_2af83c84df1041ccab08c11378467142/pjob_01bfc09289954d3380c8890ee9432966.diagnostic_audio.wav
927822	2026-06-18 15:48	/home/jacobw/YTchannel/assets/media/prod_9fc604145b96477e8115a5bc1ad42fb2/pjob_0772f1b3a8ca435fa651ceae7f05b010.diagnostic_audio.wav
927822	2026-06-18 15:48	/home/jacobw/YTchannel/assets/media/prod_fec71ef724d649cc8da0f3a1dccb2def/pjob_c18ef1c5df3e459eadd7a172c2d8a718.diagnostic_audio.wav
927822	2026-06-18 15:49	/home/jacobw/YTchannel/assets/media/prod_92b7aa5856134c35bc8098ce95762fbc/pjob_8fe411246d83421f9a55016c9b924c6b.diagnostic_audio.wav
927822	2026-06-18 15:49	/home/jacobw/YTchannel/assets/media/prod_a779c5ef5d9e4664b36ba8721092e27b/pjob_54e0aa10fe7740a094d314606d04977f.diagnostic_audio.wav
927822	2026-06-18 15:50	/home/jacobw/YTchannel/assets/media/prod_c7cdf43cf6d2400e99850ed283e273c5/pjob_cce7d22afcff4bb6957321aa7207e194.diagnostic_audio.wav
927822	2026-06-18 15:51	/home/jacobw/YTchannel/assets/media/prod_e872819917eb417d9de222925d25de03/pjob_b186ddfd0ee14d54bc7ea5bddb125849.diagnostic_audio.wav
927822	2026-06-18 15:52	/home/jacobw/YTchannel/assets/media/prod_7998c98f54fc4256afa84d1814920bc8/pjob_c6b4ed4658d84805a1e94791dfd5824b.diagnostic_audio.wav
927822	2026-06-18 15:52	/home/jacobw/YTchannel/assets/media/prod_ead8ff7f11754c6ba44c39db8b8eed32/pjob_055f7543ca104d8e8e21a3c9cd6451c8.diagnostic_audio.wav
927822	2026-06-18 15:53	/home/jacobw/YTchannel/assets/media/prod_984771539b2d4f4b9c706775b1b8b413/pjob_e7059a13dacf44aea41d6d18ec76d544.diagnostic_audio.wav
927822	2026-06-18 15:53	/home/jacobw/YTchannel/assets/media/prod_d6d335e2b9df4aa68f2c41c77781a35c/pjob_0eaeea1b2c794ffd8060527381274ecd.diagnostic_audio.wav
927822	2026-06-18 15:53	/home/jacobw/YTchannel/assets/media/prod_f36d8a8bb7fe4a3fae628b00037e2f8f/pjob_f270679cfba8447998358f23773c0fc4.diagnostic_audio.wav
927822	2026-06-18 15:54	/home/jacobw/YTchannel/assets/media/prod_4020cdc3567b45f49111b9523c2fc360/pjob_735b7dda68754feea950917752308906.diagnostic_audio.wav
927822	2026-06-18 15:54	/home/jacobw/YTchannel/assets/media/prod_50dbd7a7a9c04fe3970ce963e4ae632f/pjob_d99a6764d6004cc580da209eecaa2156.diagnostic_audio.wav
927822	2026-06-18 15:54	/home/jacobw/YTchannel/assets/media/prod_61c4bd4522184d47bf0a6eca6f080769/pjob_0a2fdbe825a34368902f8caa45ab7177.diagnostic_audio.wav
927822	2026-06-18 15:55	/home/jacobw/YTchannel/assets/media/prod_eed729ace0df4953b94e50d331d68d80/pjob_9e8e12994d0443ba97c9a541e2ec0f6c.diagnostic_audio.wav
927822	2026-06-18 20:42	/home/jacobw/YTchannel/assets/media/prod_e727b1c1a58642eeb2f03cf4ee1d651d/pjob_dc228f7aae16459383b0cb346c765db3.diagnostic_audio.wav
927822	2026-06-18 22:15	/home/jacobw/YTchannel/assets/media/prod_9a44407be0884fd0b9646932fa3a4653/pjob_889cd92579fe49cebae3acffdac0df6c.diagnostic_audio.wav
927822	2026-06-18 22:15	/home/jacobw/YTchannel/assets/media/prod_dddea302002642dea824d52778908b72/pjob_d159952079d4448baf5b02847638fe3f.diagnostic_audio.wav
927822	2026-06-18 22:16	/home/jacobw/YTchannel/assets/media/prod_8570f117bbd3480386fed01152f0e70e/pjob_9f930e4a2a1e4243b6c1d4c357c2aab5.diagnostic_audio.wav
927822	2026-06-18 22:16	/home/jacobw/YTchannel/assets/media/prod_e018e872c8bd43c0a870fa1bf6ebe168/pjob_b68de1d661a743c1a28650c0a0b09164.diagnostic_audio.wav
927822	2026-06-18 22:17	/home/jacobw/YTchannel/assets/media/prod_0237c58c2d5c4e8a8079f82fc7aa0781/pjob_dd6dbe6537ae4041ad4694540f91942b.diagnostic_audio.wav
927822	2026-06-18 22:17	/home/jacobw/YTchannel/assets/media/prod_a87095ec9d774454b82ce86e1032f815/pjob_9c670e58d57c459eb47a6be49ea1fbdd.diagnostic_audio.wav
927822	2026-06-18 22:17	/home/jacobw/YTchannel/assets/media/prod_f36bcfd4ca3a4fefaad5e94ac20aef39/pjob_4a129f808d5c4a889869f764f76f8e7e.diagnostic_audio.wav
927822	2026-06-18 22:18	/home/jacobw/YTchannel/assets/media/prod_867e103a663c4aa7b5d277ef206b1acb/pjob_0feaeb413c724ea5b54cdf0ba072dd0d.diagnostic_audio.wav
927822	2026-06-18 22:18	/home/jacobw/YTchannel/assets/media/prod_e34cb8f1b07242a7bf59428184a5d486/pjob_bb07a30ea4f14cd6b3bc30333a264bed.diagnostic_audio.wav
927822	2026-06-18 22:18	/home/jacobw/YTchannel/assets/media/prod_ed21b4251e1f492f96afbb03427ae90f/pjob_f265377cc665446d944fb6f2733f091e.diagnostic_audio.wav
927822	2026-06-18 22:54	/home/jacobw/YTchannel/assets/media/prod_b7d357368b854f09ab2b1e51fb6755af/pjob_b92973dc305f4149a984016f308cb5dc.diagnostic_audio.wav
927822	2026-06-18 22:55	/home/jacobw/YTchannel/assets/media/prod_4b35c4a3e2c74fe98af667a7f0538c3c/pjob_c96880cac66f41a197d996c69c72fbbe.diagnostic_audio.wav
927822	2026-06-18 22:56	/home/jacobw/YTchannel/assets/media/prod_737fcc3f5acb45c291035057d1237e65/pjob_df934205caee49b39cf4ae72b448124f.diagnostic_audio.wav
927822	2026-06-18 22:58	/home/jacobw/YTchannel/assets/media/prod_2e49c8856f1945aa8e9bd9394a72380e/pjob_07099142c27440039bc38dea5f6a40cd.diagnostic_audio.wav
927822	2026-06-18 22:58	/home/jacobw/YTchannel/assets/media/prod_7375f0abcf64475e8962e34aae5186e1/pjob_6d809092bfd64539957258084119ac0c.diagnostic_audio.wav
927822	2026-06-18 22:59	/home/jacobw/YTchannel/assets/media/prod_16cddc99a1994feeb9113d189fa01ad4/pjob_835cef451bcc46ea908e5a6451d35eca.diagnostic_audio.wav
927822	2026-06-18 22:59	/home/jacobw/YTchannel/assets/media/prod_6a1c0626f824496796435d75606c7be0/pjob_6910a0c18a2f45d48152524c77040dd9.diagnostic_audio.wav
927822	2026-06-18 22:59	/home/jacobw/YTchannel/assets/media/prod_b167e40b02c243498aa23effd8683ff8/pjob_4bfc5362ab47416c91df0cc96b41174e.diagnostic_audio.wav
927822	2026-06-18 23:00	/home/jacobw/YTchannel/assets/media/prod_79338b995dc6487dbd4abe6822418b68/pjob_853b0041496a4a80833f9270b2890695.diagnostic_audio.wav
927822	2026-06-18 23:00	/home/jacobw/YTchannel/assets/media/prod_9efc18c614f241ef86e76b06659bdae8/pjob_6f5c5aed93f8432a9e117f3766904463.diagnostic_audio.wav
927822	2026-06-18 23:01	/home/jacobw/YTchannel/assets/media/prod_3efdd2e2113445c3b526165ba717f9fd/pjob_620ad5a796f2434398294994716813e1.diagnostic_audio.wav
927822	2026-06-18 23:01	/home/jacobw/YTchannel/assets/media/prod_49d080e4b2184cbfac4dc655582efc3e/pjob_92215de96ff34668abf58c9acabc9445.diagnostic_audio.wav
927822	2026-06-18 23:01	/home/jacobw/YTchannel/assets/media/prod_4fb859af4f3547f2af7e76df3f1ffe87/pjob_084d2745677744bea5909831cb30d218.diagnostic_audio.wav
927822	2026-06-18 23:12	/home/jacobw/YTchannel/assets/media/prod_6652c31420564ba58d276b22007cb8fa/pjob_1905d5a64bb04ee1b068ee7f2c833809.diagnostic_audio.wav
927822	2026-06-18 23:12	/home/jacobw/YTchannel/assets/media/prod_9cdabc71b002430aac4a049f46a3dd72/pjob_b8f98f3ba22c4f558e8272578cfd6a0f.diagnostic_audio.wav
927822	2026-06-18 23:12	/home/jacobw/YTchannel/assets/media/prod_ea2bead949cd4098a5781ebee78b3bea/pjob_957e1fb45df04edab9f7d5c8e3329852.diagnostic_audio.wav
927822	2026-06-18 23:13	/home/jacobw/YTchannel/assets/media/prod_40b2f9d2904341c58488ac21ea337986/pjob_0c85a071b1ac40b08bc1f88ecf182bb6.diagnostic_audio.wav
927822	2026-06-18 23:13	/home/jacobw/YTchannel/assets/media/prod_475eff1a9f634a22a3d6174f0eb753ec/pjob_46b5c39b0cee4245b7c720907045d61c.diagnostic_audio.wav
927822	2026-06-18 23:13	/home/jacobw/YTchannel/assets/media/prod_a13585846dd5400cbb2a41924986fdba/pjob_3ca29a70075048278149b04f00743ad8.diagnostic_audio.wav
927822	2026-06-18 23:14	/home/jacobw/YTchannel/assets/media/prod_0bea10879f6d4d778daffc01ae634f91/pjob_a03e3929f460442ba367ae5becaadd9f.diagnostic_audio.wav
927822	2026-06-18 23:14	/home/jacobw/YTchannel/assets/media/prod_6cba656e5d0740199940c7fcaf1b922a/pjob_4d16314c34ba41f8ad79abdba6cf04f7.diagnostic_audio.wav
927822	2026-06-18 23:15	/home/jacobw/YTchannel/assets/media/prod_4ad58158c2a147d8966e201111fb9e82/pjob_296046f6ecb74dcf92c0bb0125ddab59.diagnostic_audio.wav
927822	2026-06-18 23:15	/home/jacobw/YTchannel/assets/media/prod_f354504a50fd4c2c8c84d52917f60ee0/pjob_5b7d6269c1de4bfda14ca370cbfaa754.diagnostic_audio.wav
927822	2026-06-18 23:25	/home/jacobw/YTchannel/assets/media/prod_69a2c309c7b64c9b8499af2df4a3cebd/pjob_b7e8010579e340f1a14c3006d10208d2.diagnostic_audio.wav
927822	2026-06-18 23:25	/home/jacobw/YTchannel/assets/media/prod_99333fb362f847cbacda9d68691dee35/pjob_a80aceb9bf924c3088d0c8d6e3156ad4.diagnostic_audio.wav
927822	2026-06-18 23:25	/home/jacobw/YTchannel/assets/media/prod_db5da16735f941f2b4909d0e05ebf919/pjob_d1ae4993dc7d4800adb326775a69a17a.diagnostic_audio.wav
927822	2026-06-18 23:26	/home/jacobw/YTchannel/assets/media/prod_7f910cddf19243969df68c97dc93b323/pjob_5bbf2edb870a4b7292c497ae3b86ecf2.diagnostic_audio.wav
927822	2026-06-18 23:26	/home/jacobw/YTchannel/assets/media/prod_df62dcd0215f44719ff52efd7372138c/pjob_fb356c52102c43279c3011681a9899c1.diagnostic_audio.wav
927822	2026-06-18 23:27	/home/jacobw/YTchannel/assets/media/prod_1d081de0921e43958d72e72e0a440199/pjob_c25174c034054c23ac98f540963939ad.diagnostic_audio.wav
927822	2026-06-18 23:27	/home/jacobw/YTchannel/assets/media/prod_57bfb668970646cba19c3a9e89f71e3f/pjob_7133899beb064605b87b8282b6e239fb.diagnostic_audio.wav
927822	2026-06-18 23:27	/home/jacobw/YTchannel/assets/media/prod_a8ef94f38ef04b66a2234febfafed1c0/pjob_71337c1b540249ee993692e7feafe4b9.diagnostic_audio.wav
927822	2026-06-18 23:28	/home/jacobw/YTchannel/assets/media/prod_45a2571564a84b18b2e3cde11923e340/pjob_d5d710194e764bfba620118a760081fe.diagnostic_audio.wav
927822	2026-06-18 23:28	/home/jacobw/YTchannel/assets/media/prod_7652df036c1542ca8e24fcbd4d11e206/pjob_a847c58385094d8ca14f013975f02a8f.diagnostic_audio.wav
927822	2026-06-18 23:40	/home/jacobw/YTchannel/assets/media/prod_4d81d170d13c4008a67262918323df0e/pjob_a3156d374d3444ea943578e33c029fef.diagnostic_audio.wav
927822	2026-06-18 23:40	/home/jacobw/YTchannel/assets/media/prod_53c3ac032c0749dc990604ae52ddd170/pjob_29baff74714e4c8daddaefe1359ecdce.diagnostic_audio.wav
927822	2026-06-18 23:41	/home/jacobw/YTchannel/assets/media/prod_1ffeee5cc4084ce1be0169db2f2251e8/pjob_a3fc12cde290472cb688b9445174328a.diagnostic_audio.wav
927822	2026-06-18 23:41	/home/jacobw/YTchannel/assets/media/prod_49a1513de5eb497586cd5d57d1c5a776/pjob_937474f519fa4a578fb15d615c1d54cf.diagnostic_audio.wav
927822	2026-06-18 23:41	/home/jacobw/YTchannel/assets/media/prod_c9ac4d5ef82b4a768a72a94d724f5ea7/pjob_0808ef3d16584b24b7076112b651190c.diagnostic_audio.wav
927822	2026-06-18 23:42	/home/jacobw/YTchannel/assets/media/prod_30a3ecdc64b14829a9e7a852c2d613e4/pjob_344527a0d9224126b67177b3bdebc4ed.diagnostic_audio.wav
927822	2026-06-18 23:42	/home/jacobw/YTchannel/assets/media/prod_332bce2d2b5b4e75bb3f972a64dcd934/pjob_4803264fa4e54f388f9c545731167888.diagnostic_audio.wav
927822	2026-06-18 23:42	/home/jacobw/YTchannel/assets/media/prod_cc2780bdcab24d5e920bce74965cbaa1/pjob_3d643f31170a4470825be3a32cf40820.diagnostic_audio.wav
927822	2026-06-18 23:43	/home/jacobw/YTchannel/assets/media/prod_00835f2a12124b48a9e8a530fff19568/pjob_2bd80d041f124108b1139c8970287705.diagnostic_audio.wav
927822	2026-06-18 23:43	/home/jacobw/YTchannel/assets/media/prod_4178f27a7efb473192c9f8c878eba2ed/pjob_844b1c06af504cb1a000c1d4918d86bf.diagnostic_audio.wav
927822	2026-06-19 08:08	/home/jacobw/YTchannel/assets/media/prod_5ea4f1b31cd94462892e7bcd47e2bb01/pjob_cdfe1b556d5f498ca615fc6c7f0c401c.diagnostic_audio.wav
927822	2026-06-19 08:08	/home/jacobw/YTchannel/assets/media/prod_c6882b847b2d4ae585c68c0d3411259e/pjob_8a12f8a8edac493892e1acda79c59d95.diagnostic_audio.wav
927822	2026-06-19 08:09	/home/jacobw/YTchannel/assets/media/prod_6e47988edffb4df9b4f34f3a93e3cd07/pjob_2aa4640f81f84f81bc80b373e8fcc860.diagnostic_audio.wav
927822	2026-06-19 08:09	/home/jacobw/YTchannel/assets/media/prod_6ec56def1f854254a5a56a01a7464827/pjob_7b13a509937242a5a727f7455ef9a9f3.diagnostic_audio.wav
927822	2026-06-19 08:09	/home/jacobw/YTchannel/assets/media/prod_777c06918d834824b2993395005e2f05/pjob_f2754c0977c74d3db7db27395a914d3d.diagnostic_audio.wav
927822	2026-06-19 08:10	/home/jacobw/YTchannel/assets/media/prod_40d11d1b465f4337870a8edece099358/pjob_dcc6101ec42d48b1ac621e22ef0da084.diagnostic_audio.wav
927822	2026-06-19 08:10	/home/jacobw/YTchannel/assets/media/prod_749fb2f19f9245b3a82fe6e43995f9ac/pjob_74361933715c400ab60fa50bd381ce57.diagnostic_audio.wav
927822	2026-06-19 08:10	/home/jacobw/YTchannel/assets/media/prod_8356a7f2a35a4512ab5dcc0c0f63ee4f/pjob_270d4892f90c44c4b8e1cc6e6bda8f43.diagnostic_audio.wav
927822	2026-06-19 08:11	/home/jacobw/YTchannel/assets/media/prod_43de7bb8cfca49dd944dbdb7d84ce006/pjob_0b52ca61049f40e5ab44aae73ee1e3a6.diagnostic_audio.wav
927822	2026-06-19 08:11	/home/jacobw/YTchannel/assets/media/prod_5ff2e00656894c75a3ad9adc27b79cf7/pjob_073bc82883b94c8a94ab16021818f410.diagnostic_audio.wav
927822	2026-06-19 08:18	/home/jacobw/YTchannel/assets/media/prod_684eba46893942039b666cc67e4cd73d/pjob_a9bfcce372de4c909ac794b513b34d44.diagnostic_audio.wav
927822	2026-06-19 08:18	/home/jacobw/YTchannel/assets/media/prod_6ab5a8bef46c4a4c9324a316de91e4ec/pjob_15c4e9cfee574cb4a2cc33e9b4c3c06c.diagnostic_audio.wav
927822	2026-06-19 08:18	/home/jacobw/YTchannel/assets/media/prod_7786a48194864ff9bd5743ae4a3c6572/pjob_bdd4754dfdf049f58ac8bb2d7dc96c7a.diagnostic_audio.wav
927822	2026-06-19 08:19	/home/jacobw/YTchannel/assets/media/prod_6fd0edbd4b824c03b219cdd2395682c3/pjob_f5228e77cfbd4640ad02d3f3853cbec5.diagnostic_audio.wav
927822	2026-06-19 08:19	/home/jacobw/YTchannel/assets/media/prod_e27f6b7b5ebb4e8397d10978bf9e931e/pjob_3c425ea85a684f848f55dd77307b3b0c.diagnostic_audio.wav
927822	2026-06-19 08:20	/home/jacobw/YTchannel/assets/media/prod_ba8726eaa50f43369050d571aa6e71d7/pjob_3d4ff77639be47f1bc8fd8623a097261.diagnostic_audio.wav
927822	2026-06-19 08:20	/home/jacobw/YTchannel/assets/media/prod_c344d6b654484962a98a50963579c8ee/pjob_c048b20c88e44aa1b109b82d27cc1d3c.diagnostic_audio.wav
927822	2026-06-19 08:20	/home/jacobw/YTchannel/assets/media/prod_e5cb898a186c49a7abb428221138c852/pjob_58fe59f340ba4084a4cb55828ceeae72.diagnostic_audio.wav
927822	2026-06-19 08:21	/home/jacobw/YTchannel/assets/media/prod_84fa6358c51e4998a3d1d93afe70446f/pjob_a23e03d8f0494284ad6422ec80b2dc41.diagnostic_audio.wav
927822	2026-06-19 08:21	/home/jacobw/YTchannel/assets/media/prod_ab14b740e97843c5b61c7a6271d8878f/pjob_9450be0598f64937861784c48918d933.diagnostic_audio.wav
927822	2026-06-19 08:21	/home/jacobw/YTchannel/assets/media/prod_de963fdeaa42443685e8dc2c08b5321d/pjob_23518855febd49a3ad93805888a0e56d.diagnostic_audio.wav
927822	2026-06-19 08:22	/home/jacobw/YTchannel/assets/media/prod_5dea1df5413a4776bea6c0ae453e610b/pjob_196b2fb4b8644b42b4e21bbbe5eb1cbd.diagnostic_audio.wav
927822	2026-06-19 08:22	/home/jacobw/YTchannel/assets/media/prod_8e2b77e8d7134b328430a0c0673d274a/pjob_a34b8772dd004fa0832d3820bdcca3a4.diagnostic_audio.wav
927822	2026-06-19 08:23	/home/jacobw/YTchannel/assets/media/prod_225cbc6d67194a3a822c95bde705ca4f/pjob_6b9074c50e194ac1a7924f45a22eb2ac.diagnostic_audio.wav
927822	2026-06-19 12:46	/home/jacobw/YTchannel/assets/media/prod_20b418d1c0934d39a06230e4931379d9/pjob_b3da538fee344e7cb9d317168e402e53.diagnostic_audio.wav
927822	2026-06-19 12:46	/home/jacobw/YTchannel/assets/media/prod_894800f9c86c4eeea9b9c45e03612968/pjob_995efa7f61c249fa9c151eebfba78048.diagnostic_audio.wav
927822	2026-06-19 12:47	/home/jacobw/YTchannel/assets/media/prod_283d100ac1b44859977077b29bca4e5b/pjob_f46d2a24e06e4e59b35d57507b7680c1.diagnostic_audio.wav
927822	2026-06-19 12:47	/home/jacobw/YTchannel/assets/media/prod_9cc6c9ed6a9d43119c9ac4d6b3a14dc1/pjob_b7b602cb44134c72964e63d14f0f6626.diagnostic_audio.wav
927822	2026-06-19 12:48	/home/jacobw/YTchannel/assets/media/prod_3af7333f3e4749d09dedf73f2d55bd6c/pjob_16dcce40585f424d95911aea37178a1f.diagnostic_audio.wav
927822	2026-06-19 12:48	/home/jacobw/YTchannel/assets/media/prod_6c3aec3b34e54923a710a81c0e82d892/pjob_65b43f04118f440487af805031e3cc45.diagnostic_audio.wav
927822	2026-06-19 12:49	/home/jacobw/YTchannel/assets/media/prod_1c713aefdad948e19db81c4af7d8660f/pjob_fbedc02ddeb94bd481e75bdc40268e33.diagnostic_audio.wav
927822	2026-06-19 12:49	/home/jacobw/YTchannel/assets/media/prod_3de7c84c619741c4816b9ea773b235f9/pjob_7c6eb52476f8420f85ed4038b1f0cb70.diagnostic_audio.wav
927822	2026-06-19 12:49	/home/jacobw/YTchannel/assets/media/prod_a4d18fe3d1c64380afaa016779362234/pjob_7611d6fac06a43d0af85bf0e67e96310.diagnostic_audio.wav
927822	2026-06-19 12:50	/home/jacobw/YTchannel/assets/media/prod_bd5e4438ea574dcf98aa75395f64a85e/pjob_17a71e4a3b8f4a77b0b4abd003fb8e61.diagnostic_audio.wav
927822	2026-06-19 12:50	/home/jacobw/YTchannel/assets/media/prod_e6c5c0bf88504a65b12b0aae92f6c5bc/pjob_9f70bca08d34422f84262ca2edaffce6.diagnostic_audio.wav
927822	2026-06-19 12:51	/home/jacobw/YTchannel/assets/media/prod_6db0d6ed395e4506b228eb636cb0efa3/pjob_0a14af0cf6824fb5843289e4abf4b439.diagnostic_audio.wav
927822	2026-06-19 12:51	/home/jacobw/YTchannel/assets/media/prod_e705567c019647939eb068ef1fbb4945/pjob_a824fcda0bcd48aca4c06de9c817f639.diagnostic_audio.wav
927822	2026-06-19 12:52	/home/jacobw/YTchannel/assets/media/prod_2c3f4342aaf74b38a5f7db01a47667d9/pjob_bd724760e5504e0289bf48960a447e44.diagnostic_audio.wav
927822	2026-06-19 12:52	/home/jacobw/YTchannel/assets/media/prod_9b94da2f795047e39de31f63f361a036/pjob_87d3084ee60a4dd4b20e75043121690f.diagnostic_audio.wav
927822	2026-06-19 12:52	/home/jacobw/YTchannel/assets/media/prod_d425c8dc33d445679827c4490cc6b616/pjob_57ec5189dea74e47a4351c10e3d01f98.diagnostic_audio.wav
927822	2026-06-19 12:53	/home/jacobw/YTchannel/assets/media/prod_4d8e007a6d254163b294532671abf981/pjob_867c07057dfd4f9388dbb37af7d42ed0.diagnostic_audio.wav
927822	2026-06-19 12:53	/home/jacobw/YTchannel/assets/media/prod_b3f10fcb72ee49f788190ebc8910602b/pjob_5076c4387f9f4789b3802537731df060.diagnostic_audio.wav
927822	2026-06-19 12:54	/home/jacobw/YTchannel/assets/media/prod_162d66ad0916407d97de7baae5c0ff80/pjob_4c5016a6ef084731a44abcdfd2f779d1.diagnostic_audio.wav
927822	2026-06-19 12:54	/home/jacobw/YTchannel/assets/media/prod_d1bdc807f7d04f7590b85d2c2af9af26/pjob_4fd5936881d24ec79271b7c3fb713457.diagnostic_audio.wav
927822	2026-06-19 12:54	/home/jacobw/YTchannel/assets/media/prod_f5a406af9cc34f9680522a04d191ce75/pjob_8a8d8816b537458ea77de91b11c6f439.diagnostic_audio.wav
927822	2026-06-19 13:07	/home/jacobw/YTchannel/assets/media/prod_162ac258871b41c7982b6488a733ad49/pjob_fd09ada753024044baa2707efb1c8d10.diagnostic_audio.wav
927822	2026-06-19 13:16	/home/jacobw/YTchannel/assets/media/prod_80ef425d9ea44d1cb922b80145ced67f/pjob_8c620d09e3cd4873b23e9ee762d60c10.diagnostic_audio.wav
927822	2026-06-19 13:16	/home/jacobw/YTchannel/assets/media/prod_ec243bb9f158420b9b89ae701ad37e17/pjob_8cab075fe1a443bb9d74e4db143b1500.diagnostic_audio.wav
927822	2026-06-19 13:19	/home/jacobw/YTchannel/assets/media/prod_aab5be43dd114148b2ccd59dcddf7e2a/pjob_2bd5d15ecc3f4291a2a575d97f0b658f.diagnostic_audio.wav
927822	2026-06-19 13:19	/home/jacobw/YTchannel/assets/media/prod_d4b6cc0fda77443a9e5135d583dcd413/pjob_e51776d92b5a483c926a885cea9c5b02.diagnostic_audio.wav
927822	2026-06-19 13:20	/home/jacobw/YTchannel/assets/media/prod_0565fe46d74c485da9e4e18aeb3a6807/pjob_c92b43fde4a846ea93ce30c05e87e4e3.diagnostic_audio.wav
927822	2026-06-19 13:20	/home/jacobw/YTchannel/assets/media/prod_75c4747071ad448680beb993573656b8/pjob_beb6cd8c29c74720b59f109bef9c7f56.diagnostic_audio.wav
927822	2026-06-19 13:20	/home/jacobw/YTchannel/assets/media/prod_c9c6fcbb747248998ffb3ab78c286640/pjob_9e453271ad854d5e953b347ba03e6c5e.diagnostic_audio.wav
927822	2026-06-19 13:21	/home/jacobw/YTchannel/assets/media/prod_20959ffb5ff941808d9a60e9a3c96883/pjob_448d0f210f5641d1982aabacdc204e41.diagnostic_audio.wav
927822	2026-06-19 13:21	/home/jacobw/YTchannel/assets/media/prod_5d852200f6914d2eb533816343275105/pjob_18f208808d6c467685e9dccb2dce9e45.diagnostic_audio.wav
927822	2026-06-19 13:21	/home/jacobw/YTchannel/assets/media/prod_f136cc36268444f98275a311129fa722/pjob_cb71752317d347aa82ab7c138a155ca3.diagnostic_audio.wav
927822	2026-06-19 13:22	/home/jacobw/YTchannel/assets/media/prod_671ce60ad3c04990ac8d5113134d4029/pjob_4123b52e87ca488a8f9cb72bc954f120.diagnostic_audio.wav
927822	2026-06-19 13:22	/home/jacobw/YTchannel/assets/media/prod_c8ed6368c8444999bd496c7eb0e80f09/pjob_2775a9e776b7440b8606835e35128a8e.diagnostic_audio.wav
927822	2026-06-19 18:53	/home/jacobw/YTchannel/assets/media/prod_08c6ea48f0e941fea0a02781bc551237/pjob_62c9f2200faa434e9baa4698ec9e7d64.diagnostic_audio.wav
927822	2026-06-19 18:53	/home/jacobw/YTchannel/assets/media/prod_95a4e65183194339830cb98dd02db0bf/pjob_5a6ad45ee5c94bc5853827ab09187136.diagnostic_audio.wav
927822	2026-06-19 18:53	/home/jacobw/YTchannel/assets/media/prod_c129b57b422c45f98717365bb86dd7e6/pjob_8dfd422b4a33460494042023f69654b0.diagnostic_audio.wav
927822	2026-06-19 18:54	/home/jacobw/YTchannel/assets/media/prod_71490612656a4ccf88929ede6c524c1d/pjob_65019492ef3a475d82686fbdb41866e8.diagnostic_audio.wav
927822	2026-06-19 18:54	/home/jacobw/YTchannel/assets/media/prod_9a744a6c113f4fcf972da14f2bfe4dc8/pjob_f0e65209d8bc4208aa73a586454b3a9a.diagnostic_audio.wav
927822	2026-06-19 18:54	/home/jacobw/YTchannel/assets/media/prod_dcccae74ac9d4f60a4f289a85cf51ddd/pjob_a8543218e47443798706c3b07b4d0959.diagnostic_audio.wav
927822	2026-06-19 18:55	/home/jacobw/YTchannel/assets/media/prod_00125b262f1145d9a4cb8ce445c57ab6/pjob_05983f1ed9644208af668f3f1d761410.diagnostic_audio.wav
927822	2026-06-19 18:55	/home/jacobw/YTchannel/assets/media/prod_0ba3590d19ce4c24adbf93089fddfce9/pjob_927fd7e5aa0b4a3ebbb4bea10fa79fda.diagnostic_audio.wav
927822	2026-06-19 18:55	/home/jacobw/YTchannel/assets/media/prod_cf86f52be60443e09c0e82952e00cc54/pjob_44c7dca0483545cf9a8c19942a4e75a8.diagnostic_audio.wav
927822	2026-06-19 18:56	/home/jacobw/YTchannel/assets/media/prod_555232fb7e86405e84ab21f8498aa5d8/pjob_1737a598151d4711ac0f29ec96b7981b.diagnostic_audio.wav
927822	2026-06-19 19:03	/home/jacobw/YTchannel/assets/media/prod_0e367de93d9d4243ab309cc4fd8336ef/pjob_25d57825641a48839bce5c15f09a8dda.diagnostic_audio.wav
927822	2026-06-19 19:03	/home/jacobw/YTchannel/assets/media/prod_57d6fe096d6242ab961d5a7f492b0465/pjob_61b7f5f8004d46229b367670bb3dfd8b.diagnostic_audio.wav
927822	2026-06-19 19:04	/home/jacobw/YTchannel/assets/media/prod_6d6733fac48540148d8f7c31f85b0c44/pjob_fb09d5fbd3914fea852597c5c2133665.diagnostic_audio.wav
927822	2026-06-19 19:04	/home/jacobw/YTchannel/assets/media/prod_98f9e243122e4e279ccbe50e330fe95f/pjob_eaff8ac5d0794f8aa2f7438c7d20d127.diagnostic_audio.wav
927822	2026-06-19 19:05	/home/jacobw/YTchannel/assets/media/prod_0a07dbde902643a298fee020f2fda680/pjob_01131a9a68f643deb1d1cc25c5d4bb59.diagnostic_audio.wav
927822	2026-06-19 19:05	/home/jacobw/YTchannel/assets/media/prod_a3aa680c8ba34d1c81959db4b6fe0309/pjob_f4952f760b454e1295f9c0169c50b159.diagnostic_audio.wav
927822	2026-06-19 19:05	/home/jacobw/YTchannel/assets/media/prod_e4d34c2f40f04a8bb78c9f21440bf788/pjob_2d36926541ec40f183c4c332be08a416.diagnostic_audio.wav
927822	2026-06-19 19:06	/home/jacobw/YTchannel/assets/media/prod_0a95a5fd39ba47b8b64086b6148c6ad6/pjob_9a45f252fbc6466cb1ce1c95a9f288f3.diagnostic_audio.wav
927822	2026-06-19 19:06	/home/jacobw/YTchannel/assets/media/prod_28271ef8f4624e6295f793c3369e14df/pjob_7c0bf16076e443f9b44a80505f4ac4b5.diagnostic_audio.wav
927822	2026-06-19 19:06	/home/jacobw/YTchannel/assets/media/prod_6770b8024aa9421b92e4d6945e12b806/pjob_0316040686e24240abc2d2f7015ed180.diagnostic_audio.wav
927822	2026-06-19 19:17	/home/jacobw/YTchannel/assets/media/prod_4453ec8e6f8b462487b4447d09b5ff60/pjob_f59bae2b259e4d54b28bd38e32e7403b.diagnostic_audio.wav
927822	2026-06-19 19:17	/home/jacobw/YTchannel/assets/media/prod_bc6cea42f956485a8ceecd80455a0543/pjob_a7c9cf71bd9347d4a6c0cc7f45ce4ce7.diagnostic_audio.wav
927822	2026-06-19 19:18	/home/jacobw/YTchannel/assets/media/prod_39c4e58227f4400dadc4e84d1d3b4227/pjob_1fb1cfed621e4b73913c994f92f08be9.diagnostic_audio.wav
927822	2026-06-19 19:18	/home/jacobw/YTchannel/assets/media/prod_b0b702d0f2fe452f8358fd2c79de6368/pjob_a91193c2ff0b44e184eded0f269cdf1c.diagnostic_audio.wav
927822	2026-06-19 19:18	/home/jacobw/YTchannel/assets/media/prod_dadafce6e70f472bb74b1a5e1827a12f/pjob_b7193cfd643d4fde8ccfcbc193035a69.diagnostic_audio.wav
927822	2026-06-19 19:19	/home/jacobw/YTchannel/assets/media/prod_76aa7211e0d7486eb72ea44e8a36780a/pjob_cc26125d11c34e11a91f58447c73f8bf.diagnostic_audio.wav
927822	2026-06-19 19:19	/home/jacobw/YTchannel/assets/media/prod_f6747b4b6f184f37adc7639c26a23431/pjob_97af11aa00d04ef790ac4b78d99d5c4c.diagnostic_audio.wav
927822	2026-06-19 19:20	/home/jacobw/YTchannel/assets/media/prod_2043fd54473d4811a9d47d57be56d6ed/pjob_e7a7f073616d43bda8599c0efc5a6c5b.diagnostic_audio.wav
927822	2026-06-19 19:20	/home/jacobw/YTchannel/assets/media/prod_3d7bf9d1973543ab896394338e8a1b1b/pjob_f88220564a3a47339d54551b44b92446.diagnostic_audio.wav
927822	2026-06-19 19:20	/home/jacobw/YTchannel/assets/media/prod_ecb22ee185dc4374b468deced21fbcfc/pjob_8e7e8e1d89ce4663b7b28642eb07f74a.diagnostic_audio.wav
927822	2026-06-19 19:39	/home/jacobw/YTchannel/assets/media/prod_220300aa770d4c14b4bc9e6574c2b54c/pjob_c047b5c9ca1a48759582ac3e732704c7.diagnostic_audio.wav
927822	2026-06-19 19:40	/home/jacobw/YTchannel/assets/media/prod_2796a3fce6c142de86e19fb2d5f67818/pjob_6faea1d22ab84eb3921385963f1cd156.diagnostic_audio.wav
927822	2026-06-19 19:40	/home/jacobw/YTchannel/assets/media/prod_3aa59068fc3145279e8f4578e6207c72/pjob_666343abb4cd4c4c8ea5469e1192b421.diagnostic_audio.wav
927822	2026-06-19 19:40	/home/jacobw/YTchannel/assets/media/prod_4ed19df225814b6b9638589fc1fa5af7/pjob_0ace3be7c65549e8b11f5f3d5240dd7b.diagnostic_audio.wav
927822	2026-06-19 19:41	/home/jacobw/YTchannel/assets/media/prod_42c0de4c8dd840b897b286d51edfae49/pjob_6a27317295f747b8985c12f2ad72595b.diagnostic_audio.wav
927822	2026-06-19 19:41	/home/jacobw/YTchannel/assets/media/prod_c4f413693b344fc28b50663c84e51dd1/pjob_60cb525021c045569b34ca42bf87df5f.diagnostic_audio.wav
927822	2026-06-19 19:42	/home/jacobw/YTchannel/assets/media/prod_1e233ed85b174658bcf44f5935358143/pjob_63ba8d64f9ef48e7a5e2f18eb140980f.diagnostic_audio.wav
927822	2026-06-19 19:42	/home/jacobw/YTchannel/assets/media/prod_93133568867345f1a9a9aa51e16dd36b/pjob_30c26be59ea24e4197317c59189ffd4d.diagnostic_audio.wav
927822	2026-06-19 19:42	/home/jacobw/YTchannel/assets/media/prod_ebff8bf5665d4fe3acff4ce556ea7ad5/pjob_be36b88cd2884ce5a1c673a3c76514f0.diagnostic_audio.wav
927822	2026-06-19 19:43	/home/jacobw/YTchannel/assets/media/prod_0808982affb746e381de3e910c30d17b/pjob_6ecb22cae78a4799b9437774a0fccc23.diagnostic_audio.wav
927822	2026-06-19 19:49	/home/jacobw/YTchannel/assets/media/prod_e02f7e8abf674ece817787c8b514fed7/pjob_f2a346622c5f4d4ba6b229636f81940b.diagnostic_audio.wav
927822	2026-06-19 19:50	/home/jacobw/YTchannel/assets/media/prod_493da69f47c94d5bb72379ec51551fe6/pjob_6d720161f3d64ad6bb694ddb97c981b5.diagnostic_audio.wav
927822	2026-06-19 19:50	/home/jacobw/YTchannel/assets/media/prod_983848972bf248569ede549142badb95/pjob_a27937f4eb484a4eb286e23b361f94a9.diagnostic_audio.wav
927822	2026-06-19 19:50	/home/jacobw/YTchannel/assets/media/prod_d13c0138d1154baa96a7a94e2dd6e6d5/pjob_252544ccac4c47c7aea86f086c527c5f.diagnostic_audio.wav
927822	2026-06-19 19:51	/home/jacobw/YTchannel/assets/media/prod_12dfe650881e401097938c271ce947ea/pjob_5f448e1b523444929d3168042a877e11.diagnostic_audio.wav
927822	2026-06-19 19:51	/home/jacobw/YTchannel/assets/media/prod_267feb24ced442e78c98d417603ce8c3/pjob_3842d99c489e416787dc551d92862c21.diagnostic_audio.wav
927822	2026-06-19 19:52	/home/jacobw/YTchannel/assets/media/prod_025f66afcc744bfba81a67a6969c4457/pjob_88d1e8d71bc8413ab917899a90e709b5.diagnostic_audio.wav
927822	2026-06-19 19:52	/home/jacobw/YTchannel/assets/media/prod_5439dde64f3a42558530d30a479c3bbd/pjob_e45234f57b5f47558bf85fe6b2018cf7.diagnostic_audio.wav
927822	2026-06-19 19:52	/home/jacobw/YTchannel/assets/media/prod_a083e53e5e8f42549912f5fdfc433251/pjob_92d764be9c77455482ade94263b786ab.diagnostic_audio.wav
927822	2026-06-19 19:53	/home/jacobw/YTchannel/assets/media/prod_14bbe2538d1645fbbe58d1fa60352da5/pjob_c67fe564e6d943a0a6b331a61f08c4e4.diagnostic_audio.wav
927822	2026-06-19 19:57	/home/jacobw/YTchannel/assets/media/prod_519dc4a8cf7f47f0a5de02a83e8c3a71/pjob_828babf789b848128174b85fd37e247f.diagnostic_audio.wav
927822	2026-06-19 19:57	/home/jacobw/YTchannel/assets/media/prod_a0f03a606d2945e7be7a34471a66909e/pjob_fcdf564ca5b042abaea49cadddae99c4.diagnostic_audio.wav
927822	2026-06-19 19:57	/home/jacobw/YTchannel/assets/media/prod_e93e110688bf4cde9d4f3f7930fcc526/pjob_2c79848ec2d04ef5aa8531e45702e96a.diagnostic_audio.wav
927822	2026-06-19 19:58	/home/jacobw/YTchannel/assets/media/prod_1c44026f08c74f11a65a50ba6bd0c485/pjob_77db6846c10549248e1629c1f31d1a18.diagnostic_audio.wav
927822	2026-06-19 19:58	/home/jacobw/YTchannel/assets/media/prod_760cd5086fd9487d8932cc9c8698cb3a/pjob_77accbcb948447ef9c0e32c331facb40.diagnostic_audio.wav
927822	2026-06-19 19:59	/home/jacobw/YTchannel/assets/media/prod_049a38a44a284fdca776fb4615b4d69d/pjob_c43d8ecd460b487e806e11ea5abdd98f.diagnostic_audio.wav
927822	2026-06-19 19:59	/home/jacobw/YTchannel/assets/media/prod_73dc967131684eb4afdb7aadebfbb370/pjob_8630a0a435574266807b9779d2296eab.diagnostic_audio.wav
927822	2026-06-19 19:59	/home/jacobw/YTchannel/assets/media/prod_9ccb0eec2206406595d3881d9d5993bf/pjob_153fbdab6bdc449db78b8ea46ba5badd.diagnostic_audio.wav
927822	2026-06-19 20:00	/home/jacobw/YTchannel/assets/media/prod_1e345fbb1e8b4a05a1fbf51bc578cf41/pjob_d61f870dfeb742dfbfdb5b56eecbe096.diagnostic_audio.wav
927822	2026-06-19 20:00	/home/jacobw/YTchannel/assets/media/prod_32481839eec2401fac0a93149bb18a71/pjob_31f327e7e9a244f1b44763801d58e803.diagnostic_audio.wav
927822	2026-06-19 20:02	/home/jacobw/YTchannel/assets/media/prod_c31f31b90df3479484a4d913bdcb317a/pjob_c3854e1b24dc48409c955be682c9a471.diagnostic_audio.wav
927822	2026-06-19 20:03	/home/jacobw/YTchannel/assets/media/prod_33957c2a2ed44348a13c1ff3248f3621/pjob_bf75dd441e2c4d79b3e6e5348eb60af5.diagnostic_audio.wav
927822	2026-06-19 20:03	/home/jacobw/YTchannel/assets/media/prod_903cea29580d4a83a2f4c03a71f4518c/pjob_594bd52279fb47beac1b2adc0933a978.diagnostic_audio.wav
927822	2026-06-19 20:03	/home/jacobw/YTchannel/assets/media/prod_9de114e18d51471187f5ef0b50e2f55f/pjob_352a59d527aa4f178212b4edff62ce16.diagnostic_audio.wav
927822	2026-06-19 20:04	/home/jacobw/YTchannel/assets/media/prod_3efc876016ab4eeeb7e250855f8e9b62/pjob_da60355c422447c88566cca142cba4e7.diagnostic_audio.wav
927822	2026-06-19 20:04	/home/jacobw/YTchannel/assets/media/prod_6ac7d1431ad2472aa7d4aa3d679ea417/pjob_d3d36984c4aa4472933d0f6734263b33.diagnostic_audio.wav
927822	2026-06-19 20:05	/home/jacobw/YTchannel/assets/media/prod_805753db7b614693b82fe1d7727a1dcc/pjob_d61c4dd425634696b2affd74d02d5fd9.diagnostic_audio.wav
927822	2026-06-19 20:05	/home/jacobw/YTchannel/assets/media/prod_a85748e521984a34840b88bbb772a9e4/pjob_2dff75062118403ca5891440ea62f559.diagnostic_audio.wav
927822	2026-06-19 20:05	/home/jacobw/YTchannel/assets/media/prod_ca31abc946c54a22813c294f683db460/pjob_c2ca935be7c4423a82b56dc3a9cbf2f9.diagnostic_audio.wav
927822	2026-06-19 20:06	/home/jacobw/YTchannel/assets/media/prod_6a5092adeda94738a07adbb3a064929e/pjob_09c43c57cd054d40952ae626878a825a.diagnostic_audio.wav
927822	2026-06-19 20:09	/home/jacobw/YTchannel/assets/media/prod_692321caf5654d399dfd39a4b888b770/pjob_eb1db44663964061bccd28b98d099fba.diagnostic_audio.wav
927822	2026-06-19 20:09	/home/jacobw/YTchannel/assets/media/prod_bc31c361e4fa4ae78b511adbd4cf6b93/pjob_951de9973c8d41a1896d427e0c008e4a.diagnostic_audio.wav
927822	2026-06-19 20:09	/home/jacobw/YTchannel/assets/media/prod_ffd94a0c51a24e1b921b8f9452e7edd6/pjob_7b5bf771ffb5421692c0c681c9f93731.diagnostic_audio.wav
927822	2026-06-19 20:10	/home/jacobw/YTchannel/assets/media/prod_2c700e67bd724b58bb43c35acbf0f2da/pjob_e951d012a9dd439791ba2e463ce5ce6c.diagnostic_audio.wav
927822	2026-06-19 20:10	/home/jacobw/YTchannel/assets/media/prod_a1035338b7e94134b753745ad68a898e/pjob_c743e8cb886347d3a05aa05af7c8def4.diagnostic_audio.wav
927822	2026-06-19 20:11	/home/jacobw/YTchannel/assets/media/prod_895f29390b8545c4a4b64c4b3ed76216/pjob_99bcd109d2f44ff2b2aa537af0797af9.diagnostic_audio.wav
927822	2026-06-19 20:11	/home/jacobw/YTchannel/assets/media/prod_8a93a833990d46e394065a37acc2682e/pjob_c2eea553e0694a5ea2fe983f4e42709d.diagnostic_audio.wav
927822	2026-06-19 20:11	/home/jacobw/YTchannel/assets/media/prod_efc17259c89443c9a3b7b7cd7a1607a8/pjob_3b6faeb9da2c4cddbab07a8f11212b25.diagnostic_audio.wav
927822	2026-06-19 20:12	/home/jacobw/YTchannel/assets/media/prod_1778b1138c8944fb8b97ce739c70035d/pjob_56e186c54a274af08795205f76d847d7.diagnostic_audio.wav
927822	2026-06-19 20:12	/home/jacobw/YTchannel/assets/media/prod_2799d2809f56439097f05ba396d38600/pjob_ad5bcdc9f3444c43a5968591a3c70a50.diagnostic_audio.wav
927822	2026-06-19 20:22	/home/jacobw/YTchannel/assets/media/prod_a67aa61adfaf452a97cc201b32198d35/pjob_bfdd0895659f4e74bf4d6e946fd745eb.diagnostic_audio.wav
927822	2026-06-19 20:22	/home/jacobw/YTchannel/assets/media/prod_ca9c0218cb0543fd89166f3bc248b165/pjob_2b59a9375f164837b65f93ddf4efc628.diagnostic_audio.wav
927822	2026-06-19 20:24	/home/jacobw/YTchannel/assets/media/prod_2c2c47cca6ca446b8a5b7231d1aefe65/pjob_b5828ad87be34cfaaecd6a9dd4587b7a.diagnostic_audio.wav
927822	2026-06-19 20:24	/home/jacobw/YTchannel/assets/media/prod_4a5b862c6a9b4967833661c2dd99c7de/pjob_037477ebbbeb4c2fac4341137ca2488d.diagnostic_audio.wav
927822	2026-06-19 20:24	/home/jacobw/YTchannel/assets/media/prod_e0cd0254d68a4b21847fd9590fb0d449/pjob_7cdf2399c3c6431b8dd69ed0b0978e15.diagnostic_audio.wav
927822	2026-06-19 20:25	/home/jacobw/YTchannel/assets/media/prod_61fed504fc0046c782fbcbf8b2dadf53/pjob_b3702428b0d849fca007e655943c5620.diagnostic_audio.wav
927822	2026-06-19 20:25	/home/jacobw/YTchannel/assets/media/prod_858ef20990524298ac201ac8b4d2aecd/pjob_000987b38a7a46c2a33862fe8ab0fb40.diagnostic_audio.wav
927822	2026-06-19 20:26	/home/jacobw/YTchannel/assets/media/prod_aef52c4ebaf442aca3f9e210298c0e2f/pjob_4b98fc0fafd346afa9dbacbee6e39693.diagnostic_audio.wav
927822	2026-06-19 20:26	/home/jacobw/YTchannel/assets/media/prod_c725c285e0f14ed7b01effb9ff36a357/pjob_60e298b3da224d74b910ddae29ddc6dd.diagnostic_audio.wav
927822	2026-06-19 20:26	/home/jacobw/YTchannel/assets/media/prod_fde19c883a704160bb9cc38df243c1c2/pjob_87c25d9155d446d697dbc11976f35d45.diagnostic_audio.wav
927822	2026-06-19 20:27	/home/jacobw/YTchannel/assets/media/prod_0ad7840465fb414ca61ed01960f55013/pjob_69206028246a4808b0b87ec5fd74a860.diagnostic_audio.wav
927822	2026-06-19 20:27	/home/jacobw/YTchannel/assets/media/prod_aaba4acb5fd8454eaf9811f40b717c62/pjob_72fe738ddf6f43a0ace41728c293cda3.diagnostic_audio.wav
927822	2026-06-19 20:36	/home/jacobw/YTchannel/assets/media/prod_13fa37fcfb784eb3840cdadb7f5dc98b/pjob_2f79df2950a344a5a12605792dc70477.diagnostic_audio.wav
927822	2026-06-19 20:36	/home/jacobw/YTchannel/assets/media/prod_7411eef494644be4a8b27e5bd0a4f924/pjob_9278c02c8d524d509d67e3253e10f304.diagnostic_audio.wav
927822	2026-06-19 20:38	/home/jacobw/YTchannel/assets/media/prod_1812d3a886f149f984b42c9b99715e5b/pjob_51a6beaa96b74b2c8a936a91fa06fbf3.diagnostic_audio.wav
927822	2026-06-19 20:38	/home/jacobw/YTchannel/assets/media/prod_7a2207f53a434a78b0a4843b80b5ad46/pjob_df3f523018224bd1acc027bb6a39f126.diagnostic_audio.wav
927822	2026-06-19 20:39	/home/jacobw/YTchannel/assets/media/prod_2ce6583fd9cf4629a4019ebc641baa18/pjob_1ed86254069547c0b703febc04e4f830.diagnostic_audio.wav
927822	2026-06-19 20:39	/home/jacobw/YTchannel/assets/media/prod_8a12bf0ca4c643b6a24c613fb41db1ab/pjob_3a50f27e881a4fb086da9e38737c1306.diagnostic_audio.wav
927822	2026-06-19 20:39	/home/jacobw/YTchannel/assets/media/prod_c90cdb1475844d50bb0414776690adaa/pjob_c510945a86c648d796f8ccf00a3e594c.diagnostic_audio.wav
927822	2026-06-19 20:40	/home/jacobw/YTchannel/assets/media/prod_20fcb00a9ccf41e1b5fadb42471d34ec/pjob_565bed628912443a8191b45290b22569.diagnostic_audio.wav
927822	2026-06-19 20:40	/home/jacobw/YTchannel/assets/media/prod_30d67b5affc54818b14919623e2ea90f/pjob_a0595493dec24a659b1494c79d119170.diagnostic_audio.wav
927822	2026-06-19 20:40	/home/jacobw/YTchannel/assets/media/prod_ba43fa07486f4ad2b8556d3571430521/pjob_659f71d4ada44e0caf1cf9fad71aa89f.diagnostic_audio.wav
927822	2026-06-19 20:41	/home/jacobw/YTchannel/assets/media/prod_35cfe0a0823b41f4ac0f5b75d768a6bf/pjob_337c0e648a1c4bd59db67a4b714943c0.diagnostic_audio.wav
927822	2026-06-19 20:41	/home/jacobw/YTchannel/assets/media/prod_aa101554b9d840a6b85c881a472da126/pjob_8083290a04cd45cc83702ed81ef727fb.diagnostic_audio.wav
927822	2026-06-19 21:14	/home/jacobw/YTchannel/assets/media/prod_2a0d613df2204ee1937630f801a1cf1f/pjob_71f8e25fa91d488c9c3f9d71d8a62525.diagnostic_audio.wav
927822	2026-06-19 21:15	/home/jacobw/YTchannel/assets/media/prod_5b6c3c75e7874ba8a26d4489b9960c97/pjob_8f6a5456ab4b49de84c93332e427f36a.diagnostic_audio.wav
927822	2026-06-19 21:15	/home/jacobw/YTchannel/assets/media/prod_b3a96d4ecdec4ef0a409aa998f647b27/pjob_b79bf61eebc7492c8ce363d422fe5339.diagnostic_audio.wav
927822	2026-06-19 21:15	/home/jacobw/YTchannel/assets/media/prod_f7ee3c918e594f739333c9e137a7ae51/pjob_4da9a71df80c4870acf4ec9a1a5e795c.diagnostic_audio.wav
927822	2026-06-19 21:16	/home/jacobw/YTchannel/assets/media/prod_83c4bcdfd74f4ab6b9022923f91466d1/pjob_ad3993557a5a471db6511ee9a5e055dd.diagnostic_audio.wav
927822	2026-06-19 21:16	/home/jacobw/YTchannel/assets/media/prod_94502a8d336e4515bb8a82fe108b0f51/pjob_871b7a49ad924cac8c1c6b737667385e.diagnostic_audio.wav
927822	2026-06-19 21:17	/home/jacobw/YTchannel/assets/media/prod_94de3c2f416e4092a238de417d9581ac/pjob_2fc3a17d079848e3b03a85879f27b2ae.diagnostic_audio.wav
927822	2026-06-19 21:17	/home/jacobw/YTchannel/assets/media/prod_a924fa3486b1444d93aa5d4cc34b8732/pjob_665c24a1c563488d910e4bda4d9f2166.diagnostic_audio.wav
927822	2026-06-19 21:17	/home/jacobw/YTchannel/assets/media/prod_f38e021ac5a0475bbadc98c0e6c61826/pjob_f9c7ea5b34e84d68b7cd31a47ffc48fb.diagnostic_audio.wav
927822	2026-06-19 21:18	/home/jacobw/YTchannel/assets/media/prod_6254acbe63d449f3b0cc39760144411f/pjob_1e353acb0f0549db8dac7be97909a718.diagnostic_audio.wav
927822	2026-06-19 21:27	/home/jacobw/YTchannel/assets/media/prod_d5e48fba1ff44a6a8384fd7e2cd3eba8/pjob_3b7aa154b4dd4e9e9aa80c1ec4b64b3e.diagnostic_audio.wav
927822	2026-06-19 21:28	/home/jacobw/YTchannel/assets/media/prod_47dbf6922ca74f3a897a7370f1a37429/pjob_024bd0a0e0fc43899cdb1759a169d77d.diagnostic_audio.wav
927822	2026-06-19 21:28	/home/jacobw/YTchannel/assets/media/prod_9c15aac3e4294e0285799583363cbdf1/pjob_50592ee09c9544d28a45d81aef1a5f03.diagnostic_audio.wav
927822	2026-06-19 21:28	/home/jacobw/YTchannel/assets/media/prod_bfb0bd597bdb491aa6d87d6bc46c8385/pjob_d938d4ee288544bf9013915afc946478.diagnostic_audio.wav
927822	2026-06-19 21:29	/home/jacobw/YTchannel/assets/media/prod_a6262762cfad4aa29fabefe5804d1701/pjob_b5dd1b9ead354558a5209b2a998a88bb.diagnostic_audio.wav
927822	2026-06-19 23:17	/home/jacobw/YTchannel/assets/media/prod_d5c82bb4961241beaedf0fa862fa49e1/pjob_30b038730cc84f07bc22b4f848821836.diagnostic_audio.wav
927822	2026-06-19 23:18	/home/jacobw/YTchannel/assets/media/prod_5e2f54fba2594da49d7297fa437cb28e/pjob_50f7efd9c7204a6c9fea0d99d606326d.diagnostic_audio.wav
927822	2026-06-19 23:18	/home/jacobw/YTchannel/assets/media/prod_5f0b2790eb8649269c71f9ec9be90531/pjob_780b01cbf1c14db18190078291012fc9.diagnostic_audio.wav
927822	2026-06-19 23:18	/home/jacobw/YTchannel/assets/media/prod_9b353b76def64e26bc4233e3714a0493/pjob_98f4a483e74f474a837c43d7d67b9a98.diagnostic_audio.wav
927822	2026-06-19 23:19	/home/jacobw/YTchannel/assets/media/prod_1106b39e5ff94640a6e88d9a6f936053/pjob_9c8dce8d1c3e456ebdfa71ba87ea87ea.diagnostic_audio.wav
927822	2026-06-19 23:19	/home/jacobw/YTchannel/assets/media/prod_54c45fdceb774de891daf37331f67a71/pjob_2ce1d1816f48423c8ec911ad43d4e611.diagnostic_audio.wav
927822	2026-06-19 23:19	/home/jacobw/YTchannel/assets/media/prod_7904a1dbbd50438f8995e168db022647/pjob_797575f1f8df4117b3d9185a3bf4c664.diagnostic_audio.wav
927822	2026-06-19 23:20	/home/jacobw/YTchannel/assets/media/prod_00a16f9349194fb3a07cceb67175e173/pjob_a04812e626b84a0ba7fa172f99e494a6.diagnostic_audio.wav
927822	2026-06-19 23:20	/home/jacobw/YTchannel/assets/media/prod_c9d4c9f6e906433f9d0983087e8e1898/pjob_96abb47b3cd14bdfac00566862b2ef13.diagnostic_audio.wav
927822	2026-06-19 23:21	/home/jacobw/YTchannel/assets/media/prod_a52daa8d8e6e4143a200f798d43d80c0/pjob_139bcdf0a7c0494296c12dfb4157fdf0.diagnostic_audio.wav
927822	2026-06-20 00:13	/home/jacobw/YTchannel/assets/media/prod_7c378cef6d6c4d37a5444c35920ac39e/pjob_f6e68ed4dbe04edaa882f662f4621ffd.diagnostic_audio.wav
927822	2026-06-20 00:14	/home/jacobw/YTchannel/assets/media/prod_8e449e5d698b47098799304beb7e0500/pjob_1d8960b2ad614e18ba86d8465bcca4ef.diagnostic_audio.wav
927822	2026-06-20 00:14	/home/jacobw/YTchannel/assets/media/prod_d52f872d75b64aca99df77efbb741e90/pjob_5d14b0b2a97d4c749c37b58084560d98.diagnostic_audio.wav
927822	2026-06-20 00:15	/home/jacobw/YTchannel/assets/media/prod_26acbfcf2ea149b68b5c617792256dbc/pjob_6fd6a3080e0442fdaee8eeebef6da3ac.diagnostic_audio.wav
927822	2026-06-20 00:15	/home/jacobw/YTchannel/assets/media/prod_9d268e172b7b44f78020ea995d24b679/pjob_151b10e16eed41e7adbdd9c7e6f5048d.diagnostic_audio.wav
927822	2026-06-20 00:15	/home/jacobw/YTchannel/assets/media/prod_d6c48a4ce7f14ca3835d026d8355734c/pjob_61cbea95412c4a9e8a12d7cf575b5090.diagnostic_audio.wav
927822	2026-06-20 00:16	/home/jacobw/YTchannel/assets/media/prod_094b8ce7e5b94cdbbbb55b1ddb8cb3d4/pjob_9ca9b448f5774b9c812b6d292195dbe2.diagnostic_audio.wav
927822	2026-06-20 00:16	/home/jacobw/YTchannel/assets/media/prod_2174a42e9b8f4e0e947851843209fd51/pjob_0902581461c048a7a0881afd41bdaf57.diagnostic_audio.wav
927822	2026-06-20 00:16	/home/jacobw/YTchannel/assets/media/prod_99c5dbdd471a4e2880fc99fd1de4b4e9/pjob_b306692649514c90a0397f6e5874bfca.diagnostic_audio.wav
927822	2026-06-20 00:17	/home/jacobw/YTchannel/assets/media/prod_c3aea06949084ba0922f6f03744c95ac/pjob_504af8c5747745a296c8da0f2eb83b71.diagnostic_audio.wav
927822	2026-06-20 09:57	/home/jacobw/YTchannel/assets/media/prod_f0b6aafd5b5b4e348fb18481b56b591b/pjob_3c41da7a647746e8ba85865314835536.diagnostic_audio.wav
927822	2026-06-20 10:00	/home/jacobw/YTchannel/assets/media/prod_898b73d50f294f36ba090b717588a470/pjob_bc7276d8cf6448038260d2cb4fcbab0f.diagnostic_audio.wav
927822	2026-06-20 10:00	/home/jacobw/YTchannel/assets/media/prod_d6b460e9b63c48b48e8870fb954f9afc/pjob_6bc26de4f198456eb76d0d89acede462.diagnostic_audio.wav
927822	2026-06-20 10:01	/home/jacobw/YTchannel/assets/media/prod_52fb1bb14cf044f6ad97a57b27c49fc4/pjob_26bad55371764b618700e442b68bc342.diagnostic_audio.wav
927822	2026-06-20 10:01	/home/jacobw/YTchannel/assets/media/prod_ca6f1bc4b3b240a293d3ab4d7404f320/pjob_f4ac0273ac19450fb85e2bbf3916d59f.diagnostic_audio.wav
927822	2026-06-20 10:02	/home/jacobw/YTchannel/assets/media/prod_2f08276a534a4ee6a1039c7d4615250b/pjob_75c0fbf76ce243baad2d2df07238d140.diagnostic_audio.wav
927822	2026-06-20 10:02	/home/jacobw/YTchannel/assets/media/prod_3ada3609c11b4d0c8c5f075b26faecbc/pjob_7653f778d8c6411cb02934af8d3fe3a0.diagnostic_audio.wav
927822	2026-06-20 10:02	/home/jacobw/YTchannel/assets/media/prod_e8a19a4160c94de089949cef823fa6a0/pjob_691746bd9f404d64b6f74ef568e54e65.diagnostic_audio.wav
927822	2026-06-20 10:03	/home/jacobw/YTchannel/assets/media/prod_17c4be16ef4c471ebe9c1e3f1888287b/pjob_5966f1f5a8274491bb40f32e13679f78.diagnostic_audio.wav
927822	2026-06-20 10:03	/home/jacobw/YTchannel/assets/media/prod_c1a325cd3ec04112b34a57a58fb0a9e0/pjob_d7e7d5308ea54f0ab7497a54c4cb6c0b.diagnostic_audio.wav
927822	2026-06-20 10:04	/home/jacobw/YTchannel/assets/media/prod_02b39d2ba4bb4fb2b16a73a3c1128c41/pjob_9c7408fa03fc44139e3881e860e425cc.diagnostic_audio.wav
927822	2026-06-20 10:04	/home/jacobw/YTchannel/assets/media/prod_3941980c9d364404ab9f83ba58d2afec/pjob_1de537512ca8401bb1fe0a0b0880ac81.diagnostic_audio.wav
927822	2026-06-20 10:05	/home/jacobw/YTchannel/assets/media/prod_31258b9077684bdea768d6026d444ad1/pjob_90b78bc8e2344280850b8c837f60ea41.diagnostic_audio.wav
927822	2026-06-20 10:05	/home/jacobw/YTchannel/assets/media/prod_49f6ea7c152140dca5d8e4e4d8ae9c59/pjob_e66e750a5c3140899520b0f1b922f7e3.diagnostic_audio.wav
927822	2026-06-20 10:05	/home/jacobw/YTchannel/assets/media/prod_f50482567652409b9a6ea8d2ef775310/pjob_b25acb63951247959b618dabfcbaab25.diagnostic_audio.wav
927822	2026-06-20 10:06	/home/jacobw/YTchannel/assets/media/prod_cb55b73372df4b1a8a2f93908c71d25b/pjob_508f3e581af3401f84bd2cab921187ab.diagnostic_audio.wav
927822	2026-06-20 10:07	/home/jacobw/YTchannel/assets/media/prod_04619e1874274aeaa39fcdc383f5306f/pjob_2630137dc1324ebda03ab06cad6a72ba.diagnostic_audio.wav
927822	2026-06-20 10:07	/home/jacobw/YTchannel/assets/media/prod_86ce3ae54bce45ceafa3e47e0200ef54/pjob_e79cb68c9bc3463c8c34148d2ea9887c.diagnostic_audio.wav
927822	2026-06-20 10:07	/home/jacobw/YTchannel/assets/media/prod_fdd465eb2b794d43898fb856f36c5edd/pjob_734c17a46e2c4409befe1c8c1c9f3cbf.diagnostic_audio.wav
927822	2026-06-20 10:08	/home/jacobw/YTchannel/assets/media/prod_d51bfde573f448bcb45f0b42aa777388/pjob_147ae38b79ba4ed39dad7e70f0d21ddd.diagnostic_audio.wav
927822	2026-06-20 10:08	/home/jacobw/YTchannel/assets/media/prod_ec691b02bc17448197ddc8c61fc6531f/pjob_e2ac427084f04d54b22d74b0ab64db5d.diagnostic_audio.wav
927822	2026-06-20 10:09	/home/jacobw/YTchannel/assets/media/prod_1b9750aadc394d5ab919295214d383ea/pjob_ee0256bb6f694c90a4f767d6e3ede849.diagnostic_audio.wav
927822	2026-06-20 10:09	/home/jacobw/YTchannel/assets/media/prod_6424e08007e8427380c7338d864381bc/pjob_63ac8e29bdd54494b4999b20a1bb38f3.diagnostic_audio.wav
927822	2026-06-20 10:09	/home/jacobw/YTchannel/assets/media/prod_c29286260b5b4b4eac8e275b1820d9bf/pjob_0270829c215b45dc852e4869d76fc39b.diagnostic_audio.wav
927822	2026-06-20 10:10	/home/jacobw/YTchannel/assets/media/prod_5d76262e84c64f5d9adc2c91760ff98d/pjob_263363f83d0142a7a5be6eedf564ebf9.diagnostic_audio.wav
927822	2026-06-20 10:10	/home/jacobw/YTchannel/assets/media/prod_cd0f1bbe731d4852b70fa3bd1f64150d/pjob_0b34f94e126d41cf830f6ea307483199.diagnostic_audio.wav
927822	2026-06-20 10:11	/home/jacobw/YTchannel/assets/media/prod_4b0a85c982744c98903eb3d36da2c9ff/pjob_8259f8fe5daa4ead94ffb2be07a7b436.diagnostic_audio.wav
927822	2026-06-20 10:11	/home/jacobw/YTchannel/assets/media/prod_b89e63b9c8c44e3fbaf3eecb52705b94/pjob_7ad72fcbaa0a4d8e947090f3cc4afcbb.diagnostic_audio.wav
927822	2026-06-20 10:12	/home/jacobw/YTchannel/assets/media/prod_7a5da6873ec64442aa80aea17dc915eb/pjob_22930f980036439e9fcc6469e1027b7e.diagnostic_audio.wav
927822	2026-06-20 10:12	/home/jacobw/YTchannel/assets/media/prod_9b583ac32bf44b1898eab2b6fc309c10/pjob_a4a19861472746a69a33793013b3127d.diagnostic_audio.wav
927822	2026-06-20 10:12	/home/jacobw/YTchannel/assets/media/prod_cc951ede102440579696fc5c531377b6/pjob_dfec733ccd364ad69ecf5b4ddf481745.diagnostic_audio.wav
927822	2026-06-20 10:13	/home/jacobw/YTchannel/assets/media/prod_5f4d91cc68e94051aa77410f56005383/pjob_a19ac9f7bc0844a8a8cd06781b9c18f7.diagnostic_audio.wav
927822	2026-06-20 10:13	/home/jacobw/YTchannel/assets/media/prod_f032d4ef2ef846139f772c5f6e032e8e/pjob_60041c37cd03471787d3b5e0dfe4994d.diagnostic_audio.wav
927822	2026-06-20 10:14	/home/jacobw/YTchannel/assets/media/prod_0804e2bca15749f495f0cc7c930d40bc/pjob_3a46b76fc8c94351bba958c3b6a19d94.diagnostic_audio.wav
927822	2026-06-20 10:14	/home/jacobw/YTchannel/assets/media/prod_38c0d49f24ef49ee8aba457814305259/pjob_ef75ce28e56640a18d64770710cfa4a7.diagnostic_audio.wav
927822	2026-06-20 10:14	/home/jacobw/YTchannel/assets/media/prod_f18818f435694305b81ab6ac310e5c7f/pjob_7d2a51f2544b4405bc22a1b489541a78.diagnostic_audio.wav
927822	2026-06-20 10:38	/home/jacobw/YTchannel/assets/media/prod_a8c740152bac4d15b165b8c6a9cf7d5a/pjob_73a7a5013b70436cb30972b9730dcf65.diagnostic_audio.wav
927822	2026-06-20 10:39	/home/jacobw/YTchannel/assets/media/prod_90632ecfd28f46faa244a4eff593bec9/pjob_ff33deda47d5446ea19b9a12162bc15b.diagnostic_audio.wav
927822	2026-06-20 10:39	/home/jacobw/YTchannel/assets/media/prod_c7c345f06d9a46caaf7c201b4fd74e04/pjob_7348c6a18d274783aacfb8a11eaa810a.diagnostic_audio.wav
927822	2026-06-20 10:40	/home/jacobw/YTchannel/assets/media/prod_e80d780c4b144127b8802fc92d2785ca/pjob_abbc3b594b984353bc2b426135a3fdd7.diagnostic_audio.wav
927822	2026-06-20 10:41	/home/jacobw/YTchannel/assets/media/prod_94551e5dbe8049a882735d0bdef67ea3/pjob_a04dc850aa164a4eaac15dda79667259.diagnostic_audio.wav
927822	2026-06-20 10:41	/home/jacobw/YTchannel/assets/media/prod_c5a20a8587c64360bc14b4d54c84b695/pjob_4d111f398d2d4a878f31dcb721cb4040.diagnostic_audio.wav
927822	2026-06-20 10:42	/home/jacobw/YTchannel/assets/media/prod_6ac42e19946e442f9c7a1d43b743b100/pjob_a98d155084b84cbfbfd7db8f583f2130.diagnostic_audio.wav
927822	2026-06-20 10:43	/home/jacobw/YTchannel/assets/media/prod_9826604a2ccf4ac5bfcf51707620beac/pjob_b5c4084c405040249042c80fe095318c.diagnostic_audio.wav
927822	2026-06-20 10:43	/home/jacobw/YTchannel/assets/media/prod_a7993b7252754902ac5979e3192cdb2b/pjob_808be78334b84297a8d75d7ed93a67cb.diagnostic_audio.wav
927822	2026-06-20 10:44	/home/jacobw/YTchannel/assets/media/prod_0fd8e1355cb94f11825ca38e39095021/pjob_1b76d2d641f146b49f0961d20558d0b0.diagnostic_audio.wav
927822	2026-06-20 10:44	/home/jacobw/YTchannel/assets/media/prod_6dd1cf431aee4373a2f5191f6fd15a6c/pjob_f87b8c307ae44c31b06131519cfbfd00.diagnostic_audio.wav
927822	2026-06-20 10:44	/home/jacobw/YTchannel/assets/media/prod_911b51c63bbb4b7ab66595660a5f5a51/pjob_c2e53d82023541a68c7d4ee5417955e8.diagnostic_audio.wav
927822	2026-06-20 10:45	/home/jacobw/YTchannel/assets/media/prod_a31dcee0fe1e45bd995667659747b9c9/pjob_80e4681d742b43588824777c1fe9b5f2.diagnostic_audio.wav
927822	2026-06-20 10:45	/home/jacobw/YTchannel/assets/media/prod_da141984e2c1468fa671887b59534a15/pjob_6a2e8649fb764953bc24489a5951dd82.diagnostic_audio.wav
927822	2026-06-20 10:46	/home/jacobw/YTchannel/assets/media/prod_362899a8e0184293821c283e744569e4/pjob_f34b50e8e97b4d16b3957025bf2b2695.diagnostic_audio.wav
927822	2026-06-20 10:46	/home/jacobw/YTchannel/assets/media/prod_60173d0a5f5040a8ada01b707150e901/pjob_e62bbd3dba4e4d42a8a5e1cd5a07f4a1.diagnostic_audio.wav
927822	2026-06-20 12:04	/home/jacobw/YTchannel/assets/media/prod_a2efa550033a45d09494911825d0fe89/pjob_4d4306df2fc14d5aaea9778314eac9a0.diagnostic_audio.wav
927822	2026-06-20 12:04	/home/jacobw/YTchannel/assets/media/prod_df9c339a75ab407698f3f248ce61eea6/pjob_e7c6f47997fb4e89950d5b2039a81109.diagnostic_audio.wav
927822	2026-06-20 12:04	/home/jacobw/YTchannel/assets/media/prod_e4281e8aacac41a38a5be20b563a1830/pjob_c805147c448a42518f8818811d22f335.diagnostic_audio.wav
927822	2026-06-20 12:06	/home/jacobw/YTchannel/assets/media/prod_1780cd0901504cfba60e538f691512cc/pjob_c97e1bd4aeca48c782004ab435734578.diagnostic_audio.wav
927822	2026-06-20 12:06	/home/jacobw/YTchannel/assets/media/prod_80a26baed9e34550afb1e5eb05906205/pjob_0758eefa761b482fac118e765fe06d7c.diagnostic_audio.wav
927822	2026-06-20 12:07	/home/jacobw/YTchannel/assets/media/prod_17a746d6f26c41df9266007a05d79f5c/pjob_bdd203f33cee4534acfbdf779851d0b9.diagnostic_audio.wav
927822	2026-06-20 12:07	/home/jacobw/YTchannel/assets/media/prod_4445fd9ec6e0445d8d0004c9c332d933/pjob_b0e6bcd4241045378bf70cd4fd7842dc.diagnostic_audio.wav
927822	2026-06-20 12:07	/home/jacobw/YTchannel/assets/media/prod_6d7fbfbbfd684448858074c34198a86a/pjob_d561b4146bfb4f898b0374c94fe3eb1d.diagnostic_audio.wav
927822	2026-06-20 12:08	/home/jacobw/YTchannel/assets/media/prod_4314c88a63e94af1a460b15899ca769b/pjob_45b70052f16f455598efec5bfbe262b0.diagnostic_audio.wav
927822	2026-06-20 12:08	/home/jacobw/YTchannel/assets/media/prod_680328eb51324863be73943f7078ffea/pjob_3cdafc45d85b4c0c9052ce78b994fbe8.diagnostic_audio.wav
927822	2026-06-20 12:08	/home/jacobw/YTchannel/assets/media/prod_b64ebbede17f4475b053203e9ab18771/pjob_5d60ba2ce52945b696f0bd29424fd5a4.diagnostic_audio.wav
927822	2026-06-20 12:09	/home/jacobw/YTchannel/assets/media/prod_64eac0c0570f40dc947fc9e444c16fd3/pjob_b56f512a43c54a7d9baf53d52960f571.diagnostic_audio.wav
927822	2026-06-20 12:09	/home/jacobw/YTchannel/assets/media/prod_bbb4d7e99e6e44cd88fe2466a7988088/pjob_05cb530ea54144d2a0a44cfdd6de5059.diagnostic_audio.wav
927822	2026-06-20 12:25	/home/jacobw/YTchannel/assets/media/prod_78a90ab5ed2f4c8494d2b1f6d98e868b/pjob_181a2ff6c09648df8e7eba16d2413fee.diagnostic_audio.wav
927822	2026-06-20 12:25	/home/jacobw/YTchannel/assets/media/prod_e4fc11f9b5024c1da36c6511716345e4/pjob_1c04f760a43a419bbed3e2c29c3998e1.diagnostic_audio.wav
927822	2026-06-20 12:26	/home/jacobw/YTchannel/assets/media/prod_e0083fb871f64b79a34f53829908cb38/pjob_a343c3ffb1924bfdb201a493e4ac8776.diagnostic_audio.wav
927822	2026-06-20 12:27	/home/jacobw/YTchannel/assets/media/prod_3e63a337a5d34874a30e9aebdc9dc53c/pjob_d9efa48adf4245b3a8444cd5da24d572.diagnostic_audio.wav
927822	2026-06-20 12:27	/home/jacobw/YTchannel/assets/media/prod_c871f6e8cb29428588407d92a54c4325/pjob_439a6c614f6c4fef8b8dd250465047ad.diagnostic_audio.wav
927822	2026-06-20 12:28	/home/jacobw/YTchannel/assets/media/prod_2a6ed34648384a0cb800c0a146691f1c/pjob_cd7e93049fba4af99a83fd94820515d2.diagnostic_audio.wav
927822	2026-06-20 12:28	/home/jacobw/YTchannel/assets/media/prod_2fdf2a5989b545d7be58210ebc969e29/pjob_9fe3e864bab448babd3524a617288ce0.diagnostic_audio.wav
927822	2026-06-20 12:28	/home/jacobw/YTchannel/assets/media/prod_548bda61e4824121850c96283fdb50eb/pjob_fa5744bc32864f2799275652a55a1cbe.diagnostic_audio.wav
927822	2026-06-20 12:29	/home/jacobw/YTchannel/assets/media/prod_66fc5dfe045b460ca4cea6ff942bedf0/pjob_767d6bdc98c84c86b819bd1132e1130e.diagnostic_audio.wav
927822	2026-06-20 12:29	/home/jacobw/YTchannel/assets/media/prod_f7c5f307c90e41838de499c176535f34/pjob_fe5f251ca0244381bd0bc7babc12f3e5.diagnostic_audio.wav
927822	2026-06-20 12:30	/home/jacobw/YTchannel/assets/media/prod_846945b9b913479782cf925eec47033d/pjob_953d8d5b6e9a473db59f68f4b9ad8daf.diagnostic_audio.wav
927822	2026-06-20 12:30	/home/jacobw/YTchannel/assets/media/prod_d25c3a3d8a4748e684de4becc2884194/pjob_e952eef352284d99b64039ae610e614b.diagnostic_audio.wav
927822	2026-06-20 12:30	/home/jacobw/YTchannel/assets/media/prod_e72b81c82300492dbb5c5c0d3578984f/pjob_6667b6f19d7f472c8513d2c389a51e06.diagnostic_audio.wav
927822	2026-06-20 12:56	/home/jacobw/YTchannel/assets/media/prod_47344dad39a9461fb015c28bc0b15b82/pjob_8901df218a0b4fd9a7ed03398bfd76ac.diagnostic_audio.wav
927822	2026-06-20 13:04	/home/jacobw/YTchannel/assets/media/prod_f74962c0f308432c9e3a3df3422c0a4e/pjob_67b22c534f684f0c8f17d9c5ef904a0b.diagnostic_audio.wav
927822	2026-06-20 13:05	/home/jacobw/YTchannel/assets/media/prod_613f20d7ca5e4c61ae50c0f3714ebe5d/pjob_48426bfff4a9412490ea4c097538f14c.diagnostic_audio.wav
927822	2026-06-20 13:06	/home/jacobw/YTchannel/assets/media/prod_3ee3bde01ba44234b683c407bbec84b0/pjob_2f06b6087577449d82f99efd420bb3a7.diagnostic_audio.wav
927822	2026-06-20 13:07	/home/jacobw/YTchannel/assets/media/prod_a66c3866b0ad4d9fa34539adac92824b/pjob_9b1c93c853484338a4516455b30a7a8c.diagnostic_audio.wav
927822	2026-06-20 13:08	/home/jacobw/YTchannel/assets/media/prod_eacebca84f98469b9f339158a6997200/pjob_229827e03f3e41158f6f360c969901f5.diagnostic_audio.wav
927822	2026-06-20 13:09	/home/jacobw/YTchannel/assets/media/prod_543ef8b9f6d54a65bcdb2a5558208411/pjob_ea166a95719f47ad9947c6f03c86f32a.diagnostic_audio.wav
927822	2026-06-20 13:09	/home/jacobw/YTchannel/assets/media/prod_d0032e0ec4cb41e5a30db42e51d951ed/pjob_739698157bf54ae4810ac35fbf55688b.diagnostic_audio.wav
927822	2026-06-20 13:10	/home/jacobw/YTchannel/assets/media/prod_b4dd6920a010465d83d9e9a670c8e3a5/pjob_b00c0607c9c6410baacedbf872f44b96.diagnostic_audio.wav
927822	2026-06-20 13:11	/home/jacobw/YTchannel/assets/media/prod_743aa1bbb80349fe9463274cd09b464f/pjob_da158e4e815a4c7ea931efc763182df0.diagnostic_audio.wav
927822	2026-06-20 13:12	/home/jacobw/YTchannel/assets/media/prod_4c152e14e7ef4343be77cf98c1057cdf/pjob_b3f4ffe91aef4aee828c42bfec508064.diagnostic_audio.wav
927822	2026-06-20 13:13	/home/jacobw/YTchannel/assets/media/prod_2fbe3db0fa134b94905280db0277b2b2/pjob_64cb7b7a3b8348e19318f9d6dd6f6624.diagnostic_audio.wav
927822	2026-06-20 13:47	/home/jacobw/YTchannel/assets/media/prod_844aabba0a7b40f38da9f5582abbe737/pjob_ba7795e455164cdda5962ae2fb89d51e.diagnostic_audio.wav
927822	2026-06-20 13:48	/home/jacobw/YTchannel/assets/media/prod_d601b7a549e9486ca3e76fb9786f3f24/pjob_c2b90d4a84ed4ba6bd4a24b1233ebda1.diagnostic_audio.wav
927822	2026-06-20 13:49	/home/jacobw/YTchannel/assets/media/prod_4070e06189014e27b92d053049a026b1/pjob_6cd67cdbcabd42bb928ab67b0926d6fd.diagnostic_audio.wav
927822	2026-06-20 13:50	/home/jacobw/YTchannel/assets/media/prod_49f0294ae49946b98130df95402448d2/pjob_2b4f7db4137341fd9646010cbea7bc5b.diagnostic_audio.wav
927822	2026-06-20 13:51	/home/jacobw/YTchannel/assets/media/prod_c335847ae57847308e7f837a0abee796/pjob_1bc5e635a1dd46dd84476a81dc35d7c3.diagnostic_audio.wav
927822	2026-06-20 13:51	/home/jacobw/YTchannel/assets/media/prod_d8c33097802b4f0fbee88506ac1e82c5/pjob_73fb0e8bd04c4569b1861bbcaa29e5e8.diagnostic_audio.wav
927822	2026-06-20 13:52	/home/jacobw/YTchannel/assets/media/prod_433ccccbbd6146d8ba7e9c04ae1ffff9/pjob_9da7c4cdfebc41249f60dd15d798fc24.diagnostic_audio.wav
927822	2026-06-20 13:53	/home/jacobw/YTchannel/assets/media/prod_7ffdd61bb45a4541860f39926d7f025e/pjob_8658de93199b44d38aef8cf1c8c4c9cf.diagnostic_audio.wav
927822	2026-06-20 13:54	/home/jacobw/YTchannel/assets/media/prod_df86c74be45f454fa617c5d8b8c72154/pjob_87c187e32f0a459b8aadf0d96ab8c6fb.diagnostic_audio.wav
927822	2026-06-20 13:55	/home/jacobw/YTchannel/assets/media/prod_941c27d2efb84c87a4032a7095a42e96/pjob_1ef02ec8f435461cb6e808037a7cdd78.diagnostic_audio.wav
927822	2026-06-20 13:56	/home/jacobw/YTchannel/assets/media/prod_0d486b7c062a47e6bf9204c407e1c4c3/pjob_9a24730fec8544e988986211c97d1e3c.diagnostic_audio.wav
927822	2026-06-20 16:56	/home/jacobw/YTchannel/assets/media/prod_003f2541c79649c6a4cd03eb9c005b34/pjob_4ff7652db447427ab0623d64e5afe1d3.diagnostic_audio.wav
927822	2026-06-20 16:57	/home/jacobw/YTchannel/assets/media/prod_2bb86b48ae3d44cdaa4878c31571305b/pjob_c57c66c5c423404580b7bbdd3c3652c9.diagnostic_audio.wav
927822	2026-06-20 16:58	/home/jacobw/YTchannel/assets/media/prod_3ee5770219344df78cbb224b8665914b/pjob_13fa79daec2943348f87f4e052cdb0c9.diagnostic_audio.wav
927822	2026-06-20 16:59	/home/jacobw/YTchannel/assets/media/prod_39e34cd0d4674c088eddde67100a6be4/pjob_fd259989bcb44558a6c633f423e226f0.diagnostic_audio.wav
927822	2026-06-20 17:00	/home/jacobw/YTchannel/assets/media/prod_020e53e741734588ba55978db1534b68/pjob_b1ce84e3c0dd483f9a2fde479e0372cf.diagnostic_audio.wav
927822	2026-06-20 17:00	/home/jacobw/YTchannel/assets/media/prod_4f9fc1716dc94c5ba1d05843f9e72e58/pjob_dfa68fed86de4795aab843d3555be693.diagnostic_audio.wav
927822	2026-06-20 20:55	/home/jacobw/YTchannel/assets/media/prod_9767dee9166f4101ad9eaed95dab77fe/pjob_8d9bb62b802748589e3df7450adde5a4.diagnostic_audio.wav
927822	2026-06-20 20:55	/home/jacobw/YTchannel/assets/media/prod_a5fb9c3226374d3d89fc6757c5551488/pjob_781cce015e6d4a96b01049cdedd930ff.diagnostic_audio.wav
927822	2026-06-20 20:56	/home/jacobw/YTchannel/assets/media/prod_2832c329f05a4ca0a7c34cf4993a1052/pjob_bc314fe83e644f8484d1a72a0d2ca407.diagnostic_audio.wav
927822	2026-06-20 20:56	/home/jacobw/YTchannel/assets/media/prod_5bc7e49f323f41a1830cdaa7348a2255/pjob_8fbbfc10a17048aab49a8a25af14f068.diagnostic_audio.wav
927822	2026-06-20 20:56	/home/jacobw/YTchannel/assets/media/prod_7cdbc5f95cce470ca99981ccfd6f82ce/pjob_be31863ba18749a09af2dc42b351faf3.diagnostic_audio.wav
927822	2026-06-20 20:56	/home/jacobw/YTchannel/assets/media/prod_c90d1788aabf40e4b32d04175a8703dc/pjob_b021cae88644491f8a3aa460172123d1.diagnostic_audio.wav
927822	2026-06-20 20:56	/home/jacobw/YTchannel/assets/media/prod_d0feb04e88ca4acf9f6a194b0c23a85e/pjob_f85ab0f2185c464f8f9e5ea6d860f9e0.diagnostic_audio.wav
927822	2026-06-20 21:02	/home/jacobw/YTchannel/assets/media/prod_08582b0e66e24c3abc08a5e8fb8aec41/pjob_5f85a0b721154a99a23d2dea4220ffee.diagnostic_audio.wav
927822	2026-06-20 21:02	/home/jacobw/YTchannel/assets/media/prod_3ecba6bb20e24ee3a9e8f40d669fcf40/pjob_5bc7cb54e1644d2b9512106878fd4ea0.diagnostic_audio.wav
927822	2026-06-20 21:02	/home/jacobw/YTchannel/assets/media/prod_447485ad16cd4ad58767b41d5bdef23a/pjob_1b7a35b74176408e8f969e6f4e4375ab.diagnostic_audio.wav
927822	2026-06-20 21:02	/home/jacobw/YTchannel/assets/media/prod_55dc9889c755422e90062b653b3dbff0/pjob_d8166ae05e72490080ad7304c5eed45f.diagnostic_audio.wav
927822	2026-06-20 21:02	/home/jacobw/YTchannel/assets/media/prod_f9c17e979ba74766819ad6d2df427232/pjob_bb5cf5c7e46346aca6f181fa6c9efb75.diagnostic_audio.wav
927822	2026-06-20 21:03	/home/jacobw/YTchannel/assets/media/prod_47e53a56d61041b0b5b84465cc3a4c6a/pjob_ae16432e20284bf390336888947f2457.diagnostic_audio.wav
927822	2026-06-20 21:03	/home/jacobw/YTchannel/assets/media/prod_6d96cd4bcbd7406285a26b99aa4fceba/pjob_8e008a5631cf46778fbd9803c3edc9ec.diagnostic_audio.wav
927822	2026-06-20 21:08	/home/jacobw/YTchannel/assets/media/prod_077f1f05e6424381b054fadfc3d08a78/pjob_74c77cb2730f4fae92f84dfa4609bd7d.diagnostic_audio.wav
952745	2026-06-09 00:24	/home/jacobw/YTchannel/assets/media/james_teaser/008_cta.mp4
960590	2026-06-20 10:33	/home/jacobw/YTchannel/assets/media/prod_39ae161f58b24f3497f027026e078efb/pjob_26aae922ec174393973dbced108457a8.diagnostic_audio.wav
960590	2026-06-20 10:36	/home/jacobw/YTchannel/assets/media/prod_1be44194a3204920935ccdea87a791ea/pjob_082b90f9deb143bdbe7728b8f244a0b3.diagnostic_audio.wav
960590	2026-06-20 10:36	/home/jacobw/YTchannel/assets/media/prod_2f054a10c15841f4ae3ef1f6592b49b5/pjob_be5db8814d9b4328ac927595c9bdc608.diagnostic_audio.wav
960590	2026-06-20 10:36	/home/jacobw/YTchannel/assets/media/prod_473b0ececfee4a808825e637aee5079d/pjob_2d5961135e4a4322b95e23a16face141.diagnostic_audio.wav
960590	2026-06-20 10:37	/home/jacobw/YTchannel/assets/media/prod_53c8f58c103842239ceab015ab4ac303/pjob_9e19db05566244518462882fdc450e64.diagnostic_audio.wav
960590	2026-06-20 10:38	/home/jacobw/YTchannel/assets/media/prod_55bfe122653c437983b13356e6c4b98b/pjob_18d1c81cdd10471299f9513c369bee7e.diagnostic_audio.wav
960590	2026-06-20 10:38	/home/jacobw/YTchannel/assets/media/prod_b0bda52b88b5434eb15a829c20ff9072/pjob_ad3343042fb848b6a35d48d0f0a3856d.diagnostic_audio.wav
960590	2026-06-20 10:38	/home/jacobw/YTchannel/assets/media/prod_eea9af936eb645a096134bdabcbb36d7/pjob_371bae0baddd43d1af42780558c56b5d.diagnostic_audio.wav
960590	2026-06-20 10:49	/home/jacobw/YTchannel/assets/media/prod_b6c22c7d1e3f40c69501642cacf13aa0/pjob_b812455355a743c197338139d5ffb19d.diagnostic_audio.wav
960590	2026-06-20 10:49	/home/jacobw/YTchannel/assets/media/prod_b7dab295460c473f855b72b00cae4ee9/pjob_bfb37501df9e42be8914ded518f7b2f8.diagnostic_audio.wav
960590	2026-06-20 10:49	/home/jacobw/YTchannel/assets/media/prod_c030da439cc04dfabd3dbea52357c832/pjob_a54e4150eccc407d9c833f64c9a9d2f3.diagnostic_audio.wav
960590	2026-06-20 12:03	/home/jacobw/YTchannel/assets/media/prod_cdb28dd118624fa889d15e005131fb66/pjob_e07a55b702524982a5901bb89af52d05.diagnostic_audio.wav
960590	2026-06-20 12:03	/home/jacobw/YTchannel/assets/media/prod_d9acbaf42ef942819e932027635f105b/pjob_998a6a32f35e4e84a8916071da2051e8.diagnostic_audio.wav
960590	2026-06-20 12:03	/home/jacobw/YTchannel/assets/media/prod_e15fade789624eb699a6502f7b56cb0c/pjob_75b6376ffc4846c6ac1e2b1d2c7cfc8d.diagnostic_audio.wav
960590	2026-06-20 12:12	/home/jacobw/YTchannel/assets/media/prod_3c94de0aa9164923ba2dd8565d2956af/pjob_442b1e4fcfa54183a49eccc8c6d56011.diagnostic_audio.wav
960590	2026-06-20 12:12	/home/jacobw/YTchannel/assets/media/prod_6bebb16ddad049f9a1466793828e4f27/pjob_2dfd58ce6bc24fe7978bd9b5390cf675.diagnostic_audio.wav
960590	2026-06-20 12:12	/home/jacobw/YTchannel/assets/media/prod_a58676ddda074b4a9a1d8b1ed8a093c0/pjob_3cd0f542557d455eae0229dd64b8e21e.diagnostic_audio.wav
960590	2026-06-20 12:25	/home/jacobw/YTchannel/assets/media/prod_216f50278de549cf85ab89e2a813b14f/pjob_37f612c7a8e64b8681c4642e414a44c2.diagnostic_audio.wav
960590	2026-06-20 12:25	/home/jacobw/YTchannel/assets/media/prod_904ed8083503432ea582c3ea0bf60bb5/pjob_3dca1967b7e04e66af54640202cf7f84.diagnostic_audio.wav
960590	2026-06-20 12:25	/home/jacobw/YTchannel/assets/media/prod_e2122cc7df964141975770efc930761e/pjob_09fa92e5cbe84d1f80a9a06323d285c7.diagnostic_audio.wav
960590	2026-06-20 12:33	/home/jacobw/YTchannel/assets/media/prod_16a2050a20264fd491e95d0dede1a840/pjob_8d64d9c6bc374a3592aad3dceaed2452.diagnostic_audio.wav
960590	2026-06-20 12:33	/home/jacobw/YTchannel/assets/media/prod_c37d89cb1569488591ef7bfe6f766346/pjob_1f5ac9ad0d7e4031ab83db774019fe2b.diagnostic_audio.wav
960590	2026-06-20 12:33	/home/jacobw/YTchannel/assets/media/prod_cd51f94e4e804a4c846f7d018b5909dc/pjob_a881eacdefe54aed8993b011949c0441.diagnostic_audio.wav
960590	2026-06-20 12:53	/home/jacobw/YTchannel/assets/media/prod_c0ecebe516de4d5da32f5b782e0dc862/pjob_e7df8fc38809465f8dcafd92c881b5e1.diagnostic_audio.wav
960590	2026-06-20 12:54	/home/jacobw/YTchannel/assets/media/prod_5fd20825be3e462e8ac10a3a71f27708/pjob_9cb40ca6aeec427191575390ee0c5b01.diagnostic_audio.wav
960590	2026-06-20 12:54	/home/jacobw/YTchannel/assets/media/prod_7fa57ded66b54b50bbbf773ad49757dc/pjob_5bb610f08b2645459850b781ddd06470.diagnostic_audio.wav
960590	2026-06-20 12:55	/home/jacobw/YTchannel/assets/media/prod_3585f021e10c42f8a075dd7735a42ddf/pjob_2401f00c75e943a8b44dfae6e7532b60.diagnostic_audio.wav
960590	2026-06-20 12:55	/home/jacobw/YTchannel/assets/media/prod_6e8788dfae09443097095797666a1eca/pjob_7ba829b931e04ef282ac2e1626523acf.diagnostic_audio.wav
960590	2026-06-20 13:04	/home/jacobw/YTchannel/assets/media/prod_c2ef0b1cb6d34667b311a77f285fa71f/pjob_b529a0f2602749c18f93a7e5406d8cb4.diagnostic_audio.wav
960590	2026-06-20 13:04	/home/jacobw/YTchannel/assets/media/prod_d089f0318eaa461987b9827591d1e468/pjob_0c506b708bb54466aab61bd971385a5a.diagnostic_audio.wav
960590	2026-06-20 13:16	/home/jacobw/YTchannel/assets/media/prod_21dae0f76e7942df8146a125c02a7044/pjob_99d8e13a8bd5422984decd49ebf1a720.diagnostic_audio.wav
960590	2026-06-20 13:17	/home/jacobw/YTchannel/assets/media/prod_4ec14f821a7245dbb67f99809237c112/pjob_fe9c48183d4a481e994902240a22ec1e.diagnostic_audio.wav
960590	2026-06-20 13:17	/home/jacobw/YTchannel/assets/media/prod_5d3ca451773c4286ac7fc7bea39e268b/pjob_77f6dbaa24e54c46b1a0e220595a445f.diagnostic_audio.wav
960590	2026-06-20 13:17	/home/jacobw/YTchannel/assets/media/prod_b18f74e4bcbf49cd85b807dcb054697a/pjob_6fba81682aa0426e8817fb0ae1a4a851.diagnostic_audio.wav
960590	2026-06-20 13:17	/home/jacobw/YTchannel/assets/media/prod_b4b28bb212f7408fb7c0e084d69ebda7/pjob_ce00644bd28547078d64788254fe567c.diagnostic_audio.wav
960590	2026-06-20 13:45	/home/jacobw/YTchannel/assets/media/prod_7dad2058cfee4ffc83f7318f00f52e44/pjob_ed6dd33d99c84759ab50abcff873a436.diagnostic_audio.wav
960590	2026-06-20 13:45	/home/jacobw/YTchannel/assets/media/prod_93c2ef089a654cef9d53659cdb7730f9/pjob_09d8c39f1e8849d489b045c36874ff3d.diagnostic_audio.wav
960590	2026-06-20 13:46	/home/jacobw/YTchannel/assets/media/prod_6211c7a175ea4efe88cc990574e5715f/pjob_534af4b909e14d2b9e7e9d50620c41c6.diagnostic_audio.wav
960590	2026-06-20 13:46	/home/jacobw/YTchannel/assets/media/prod_e3f40af4531145e2a1a7cf7dd6de6007/pjob_e0925982af4c4780ad26ca228e1e8bc9.diagnostic_audio.wav
960590	2026-06-20 13:59	/home/jacobw/YTchannel/assets/media/prod_3571170b91314157bdabb56c2b7d335f/pjob_6886af4f65604088ac6f146e4be4ccff.diagnostic_audio.wav
960590	2026-06-20 13:59	/home/jacobw/YTchannel/assets/media/prod_79e084610c1b471c944625dd8c1fcb0e/pjob_7dc249c376944a2881f2aabfc5b29420.diagnostic_audio.wav
960590	2026-06-20 13:59	/home/jacobw/YTchannel/assets/media/prod_e22e6d03a9b84ad5ba870c8fa0779878/pjob_63b2a2822a3940b5b7e0dff02bbb353a.diagnostic_audio.wav
960590	2026-06-20 13:59	/home/jacobw/YTchannel/assets/media/prod_fbe6776d1b5a4062b860e24ef41a47e6/pjob_ec1410fa750d48ffb971c6d374fd60d8.diagnostic_audio.wav
960590	2026-06-20 14:00	/home/jacobw/YTchannel/assets/media/prod_055177b004a7442987d849d2c017eb54/pjob_e3b048155c024bb2abd410d8286425fa.diagnostic_audio.wav
960590	2026-06-20 14:22	/home/jacobw/YTchannel/assets/media/prod_39a333ebcead4bd49d09cf38c8772325/pjob_df81de53388f43c1bd2d05e4b728d95e.diagnostic_audio.wav
960590	2026-06-20 14:22	/home/jacobw/YTchannel/assets/media/prod_3d11bc4c19494f8486c61cc4e19836b9/pjob_3ce6f50d437641f9bc5a29c9a4179acf.diagnostic_audio.wav
960590	2026-06-20 14:22	/home/jacobw/YTchannel/assets/media/prod_4abf4004f5fa42e7bc8f9d2d92b01fc9/pjob_7a7d644590b74bd8bf0bd8f2504659d3.diagnostic_audio.wav
960590	2026-06-20 14:22	/home/jacobw/YTchannel/assets/media/prod_65af16bb090b4099afb0ac082e0ca8ea/pjob_2bfaf44123c24134a0c6b76208c67bdc.diagnostic_audio.wav
960590	2026-06-20 14:22	/home/jacobw/YTchannel/assets/media/prod_db1f695bfb2746368f7c08f334436eef/pjob_52926dc80686467a9b8f67e1651c80ec.diagnostic_audio.wav
960590	2026-06-20 17:33	/home/jacobw/YTchannel/assets/media/prod_21fc2c82631a4e509bf7c394eecc6158/pjob_51227a6708444488aae81cb8617f46f5.diagnostic_audio.wav
960590	2026-06-20 17:33	/home/jacobw/YTchannel/assets/media/prod_2d8579bce6bc49ad98fb5ad5d87661ba/pjob_06a0f9af205a40f9b5aa2c9f9870542b.diagnostic_audio.wav
960590	2026-06-20 17:33	/home/jacobw/YTchannel/assets/media/prod_3fc5d9e25f7c44c6b2ebb10bb67ba4e3/pjob_8542f61caa8948fd9ede63ffcd373c71.diagnostic_audio.wav
960590	2026-06-20 17:33	/home/jacobw/YTchannel/assets/media/prod_d93a7d9e91444e98990af2313dc801f2/pjob_ba1151daedc34757b4a1e737d26dac71.diagnostic_audio.wav
960590	2026-06-20 17:33	/home/jacobw/YTchannel/assets/media/prod_e2f1f63b9dfc4499bf0c7a9d73e0016b/pjob_46354e4d96d3453a88cbfce92110d3b9.diagnostic_audio.wav
977829	2026-06-10 19:07	/home/jacobw/YTchannel/assets/media/archive/_voicetest/veo31_native_audio.mp4
1061138	2026-06-20 19:34	/home/jacobw/YTchannel/assets/media/prod_58eba01e58fd43939feb518711a49576/pjob_204b06cef4424cd8942f2a3d4e0fb4b8.diagnostic_audio.wav
1061138	2026-06-20 19:34	/home/jacobw/YTchannel/assets/media/prod_58eba01e58fd43939feb518711a49576/pjob_629d8be900d34a4ab128e1c1ba7842fa.diagnostic_audio.wav
1061138	2026-06-20 19:34	/home/jacobw/YTchannel/assets/media/prod_58eba01e58fd43939feb518711a49576/pjob_bc658d26fe4e486397cfd852f485b3e3.diagnostic_audio.wav
1061138	2026-06-20 19:34	/home/jacobw/YTchannel/assets/media/prod_58eba01e58fd43939feb518711a49576/pjob_f3304823709a4339af78073ae3a67df4.diagnostic_audio.wav
1089802	2026-06-12 21:38	/home/jacobw/YTchannel/assets/media/flagship_001_learn_half_time/shots/B001.mp4
1128868	2026-06-14 23:44	/home/jacobw/YTchannel/assets/media/005_cta/B011c.mp4
1146576	2026-06-09 14:09	/home/jacobw/YTchannel/assets/media/james_teaser_02/004_system_shot03.mp4
1161448	2026-06-20 19:41	/home/jacobw/YTchannel/assets/media/prod_58eba01e58fd43939feb518711a49576/pjob_9daf37c4df45442bb796e9922130d57c.diagnostic_audio.wav
1161448	2026-06-20 19:41	/home/jacobw/YTchannel/assets/media/prod_58eba01e58fd43939feb518711a49576/pjob_dd3e79ed8bc54b3f88e63e952613ce1e.diagnostic_audio.wav
1161448	2026-06-20 19:42	/home/jacobw/YTchannel/assets/media/prod_58eba01e58fd43939feb518711a49576/pjob_c3d1c9ad4add4e62b91e31ef6a08c764.diagnostic_audio.wav
1173582	2026-06-18 15:29	/home/jacobw/YTchannel/assets/media/prod_92605736e62e40899b77ab9ea314be23/pjob_52b003252189449cb1d294ea13b96c00.diagnostic_audio.wav
1173582	2026-06-18 15:30	/home/jacobw/YTchannel/assets/media/prod_5ccbc0124eb047b8ae63be04e20a9865/pjob_d56801dda2674186b8c95c82bc63d078.diagnostic_audio.wav
1173582	2026-06-18 15:31	/home/jacobw/YTchannel/assets/media/prod_01ddfd49b72f4a94a4d14c957a7e284b/pjob_4b7cec8fd9be42129a8d7e3b40fd38a0.diagnostic_audio.wav
1173582	2026-06-18 15:33	/home/jacobw/YTchannel/assets/media/prod_731c57b3c7b449098538732d4ea7d133/pjob_3e217c1c43504c8ba6abfbaaf5226393.diagnostic_audio.wav
1173582	2026-06-18 15:36	/home/jacobw/YTchannel/assets/media/prod_b040534ee9c54720840ca03e56e08962/pjob_56c9e9655e3a42598eba0390efad64b6.diagnostic_audio.wav
1173582	2026-06-18 15:38	/home/jacobw/YTchannel/assets/media/prod_0bced67a9ff243bbad6410ce2599f8cb/pjob_f8ecef03c7d342518341990b48636dca.diagnostic_audio.wav
1173582	2026-06-18 15:39	/home/jacobw/YTchannel/assets/media/prod_e37dc8799ddc475dbff54bccca95b3b7/pjob_7fb7032466664c44af991b34163f89e0.diagnostic_audio.wav
1173582	2026-06-18 15:39	/home/jacobw/YTchannel/assets/media/prod_e37dc8799ddc475dbff54bccca95b3b7/pjob_eef31a186b5e4a598246f11727d0f55a.diagnostic_audio.wav
1173582	2026-06-18 15:41	/home/jacobw/YTchannel/assets/media/prod_d91002b99be148718acb6a1bb013e172/pjob_eec1367beecc429cb8c88aa9eefc738c.diagnostic_audio.wav
1173582	2026-06-18 15:45	/home/jacobw/YTchannel/assets/media/prod_e7a087697bd145f2b4e3653b2802b939/pjob_ad91b2b22ae24006a9ae1f6645fc3744.diagnostic_audio.wav
1173582	2026-06-18 15:45	/home/jacobw/YTchannel/assets/media/prod_ed60e7661fab497d8e080351d728bcd5/pjob_2955ac82de394738a35b466a866155b8.diagnostic_audio.wav
1173582	2026-06-18 15:46	/home/jacobw/YTchannel/assets/media/prod_629a2237f6cd4a91bed095c56147d778/pjob_65c08b2345d244bd9041502f047d0ed3.diagnostic_audio.wav
1173582	2026-06-18 15:47	/home/jacobw/YTchannel/assets/media/prod_72691471f3e04296a990147b65dd7635/pjob_529bdb2263624f6bbd5d1673c9f57ea2.diagnostic_audio.wav
1173582	2026-06-18 15:47	/home/jacobw/YTchannel/assets/media/prod_e5cdda87ba3c439b8e275a5904ff7bc0/pjob_6fa696ee1ceb42aa8ad3eb8bdc8bf79a.diagnostic_audio.wav
1173582	2026-06-18 15:48	/home/jacobw/YTchannel/assets/media/prod_2af83c84df1041ccab08c11378467142/pjob_866be50317684d2292cae84acf4038dd.diagnostic_audio.wav
1173582	2026-06-18 15:48	/home/jacobw/YTchannel/assets/media/prod_9fc604145b96477e8115a5bc1ad42fb2/pjob_3f5aad6cf931432996ed7cfa26198be9.diagnostic_audio.wav
1173582	2026-06-18 15:48	/home/jacobw/YTchannel/assets/media/prod_fec71ef724d649cc8da0f3a1dccb2def/pjob_cd2c07ddf9074927b1ff3cee137cb4a2.diagnostic_audio.wav
1173582	2026-06-18 15:49	/home/jacobw/YTchannel/assets/media/prod_92b7aa5856134c35bc8098ce95762fbc/pjob_0059584af91b4315b706016d5262bca0.diagnostic_audio.wav
1173582	2026-06-18 15:49	/home/jacobw/YTchannel/assets/media/prod_a779c5ef5d9e4664b36ba8721092e27b/pjob_826e030792ce43499f429d9ffe516503.diagnostic_audio.wav
1173582	2026-06-18 15:50	/home/jacobw/YTchannel/assets/media/prod_c7cdf43cf6d2400e99850ed283e273c5/pjob_8d96b495d0514a2b85817312b8830a80.diagnostic_audio.wav
1173582	2026-06-18 15:51	/home/jacobw/YTchannel/assets/media/prod_e872819917eb417d9de222925d25de03/pjob_07b44bd6c72c480896cb0dd27f181060.diagnostic_audio.wav
1173582	2026-06-18 15:52	/home/jacobw/YTchannel/assets/media/prod_7998c98f54fc4256afa84d1814920bc8/pjob_07b90cbeb0374faab72ca85aba90f4a0.diagnostic_audio.wav
1173582	2026-06-18 15:52	/home/jacobw/YTchannel/assets/media/prod_d6d335e2b9df4aa68f2c41c77781a35c/pjob_af43e15cf6dd4495b90562c997ce4e40.diagnostic_audio.wav
1173582	2026-06-18 15:52	/home/jacobw/YTchannel/assets/media/prod_ead8ff7f11754c6ba44c39db8b8eed32/pjob_14a60997698c4cacacab4c1967f9fe1b.diagnostic_audio.wav
1173582	2026-06-18 15:53	/home/jacobw/YTchannel/assets/media/prod_984771539b2d4f4b9c706775b1b8b413/pjob_213947ed384c4a27bdec8910d520ea59.diagnostic_audio.wav
1173582	2026-06-18 15:53	/home/jacobw/YTchannel/assets/media/prod_f36d8a8bb7fe4a3fae628b00037e2f8f/pjob_35aed4cb8b1b4df3afb80ea45eae60e3.diagnostic_audio.wav
1173582	2026-06-18 15:54	/home/jacobw/YTchannel/assets/media/prod_4020cdc3567b45f49111b9523c2fc360/pjob_c17b876ce9424258aff9c12a736980db.diagnostic_audio.wav
1173582	2026-06-18 15:54	/home/jacobw/YTchannel/assets/media/prod_50dbd7a7a9c04fe3970ce963e4ae632f/pjob_5189ce9c0fb74a208567ace392a38d4f.diagnostic_audio.wav
1173582	2026-06-18 15:54	/home/jacobw/YTchannel/assets/media/prod_61c4bd4522184d47bf0a6eca6f080769/pjob_e96388f7c5b2470098b7da208363e025.diagnostic_audio.wav
1173582	2026-06-18 15:55	/home/jacobw/YTchannel/assets/media/prod_eed729ace0df4953b94e50d331d68d80/pjob_c25869ba7fa84798a696ba81527cb96c.diagnostic_audio.wav
1173582	2026-06-18 20:42	/home/jacobw/YTchannel/assets/media/prod_e727b1c1a58642eeb2f03cf4ee1d651d/pjob_ff62ce76294540b0a0d4431c46ae439e.diagnostic_audio.wav
1173582	2026-06-18 22:15	/home/jacobw/YTchannel/assets/media/prod_9a44407be0884fd0b9646932fa3a4653/pjob_b09e9dc95f0e43c7b4e2d2ac992d823f.diagnostic_audio.wav
1173582	2026-06-18 22:15	/home/jacobw/YTchannel/assets/media/prod_dddea302002642dea824d52778908b72/pjob_2731bad7914846fca819678a6d489340.diagnostic_audio.wav
1173582	2026-06-18 22:16	/home/jacobw/YTchannel/assets/media/prod_8570f117bbd3480386fed01152f0e70e/pjob_af8f358d25694a16bcdb3f9e5c6472fd.diagnostic_audio.wav
1173582	2026-06-18 22:16	/home/jacobw/YTchannel/assets/media/prod_e018e872c8bd43c0a870fa1bf6ebe168/pjob_88b7e58e01aa45608e90208dd0a566d5.diagnostic_audio.wav
1173582	2026-06-18 22:17	/home/jacobw/YTchannel/assets/media/prod_0237c58c2d5c4e8a8079f82fc7aa0781/pjob_c03719a54ab14daead339ee2636f3047.diagnostic_audio.wav
1173582	2026-06-18 22:17	/home/jacobw/YTchannel/assets/media/prod_a87095ec9d774454b82ce86e1032f815/pjob_a7e0ff9a41c24a98b09104e7f6690acb.diagnostic_audio.wav
1173582	2026-06-18 22:17	/home/jacobw/YTchannel/assets/media/prod_f36bcfd4ca3a4fefaad5e94ac20aef39/pjob_7a890cbc1c774f32b57d8c8fccfb6191.diagnostic_audio.wav
1173582	2026-06-18 22:18	/home/jacobw/YTchannel/assets/media/prod_867e103a663c4aa7b5d277ef206b1acb/pjob_f2533da285344d08baf7185aa2aa50f8.diagnostic_audio.wav
1173582	2026-06-18 22:18	/home/jacobw/YTchannel/assets/media/prod_e34cb8f1b07242a7bf59428184a5d486/pjob_870c9f8040a746278cde418e62bf0df8.diagnostic_audio.wav
1173582	2026-06-18 22:18	/home/jacobw/YTchannel/assets/media/prod_ed21b4251e1f492f96afbb03427ae90f/pjob_930a46ee654e448d9dd294547506c5bb.diagnostic_audio.wav
1173582	2026-06-18 22:54	/home/jacobw/YTchannel/assets/media/prod_b7d357368b854f09ab2b1e51fb6755af/pjob_75c1f684f0f54642b64bab03a786e3cd.diagnostic_audio.wav
1173582	2026-06-18 22:55	/home/jacobw/YTchannel/assets/media/prod_4b35c4a3e2c74fe98af667a7f0538c3c/pjob_24160e6829b2433082b22a9194c4871d.diagnostic_audio.wav
1173582	2026-06-18 22:56	/home/jacobw/YTchannel/assets/media/prod_737fcc3f5acb45c291035057d1237e65/pjob_e2e1ee149dd248c3b3da912b76f7dd6f.diagnostic_audio.wav
1173582	2026-06-18 22:58	/home/jacobw/YTchannel/assets/media/prod_2e49c8856f1945aa8e9bd9394a72380e/pjob_62d7defd5c074af7a3c44a4dbe404364.diagnostic_audio.wav
1173582	2026-06-18 22:58	/home/jacobw/YTchannel/assets/media/prod_7375f0abcf64475e8962e34aae5186e1/pjob_561aa7f66397470f88b4c48ae47164f6.diagnostic_audio.wav
1173582	2026-06-18 22:59	/home/jacobw/YTchannel/assets/media/prod_16cddc99a1994feeb9113d189fa01ad4/pjob_7e567738c7a0410297a88c126141ab9b.diagnostic_audio.wav
1173582	2026-06-18 22:59	/home/jacobw/YTchannel/assets/media/prod_6a1c0626f824496796435d75606c7be0/pjob_2a9908c598444e318f0700d82446840c.diagnostic_audio.wav
1173582	2026-06-18 22:59	/home/jacobw/YTchannel/assets/media/prod_b167e40b02c243498aa23effd8683ff8/pjob_1fc6014ee413477e9f5ad61a069886a4.diagnostic_audio.wav
1173582	2026-06-18 23:00	/home/jacobw/YTchannel/assets/media/prod_79338b995dc6487dbd4abe6822418b68/pjob_2578247814f648989c6517295ca79d77.diagnostic_audio.wav
1173582	2026-06-18 23:00	/home/jacobw/YTchannel/assets/media/prod_9efc18c614f241ef86e76b06659bdae8/pjob_7e3d66409d314915aba38ed05fb978db.diagnostic_audio.wav
1173582	2026-06-18 23:01	/home/jacobw/YTchannel/assets/media/prod_3efdd2e2113445c3b526165ba717f9fd/pjob_5d5840697b1f43b9a0b08065b5697c5d.diagnostic_audio.wav
1173582	2026-06-18 23:01	/home/jacobw/YTchannel/assets/media/prod_49d080e4b2184cbfac4dc655582efc3e/pjob_1bc9bb9ff37d40cdb0550be7ffbbd694.diagnostic_audio.wav
1173582	2026-06-18 23:01	/home/jacobw/YTchannel/assets/media/prod_4fb859af4f3547f2af7e76df3f1ffe87/pjob_312f6c03c16f4dab904d8c0b082a2f29.diagnostic_audio.wav
1173582	2026-06-18 23:11	/home/jacobw/YTchannel/assets/media/prod_ea2bead949cd4098a5781ebee78b3bea/pjob_a46271da0cd841169f814c1e9c78568d.diagnostic_audio.wav
1173582	2026-06-18 23:12	/home/jacobw/YTchannel/assets/media/prod_6652c31420564ba58d276b22007cb8fa/pjob_8f27c8eb5263437e9b875d7eb041c85d.diagnostic_audio.wav
1173582	2026-06-18 23:12	/home/jacobw/YTchannel/assets/media/prod_9cdabc71b002430aac4a049f46a3dd72/pjob_21aca28ac9bf42e4add41c99fc47ac4c.diagnostic_audio.wav
1173582	2026-06-18 23:13	/home/jacobw/YTchannel/assets/media/prod_40b2f9d2904341c58488ac21ea337986/pjob_692fbd50c8ec409184067058f3bdb9cd.diagnostic_audio.wav
1173582	2026-06-18 23:13	/home/jacobw/YTchannel/assets/media/prod_475eff1a9f634a22a3d6174f0eb753ec/pjob_808ed5af79904c38b25723445940d8c5.diagnostic_audio.wav
1173582	2026-06-18 23:13	/home/jacobw/YTchannel/assets/media/prod_a13585846dd5400cbb2a41924986fdba/pjob_799b5ceb00db4c1aad48d8ee20810c7e.diagnostic_audio.wav
1173582	2026-06-18 23:14	/home/jacobw/YTchannel/assets/media/prod_0bea10879f6d4d778daffc01ae634f91/pjob_b86c43ffa52f4b9ea20d4835028497ff.diagnostic_audio.wav
1173582	2026-06-18 23:14	/home/jacobw/YTchannel/assets/media/prod_6cba656e5d0740199940c7fcaf1b922a/pjob_0137f198182741fba860923a0a658775.diagnostic_audio.wav
1173582	2026-06-18 23:15	/home/jacobw/YTchannel/assets/media/prod_4ad58158c2a147d8966e201111fb9e82/pjob_a6f4cb40a8fa48b5bd67e3142c050560.diagnostic_audio.wav
1173582	2026-06-18 23:15	/home/jacobw/YTchannel/assets/media/prod_f354504a50fd4c2c8c84d52917f60ee0/pjob_05f8ad81eed44e088f61671002468c88.diagnostic_audio.wav
1173582	2026-06-18 23:25	/home/jacobw/YTchannel/assets/media/prod_69a2c309c7b64c9b8499af2df4a3cebd/pjob_3c9830a6156249fc93e7e133e71e71a8.diagnostic_audio.wav
1173582	2026-06-18 23:25	/home/jacobw/YTchannel/assets/media/prod_99333fb362f847cbacda9d68691dee35/pjob_cab83cc7566e427d859213d1be3f7720.diagnostic_audio.wav
1173582	2026-06-18 23:25	/home/jacobw/YTchannel/assets/media/prod_db5da16735f941f2b4909d0e05ebf919/pjob_d3adf96fc58147babfcfb113a11d15c5.diagnostic_audio.wav
1173582	2026-06-18 23:26	/home/jacobw/YTchannel/assets/media/prod_7f910cddf19243969df68c97dc93b323/pjob_6d3a8a776b1b45c5afeea0d5483ec8e8.diagnostic_audio.wav
1173582	2026-06-18 23:26	/home/jacobw/YTchannel/assets/media/prod_df62dcd0215f44719ff52efd7372138c/pjob_37a2fb2ff2514089964bfaffc6a77e2a.diagnostic_audio.wav
1173582	2026-06-18 23:27	/home/jacobw/YTchannel/assets/media/prod_1d081de0921e43958d72e72e0a440199/pjob_5c4a6223db284ed2a44d518966bc4424.diagnostic_audio.wav
1173582	2026-06-18 23:27	/home/jacobw/YTchannel/assets/media/prod_57bfb668970646cba19c3a9e89f71e3f/pjob_39b42e91d54e43b48148480a1dd4ecbf.diagnostic_audio.wav
1173582	2026-06-18 23:27	/home/jacobw/YTchannel/assets/media/prod_a8ef94f38ef04b66a2234febfafed1c0/pjob_88c625b92cee4b518219a07c77366fbc.diagnostic_audio.wav
1173582	2026-06-18 23:28	/home/jacobw/YTchannel/assets/media/prod_45a2571564a84b18b2e3cde11923e340/pjob_cee10fe78c5a437e9fd103520f0b959b.diagnostic_audio.wav
1173582	2026-06-18 23:28	/home/jacobw/YTchannel/assets/media/prod_7652df036c1542ca8e24fcbd4d11e206/pjob_9f88c3ff973b41efa5f907f48d5a88e0.diagnostic_audio.wav
1173582	2026-06-18 23:40	/home/jacobw/YTchannel/assets/media/prod_49a1513de5eb497586cd5d57d1c5a776/pjob_4857769bf9884ab9ae502e16c7dc1b50.diagnostic_audio.wav
1173582	2026-06-18 23:40	/home/jacobw/YTchannel/assets/media/prod_4d81d170d13c4008a67262918323df0e/pjob_e5ff0cf376904402a2df3dfd8197db65.diagnostic_audio.wav
1173582	2026-06-18 23:40	/home/jacobw/YTchannel/assets/media/prod_53c3ac032c0749dc990604ae52ddd170/pjob_2430ea9712e249cb89f0dac5567acdda.diagnostic_audio.wav
1173582	2026-06-18 23:41	/home/jacobw/YTchannel/assets/media/prod_1ffeee5cc4084ce1be0169db2f2251e8/pjob_c93ae019cb47457aa938cc0a547a7138.diagnostic_audio.wav
1173582	2026-06-18 23:41	/home/jacobw/YTchannel/assets/media/prod_c9ac4d5ef82b4a768a72a94d724f5ea7/pjob_913cff2087c04e86868b58e1f434ab12.diagnostic_audio.wav
1173582	2026-06-18 23:42	/home/jacobw/YTchannel/assets/media/prod_30a3ecdc64b14829a9e7a852c2d613e4/pjob_72209f1e3fb94ce7b213f52a52c12b8b.diagnostic_audio.wav
1173582	2026-06-18 23:42	/home/jacobw/YTchannel/assets/media/prod_332bce2d2b5b4e75bb3f972a64dcd934/pjob_abb1070e41e448e584e7071d615bc2e1.diagnostic_audio.wav
1173582	2026-06-18 23:42	/home/jacobw/YTchannel/assets/media/prod_cc2780bdcab24d5e920bce74965cbaa1/pjob_17be7c3936064ef7a1aa680a98a59866.diagnostic_audio.wav
1173582	2026-06-18 23:43	/home/jacobw/YTchannel/assets/media/prod_00835f2a12124b48a9e8a530fff19568/pjob_22436bb5855e48e8a899b38124a7899c.diagnostic_audio.wav
1173582	2026-06-18 23:43	/home/jacobw/YTchannel/assets/media/prod_4178f27a7efb473192c9f8c878eba2ed/pjob_3fb741e946aa4c44a076965e6031f6a3.diagnostic_audio.wav
1173582	2026-06-19 08:08	/home/jacobw/YTchannel/assets/media/prod_5ea4f1b31cd94462892e7bcd47e2bb01/pjob_c8e7fc779c294e1d870029ee9806e4fc.diagnostic_audio.wav
1173582	2026-06-19 08:08	/home/jacobw/YTchannel/assets/media/prod_c6882b847b2d4ae585c68c0d3411259e/pjob_1ab41b6e5bdd42b68322ba93c9d8a935.diagnostic_audio.wav
1173582	2026-06-19 08:09	/home/jacobw/YTchannel/assets/media/prod_6e47988edffb4df9b4f34f3a93e3cd07/pjob_3323e9c335b54b12b4e4a215ba4186bc.diagnostic_audio.wav
1173582	2026-06-19 08:09	/home/jacobw/YTchannel/assets/media/prod_6ec56def1f854254a5a56a01a7464827/pjob_e7fd433fd0d243aa99d5ff845688343a.diagnostic_audio.wav
1173582	2026-06-19 08:09	/home/jacobw/YTchannel/assets/media/prod_777c06918d834824b2993395005e2f05/pjob_911333fa79d74a108e11eac80d3aab2e.diagnostic_audio.wav
1173582	2026-06-19 08:10	/home/jacobw/YTchannel/assets/media/prod_40d11d1b465f4337870a8edece099358/pjob_f21a04e67f3e4db7be12cbb72076fa2d.diagnostic_audio.wav
1173582	2026-06-19 08:10	/home/jacobw/YTchannel/assets/media/prod_749fb2f19f9245b3a82fe6e43995f9ac/pjob_aacfbd18be6f4ebda830413484b81769.diagnostic_audio.wav
1173582	2026-06-19 08:10	/home/jacobw/YTchannel/assets/media/prod_8356a7f2a35a4512ab5dcc0c0f63ee4f/pjob_6638aae4d6984bd5a4d186b9ebddb22b.diagnostic_audio.wav
1173582	2026-06-19 08:11	/home/jacobw/YTchannel/assets/media/prod_43de7bb8cfca49dd944dbdb7d84ce006/pjob_5188f37a55774d6aa49fbb666d91a7c0.diagnostic_audio.wav
1173582	2026-06-19 08:11	/home/jacobw/YTchannel/assets/media/prod_5ff2e00656894c75a3ad9adc27b79cf7/pjob_662be3fe27bd4bcfbe3b1e33fd3ca663.diagnostic_audio.wav
1173582	2026-06-19 08:18	/home/jacobw/YTchannel/assets/media/prod_684eba46893942039b666cc67e4cd73d/pjob_a90c30c5473a4c4282a327a4c16274ab.diagnostic_audio.wav
1173582	2026-06-19 08:18	/home/jacobw/YTchannel/assets/media/prod_6ab5a8bef46c4a4c9324a316de91e4ec/pjob_acd8002a2d5a412b869d06c81af11c77.diagnostic_audio.wav
1173582	2026-06-19 08:18	/home/jacobw/YTchannel/assets/media/prod_7786a48194864ff9bd5743ae4a3c6572/pjob_a8757da6356e482bbd0e4e15d5e2d3a0.diagnostic_audio.wav
1173582	2026-06-19 08:19	/home/jacobw/YTchannel/assets/media/prod_6fd0edbd4b824c03b219cdd2395682c3/pjob_ee060e24bfb54019b61deeef1e4ef434.diagnostic_audio.wav
1173582	2026-06-19 08:19	/home/jacobw/YTchannel/assets/media/prod_e27f6b7b5ebb4e8397d10978bf9e931e/pjob_668dd9894728413aa44f15842b6e9e34.diagnostic_audio.wav
1173582	2026-06-19 08:20	/home/jacobw/YTchannel/assets/media/prod_ba8726eaa50f43369050d571aa6e71d7/pjob_003efb375fae4ae8b992df475e13cf44.diagnostic_audio.wav
1173582	2026-06-19 08:20	/home/jacobw/YTchannel/assets/media/prod_c344d6b654484962a98a50963579c8ee/pjob_470f0fb846ce48f4ba5034ca51c1aecc.diagnostic_audio.wav
1173582	2026-06-19 08:20	/home/jacobw/YTchannel/assets/media/prod_e5cb898a186c49a7abb428221138c852/pjob_4a771562dd57421fac1bcd161ebd1681.diagnostic_audio.wav
1173582	2026-06-19 08:21	/home/jacobw/YTchannel/assets/media/prod_84fa6358c51e4998a3d1d93afe70446f/pjob_2e5431f4f6e84fbcae32e5172f385250.diagnostic_audio.wav
1173582	2026-06-19 08:21	/home/jacobw/YTchannel/assets/media/prod_ab14b740e97843c5b61c7a6271d8878f/pjob_7d138af331c644ac9ad4cebebc0ccc32.diagnostic_audio.wav
1173582	2026-06-19 08:21	/home/jacobw/YTchannel/assets/media/prod_de963fdeaa42443685e8dc2c08b5321d/pjob_381bf5956be348be9b87b08e727c857e.diagnostic_audio.wav
1173582	2026-06-19 08:22	/home/jacobw/YTchannel/assets/media/prod_225cbc6d67194a3a822c95bde705ca4f/pjob_bcac76e3f0bb4b8aaa620279a08b210e.diagnostic_audio.wav
1173582	2026-06-19 08:22	/home/jacobw/YTchannel/assets/media/prod_5dea1df5413a4776bea6c0ae453e610b/pjob_d3822a49a9084dac8722d8dc86f877ee.diagnostic_audio.wav
1173582	2026-06-19 08:22	/home/jacobw/YTchannel/assets/media/prod_8e2b77e8d7134b328430a0c0673d274a/pjob_aa8d45eef2084f53ae3cf2544208dfb0.diagnostic_audio.wav
1173582	2026-06-19 12:46	/home/jacobw/YTchannel/assets/media/prod_20b418d1c0934d39a06230e4931379d9/pjob_81c69546c4c5460ca312e17a63b6c408.diagnostic_audio.wav
1173582	2026-06-19 12:46	/home/jacobw/YTchannel/assets/media/prod_894800f9c86c4eeea9b9c45e03612968/pjob_d1a1fa88f68f4d6ba9cb363362a8716a.diagnostic_audio.wav
1173582	2026-06-19 12:47	/home/jacobw/YTchannel/assets/media/prod_283d100ac1b44859977077b29bca4e5b/pjob_3edbfe1d7b044d79b98119b7cc5ba6e4.diagnostic_audio.wav
1173582	2026-06-19 12:47	/home/jacobw/YTchannel/assets/media/prod_9cc6c9ed6a9d43119c9ac4d6b3a14dc1/pjob_4b3df2271c384340a0241580aebe8bb8.diagnostic_audio.wav
1173582	2026-06-19 12:48	/home/jacobw/YTchannel/assets/media/prod_3af7333f3e4749d09dedf73f2d55bd6c/pjob_b5d2d2f87d2740aaa94eef2d6cf65a87.diagnostic_audio.wav
1173582	2026-06-19 12:48	/home/jacobw/YTchannel/assets/media/prod_6c3aec3b34e54923a710a81c0e82d892/pjob_bf55f08d6fd143718c9856594cfc91c3.diagnostic_audio.wav
1173582	2026-06-19 12:48	/home/jacobw/YTchannel/assets/media/prod_a4d18fe3d1c64380afaa016779362234/pjob_c3c3172cc3874091822f717d1bb84846.diagnostic_audio.wav
1173582	2026-06-19 12:49	/home/jacobw/YTchannel/assets/media/prod_1c713aefdad948e19db81c4af7d8660f/pjob_e3a74e7af98d4d16a6c54242c95cf34c.diagnostic_audio.wav
1173582	2026-06-19 12:49	/home/jacobw/YTchannel/assets/media/prod_3de7c84c619741c4816b9ea773b235f9/pjob_8cfe19dc11394682bd4bd46731666947.diagnostic_audio.wav
1173582	2026-06-19 12:50	/home/jacobw/YTchannel/assets/media/prod_bd5e4438ea574dcf98aa75395f64a85e/pjob_9497cd8244f04e3ab3b612d3dc8d17e3.diagnostic_audio.wav
1173582	2026-06-19 12:50	/home/jacobw/YTchannel/assets/media/prod_e6c5c0bf88504a65b12b0aae92f6c5bc/pjob_4d98f228422748a3b1ca3a82bf41840c.diagnostic_audio.wav
1173582	2026-06-19 12:51	/home/jacobw/YTchannel/assets/media/prod_6db0d6ed395e4506b228eb636cb0efa3/pjob_7c56372d9d1447fb98c269ad041cc3f2.diagnostic_audio.wav
1173582	2026-06-19 12:51	/home/jacobw/YTchannel/assets/media/prod_e705567c019647939eb068ef1fbb4945/pjob_2001f163415e464fa8cb2a5b14d898a5.diagnostic_audio.wav
1173582	2026-06-19 12:52	/home/jacobw/YTchannel/assets/media/prod_2c3f4342aaf74b38a5f7db01a47667d9/pjob_207ab339fd824e30998c3e406697fa52.diagnostic_audio.wav
1173582	2026-06-19 12:52	/home/jacobw/YTchannel/assets/media/prod_9b94da2f795047e39de31f63f361a036/pjob_c07eb4c7d1104c7094977e1d305d2cd6.diagnostic_audio.wav
1173582	2026-06-19 12:52	/home/jacobw/YTchannel/assets/media/prod_d425c8dc33d445679827c4490cc6b616/pjob_efb0bb059803491bb56d13fa610a0796.diagnostic_audio.wav
1173582	2026-06-19 12:53	/home/jacobw/YTchannel/assets/media/prod_4d8e007a6d254163b294532671abf981/pjob_49b9ee8aedb34e9596bbb48841907bf2.diagnostic_audio.wav
1173582	2026-06-19 12:53	/home/jacobw/YTchannel/assets/media/prod_b3f10fcb72ee49f788190ebc8910602b/pjob_9e597617c0da4e7daca7ccae11aec04e.diagnostic_audio.wav
1173582	2026-06-19 12:54	/home/jacobw/YTchannel/assets/media/prod_162d66ad0916407d97de7baae5c0ff80/pjob_9b269b34e5414278bdd7fdfb8181479c.diagnostic_audio.wav
1173582	2026-06-19 12:54	/home/jacobw/YTchannel/assets/media/prod_d1bdc807f7d04f7590b85d2c2af9af26/pjob_feec958489254162bf356cfa56347eb3.diagnostic_audio.wav
1173582	2026-06-19 12:54	/home/jacobw/YTchannel/assets/media/prod_f5a406af9cc34f9680522a04d191ce75/pjob_e41bf37765cc4ca7ad80ba407e0bff0e.diagnostic_audio.wav
1173582	2026-06-19 13:07	/home/jacobw/YTchannel/assets/media/prod_162ac258871b41c7982b6488a733ad49/pjob_54a50ce34e1b42cc8ef4119e0415403f.diagnostic_audio.wav
1173582	2026-06-19 13:16	/home/jacobw/YTchannel/assets/media/prod_80ef425d9ea44d1cb922b80145ced67f/pjob_d7b1041bf2f6424eb534582768e34d7f.diagnostic_audio.wav
1173582	2026-06-19 13:16	/home/jacobw/YTchannel/assets/media/prod_ec243bb9f158420b9b89ae701ad37e17/pjob_145e5deacf514200a45e47de04dde633.diagnostic_audio.wav
1173582	2026-06-19 13:19	/home/jacobw/YTchannel/assets/media/prod_aab5be43dd114148b2ccd59dcddf7e2a/pjob_86c040bff9e54ba1ac9b3827cedc81fe.diagnostic_audio.wav
1173582	2026-06-19 13:19	/home/jacobw/YTchannel/assets/media/prod_d4b6cc0fda77443a9e5135d583dcd413/pjob_52fc3c275fa54df483191d09653ef446.diagnostic_audio.wav
1173582	2026-06-19 13:20	/home/jacobw/YTchannel/assets/media/prod_0565fe46d74c485da9e4e18aeb3a6807/pjob_119edef4bee549d08b994295077a38bd.diagnostic_audio.wav
1173582	2026-06-19 13:20	/home/jacobw/YTchannel/assets/media/prod_75c4747071ad448680beb993573656b8/pjob_77b623b6a44547d9b73b8c15a7fd13e9.diagnostic_audio.wav
1173582	2026-06-19 13:20	/home/jacobw/YTchannel/assets/media/prod_c9c6fcbb747248998ffb3ab78c286640/pjob_00fa847faab64aa1856e3f9348b2b4d6.diagnostic_audio.wav
1173582	2026-06-19 13:21	/home/jacobw/YTchannel/assets/media/prod_20959ffb5ff941808d9a60e9a3c96883/pjob_d96c005bc6f543eca20793dfcab97078.diagnostic_audio.wav
1173582	2026-06-19 13:21	/home/jacobw/YTchannel/assets/media/prod_5d852200f6914d2eb533816343275105/pjob_d3c84c0de8c84d23aed6f2a9df869540.diagnostic_audio.wav
1173582	2026-06-19 13:21	/home/jacobw/YTchannel/assets/media/prod_f136cc36268444f98275a311129fa722/pjob_15083129d2e24d59b1c51a0f80e7851a.diagnostic_audio.wav
1173582	2026-06-19 13:22	/home/jacobw/YTchannel/assets/media/prod_671ce60ad3c04990ac8d5113134d4029/pjob_7089a214c23c48ddad3e4b5c4b379bb3.diagnostic_audio.wav
1173582	2026-06-19 13:22	/home/jacobw/YTchannel/assets/media/prod_c8ed6368c8444999bd496c7eb0e80f09/pjob_459a0219ae9741e9bae88c920b26e965.diagnostic_audio.wav
1173582	2026-06-19 18:53	/home/jacobw/YTchannel/assets/media/prod_08c6ea48f0e941fea0a02781bc551237/pjob_89cfd069a42a408eb687176abdbc7375.diagnostic_audio.wav
1173582	2026-06-19 18:53	/home/jacobw/YTchannel/assets/media/prod_95a4e65183194339830cb98dd02db0bf/pjob_1882dd1563c2496ea5f4aeb958aa31a2.diagnostic_audio.wav
1173582	2026-06-19 18:53	/home/jacobw/YTchannel/assets/media/prod_c129b57b422c45f98717365bb86dd7e6/pjob_8e6e07297c7145ba989f1cb43c4b9e65.diagnostic_audio.wav
1173582	2026-06-19 18:54	/home/jacobw/YTchannel/assets/media/prod_71490612656a4ccf88929ede6c524c1d/pjob_74d4abb5ecb64c4e90b2f8fddf2754a3.diagnostic_audio.wav
1173582	2026-06-19 18:54	/home/jacobw/YTchannel/assets/media/prod_9a744a6c113f4fcf972da14f2bfe4dc8/pjob_d91bdf171e9e4b1989a0cd509b22bc51.diagnostic_audio.wav
1173582	2026-06-19 18:54	/home/jacobw/YTchannel/assets/media/prod_dcccae74ac9d4f60a4f289a85cf51ddd/pjob_631bd0cd349e4bd79b813b1da4fbd650.diagnostic_audio.wav
1173582	2026-06-19 18:55	/home/jacobw/YTchannel/assets/media/prod_00125b262f1145d9a4cb8ce445c57ab6/pjob_934681aafbdf458b9bd079d81930908a.diagnostic_audio.wav
1173582	2026-06-19 18:55	/home/jacobw/YTchannel/assets/media/prod_0ba3590d19ce4c24adbf93089fddfce9/pjob_afe0444ca7874af7b25c749a8efb6553.diagnostic_audio.wav
1173582	2026-06-19 18:55	/home/jacobw/YTchannel/assets/media/prod_cf86f52be60443e09c0e82952e00cc54/pjob_3d9ae8a487af4ed1810c3ca9dfd33c63.diagnostic_audio.wav
1173582	2026-06-19 18:56	/home/jacobw/YTchannel/assets/media/prod_555232fb7e86405e84ab21f8498aa5d8/pjob_27bcf6c4feea485893dfb537259667cc.diagnostic_audio.wav
1173582	2026-06-19 19:03	/home/jacobw/YTchannel/assets/media/prod_0e367de93d9d4243ab309cc4fd8336ef/pjob_7dd31dbe4e4442c8b4078b274a14ef58.diagnostic_audio.wav
1173582	2026-06-19 19:03	/home/jacobw/YTchannel/assets/media/prod_57d6fe096d6242ab961d5a7f492b0465/pjob_003dcb8c65fa47ff91923f20dc3eaa42.diagnostic_audio.wav
1173582	2026-06-19 19:04	/home/jacobw/YTchannel/assets/media/prod_6d6733fac48540148d8f7c31f85b0c44/pjob_a0196db0e99a4ff6bf9d20c1a6c055f6.diagnostic_audio.wav
1173582	2026-06-19 19:04	/home/jacobw/YTchannel/assets/media/prod_98f9e243122e4e279ccbe50e330fe95f/pjob_ec30da0c815249a096433722a43c8209.diagnostic_audio.wav
1173582	2026-06-19 19:05	/home/jacobw/YTchannel/assets/media/prod_0a07dbde902643a298fee020f2fda680/pjob_a6d83d3e8903421eb9be904b7306dc4c.diagnostic_audio.wav
1173582	2026-06-19 19:05	/home/jacobw/YTchannel/assets/media/prod_a3aa680c8ba34d1c81959db4b6fe0309/pjob_3d4c1abd34974cff9581e1fdc4e4ad0c.diagnostic_audio.wav
1173582	2026-06-19 19:05	/home/jacobw/YTchannel/assets/media/prod_e4d34c2f40f04a8bb78c9f21440bf788/pjob_3ce44c33d1f94672a7dae0e489a80471.diagnostic_audio.wav
1173582	2026-06-19 19:06	/home/jacobw/YTchannel/assets/media/prod_0a95a5fd39ba47b8b64086b6148c6ad6/pjob_cd0eed02941244d1ac96156c5073d224.diagnostic_audio.wav
1173582	2026-06-19 19:06	/home/jacobw/YTchannel/assets/media/prod_28271ef8f4624e6295f793c3369e14df/pjob_bb8f7233814b495a9a5f6e777938324c.diagnostic_audio.wav
1173582	2026-06-19 19:06	/home/jacobw/YTchannel/assets/media/prod_6770b8024aa9421b92e4d6945e12b806/pjob_321d2667b87740a7a42c2bdbe3a9f551.diagnostic_audio.wav
1173582	2026-06-19 19:17	/home/jacobw/YTchannel/assets/media/prod_4453ec8e6f8b462487b4447d09b5ff60/pjob_8ce5d373bb114faba3b8c7cd9299fb15.diagnostic_audio.wav
1173582	2026-06-19 19:17	/home/jacobw/YTchannel/assets/media/prod_bc6cea42f956485a8ceecd80455a0543/pjob_b5078d60de5648a2b53c1403d9cdda04.diagnostic_audio.wav
1173582	2026-06-19 19:18	/home/jacobw/YTchannel/assets/media/prod_39c4e58227f4400dadc4e84d1d3b4227/pjob_2250cc5b7407450bb20b4113bc4cb202.diagnostic_audio.wav
1173582	2026-06-19 19:18	/home/jacobw/YTchannel/assets/media/prod_b0b702d0f2fe452f8358fd2c79de6368/pjob_6e00833db49a4920b440736c5896a978.diagnostic_audio.wav
1173582	2026-06-19 19:18	/home/jacobw/YTchannel/assets/media/prod_dadafce6e70f472bb74b1a5e1827a12f/pjob_10758dcdf49d430aba2b63ae89516a83.diagnostic_audio.wav
1173582	2026-06-19 19:19	/home/jacobw/YTchannel/assets/media/prod_76aa7211e0d7486eb72ea44e8a36780a/pjob_62afb8a82cd34fa8a106ded5e7245c67.diagnostic_audio.wav
1173582	2026-06-19 19:19	/home/jacobw/YTchannel/assets/media/prod_f6747b4b6f184f37adc7639c26a23431/pjob_412ab7483b9c41e68db827b9bd5e279a.diagnostic_audio.wav
1173582	2026-06-19 19:20	/home/jacobw/YTchannel/assets/media/prod_2043fd54473d4811a9d47d57be56d6ed/pjob_0a3c39b6ee68488fb6fa68984636236a.diagnostic_audio.wav
1173582	2026-06-19 19:20	/home/jacobw/YTchannel/assets/media/prod_3d7bf9d1973543ab896394338e8a1b1b/pjob_080664fbeaa14f2a8d0f0710416d4d49.diagnostic_audio.wav
1173582	2026-06-19 19:20	/home/jacobw/YTchannel/assets/media/prod_ecb22ee185dc4374b468deced21fbcfc/pjob_fa32e48ce96e424b8b4b20aacc8a73e5.diagnostic_audio.wav
1173582	2026-06-19 19:39	/home/jacobw/YTchannel/assets/media/prod_220300aa770d4c14b4bc9e6574c2b54c/pjob_c21d44ae44d84e1a970beb444a527326.diagnostic_audio.wav
1173582	2026-06-19 19:40	/home/jacobw/YTchannel/assets/media/prod_2796a3fce6c142de86e19fb2d5f67818/pjob_a5d99f7847684d62ab6ae30a95fc2166.diagnostic_audio.wav
1173582	2026-06-19 19:40	/home/jacobw/YTchannel/assets/media/prod_3aa59068fc3145279e8f4578e6207c72/pjob_10ded3d36f5542a2b54d1429df18d508.diagnostic_audio.wav
1173582	2026-06-19 19:40	/home/jacobw/YTchannel/assets/media/prod_4ed19df225814b6b9638589fc1fa5af7/pjob_3e3f8730f0b64a39a2282b776aa0886a.diagnostic_audio.wav
1173582	2026-06-19 19:41	/home/jacobw/YTchannel/assets/media/prod_42c0de4c8dd840b897b286d51edfae49/pjob_8b2978537304431996b6e7a836a21f52.diagnostic_audio.wav
1173582	2026-06-19 19:41	/home/jacobw/YTchannel/assets/media/prod_c4f413693b344fc28b50663c84e51dd1/pjob_78c9373d3d6d450db29c6f64f7d3aa4a.diagnostic_audio.wav
1173582	2026-06-19 19:41	/home/jacobw/YTchannel/assets/media/prod_ebff8bf5665d4fe3acff4ce556ea7ad5/pjob_ebaa19c29aeb48329ff07b15a6796808.diagnostic_audio.wav
1173582	2026-06-19 19:42	/home/jacobw/YTchannel/assets/media/prod_1e233ed85b174658bcf44f5935358143/pjob_4144792370a44fcc842742257bd2303b.diagnostic_audio.wav
1173582	2026-06-19 19:42	/home/jacobw/YTchannel/assets/media/prod_93133568867345f1a9a9aa51e16dd36b/pjob_5ff8e2f5eec041f7a85adf43f473147c.diagnostic_audio.wav
1173582	2026-06-19 19:43	/home/jacobw/YTchannel/assets/media/prod_0808982affb746e381de3e910c30d17b/pjob_5735afeca544470bbf80249a318955e6.diagnostic_audio.wav
1173582	2026-06-19 19:49	/home/jacobw/YTchannel/assets/media/prod_e02f7e8abf674ece817787c8b514fed7/pjob_22d5137febd84c9fb6eec9f38ce26280.diagnostic_audio.wav
1173582	2026-06-19 19:50	/home/jacobw/YTchannel/assets/media/prod_493da69f47c94d5bb72379ec51551fe6/pjob_983ba5fa67e84303bd1c261cfc99cf62.diagnostic_audio.wav
1173582	2026-06-19 19:50	/home/jacobw/YTchannel/assets/media/prod_983848972bf248569ede549142badb95/pjob_2b785a10c0394cb0afe13cf98e5a37a3.diagnostic_audio.wav
1173582	2026-06-19 19:50	/home/jacobw/YTchannel/assets/media/prod_d13c0138d1154baa96a7a94e2dd6e6d5/pjob_fa4a21bbe5d840b2bb6f60be6d03591c.diagnostic_audio.wav
1173582	2026-06-19 19:51	/home/jacobw/YTchannel/assets/media/prod_12dfe650881e401097938c271ce947ea/pjob_9b16589391f5483398d2502fb5153a17.diagnostic_audio.wav
1173582	2026-06-19 19:51	/home/jacobw/YTchannel/assets/media/prod_267feb24ced442e78c98d417603ce8c3/pjob_cb0b5a783e60480fadad9558fb1df346.diagnostic_audio.wav
1173582	2026-06-19 19:52	/home/jacobw/YTchannel/assets/media/prod_025f66afcc744bfba81a67a6969c4457/pjob_d4a1657d763e4619b7bd3f015aae07df.diagnostic_audio.wav
1173582	2026-06-19 19:52	/home/jacobw/YTchannel/assets/media/prod_5439dde64f3a42558530d30a479c3bbd/pjob_c5f6da6460e24afe87605a7875da27c3.diagnostic_audio.wav
1173582	2026-06-19 19:52	/home/jacobw/YTchannel/assets/media/prod_a083e53e5e8f42549912f5fdfc433251/pjob_825489c4d18749b692eeb5b34857a40a.diagnostic_audio.wav
1173582	2026-06-19 19:53	/home/jacobw/YTchannel/assets/media/prod_14bbe2538d1645fbbe58d1fa60352da5/pjob_fe42f0211a174507820fa39ac37181d5.diagnostic_audio.wav
1173582	2026-06-19 19:57	/home/jacobw/YTchannel/assets/media/prod_519dc4a8cf7f47f0a5de02a83e8c3a71/pjob_e6150199229746cb852f0eeab913f124.diagnostic_audio.wav
1173582	2026-06-19 19:57	/home/jacobw/YTchannel/assets/media/prod_a0f03a606d2945e7be7a34471a66909e/pjob_63fcd283911340e7b8bf1828ac91029a.diagnostic_audio.wav
1173582	2026-06-19 19:57	/home/jacobw/YTchannel/assets/media/prod_e93e110688bf4cde9d4f3f7930fcc526/pjob_cafbb4e42f86429596c6bf315e642f0b.diagnostic_audio.wav
1173582	2026-06-19 19:58	/home/jacobw/YTchannel/assets/media/prod_1c44026f08c74f11a65a50ba6bd0c485/pjob_503f6362875a48969c9ae22d3c6d4917.diagnostic_audio.wav
1173582	2026-06-19 19:58	/home/jacobw/YTchannel/assets/media/prod_73dc967131684eb4afdb7aadebfbb370/pjob_19245cc84611407dbbfd6161c68cbe56.diagnostic_audio.wav
1173582	2026-06-19 19:58	/home/jacobw/YTchannel/assets/media/prod_760cd5086fd9487d8932cc9c8698cb3a/pjob_be5949749bc9465aa25a59593a61c1c2.diagnostic_audio.wav
1173582	2026-06-19 19:59	/home/jacobw/YTchannel/assets/media/prod_049a38a44a284fdca776fb4615b4d69d/pjob_28568df73e8a424793e1e5dab5e794cd.diagnostic_audio.wav
1173582	2026-06-19 19:59	/home/jacobw/YTchannel/assets/media/prod_9ccb0eec2206406595d3881d9d5993bf/pjob_e9692b51d89e42dfbbcc0d76bb1c15bb.diagnostic_audio.wav
1173582	2026-06-19 20:00	/home/jacobw/YTchannel/assets/media/prod_1e345fbb1e8b4a05a1fbf51bc578cf41/pjob_9bd4b1f21c124d3586a1eb91879b7150.diagnostic_audio.wav
1173582	2026-06-19 20:00	/home/jacobw/YTchannel/assets/media/prod_32481839eec2401fac0a93149bb18a71/pjob_61fdd9ff77d949dcbbf204ce8e0bab36.diagnostic_audio.wav
1173582	2026-06-19 20:02	/home/jacobw/YTchannel/assets/media/prod_c31f31b90df3479484a4d913bdcb317a/pjob_0c2101fcda9f4bba96299de7f35d3a56.diagnostic_audio.wav
1173582	2026-06-19 20:03	/home/jacobw/YTchannel/assets/media/prod_33957c2a2ed44348a13c1ff3248f3621/pjob_a7592d11bf23414a9e17d87cef573db2.diagnostic_audio.wav
1173582	2026-06-19 20:03	/home/jacobw/YTchannel/assets/media/prod_903cea29580d4a83a2f4c03a71f4518c/pjob_579ef40fe46348c8bcc71704ecf89f30.diagnostic_audio.wav
1173582	2026-06-19 20:03	/home/jacobw/YTchannel/assets/media/prod_9de114e18d51471187f5ef0b50e2f55f/pjob_a9ecb15acf5944dd894c764ff3d124a6.diagnostic_audio.wav
1173582	2026-06-19 20:04	/home/jacobw/YTchannel/assets/media/prod_3efc876016ab4eeeb7e250855f8e9b62/pjob_04ed0f4a748b40bab5809bfdfb3f5e30.diagnostic_audio.wav
1173582	2026-06-19 20:04	/home/jacobw/YTchannel/assets/media/prod_6ac7d1431ad2472aa7d4aa3d679ea417/pjob_a635bc9bd4bf443798f9f6a4a4898b1c.diagnostic_audio.wav
1173582	2026-06-19 20:05	/home/jacobw/YTchannel/assets/media/prod_805753db7b614693b82fe1d7727a1dcc/pjob_7882dee60f674e5981ecba321fea7511.diagnostic_audio.wav
1173582	2026-06-19 20:05	/home/jacobw/YTchannel/assets/media/prod_a85748e521984a34840b88bbb772a9e4/pjob_f4e01fc5bc4449efb952b69bb92200b1.diagnostic_audio.wav
1173582	2026-06-19 20:05	/home/jacobw/YTchannel/assets/media/prod_ca31abc946c54a22813c294f683db460/pjob_d5fd212f93a640038e202797e493f31d.diagnostic_audio.wav
1173582	2026-06-19 20:06	/home/jacobw/YTchannel/assets/media/prod_6a5092adeda94738a07adbb3a064929e/pjob_a89383f57f1142f29a686533eebecd47.diagnostic_audio.wav
1173582	2026-06-19 20:09	/home/jacobw/YTchannel/assets/media/prod_692321caf5654d399dfd39a4b888b770/pjob_588d87122a324075a503afab36b4ce3d.diagnostic_audio.wav
1173582	2026-06-19 20:09	/home/jacobw/YTchannel/assets/media/prod_bc31c361e4fa4ae78b511adbd4cf6b93/pjob_b1ed81bd1a72462fa8e4b7fe23b18afc.diagnostic_audio.wav
1173582	2026-06-19 20:09	/home/jacobw/YTchannel/assets/media/prod_ffd94a0c51a24e1b921b8f9452e7edd6/pjob_b2cfeb5544d44add9999732fe83dedd1.diagnostic_audio.wav
1173582	2026-06-19 20:10	/home/jacobw/YTchannel/assets/media/prod_2c700e67bd724b58bb43c35acbf0f2da/pjob_92c2781e356a4a3f93548f4190950a7e.diagnostic_audio.wav
1173582	2026-06-19 20:10	/home/jacobw/YTchannel/assets/media/prod_a1035338b7e94134b753745ad68a898e/pjob_675e4399129d4d649bd85e692848d3f1.diagnostic_audio.wav
1173582	2026-06-19 20:11	/home/jacobw/YTchannel/assets/media/prod_895f29390b8545c4a4b64c4b3ed76216/pjob_27e86070b59643c19ddac50cb9adf238.diagnostic_audio.wav
1173582	2026-06-19 20:11	/home/jacobw/YTchannel/assets/media/prod_8a93a833990d46e394065a37acc2682e/pjob_19523c6762d447a99fe3ddf92fdfd47e.diagnostic_audio.wav
1173582	2026-06-19 20:11	/home/jacobw/YTchannel/assets/media/prod_efc17259c89443c9a3b7b7cd7a1607a8/pjob_2f5a25c3e98a4fcfa0c55f8ddea6790b.diagnostic_audio.wav
1173582	2026-06-19 20:12	/home/jacobw/YTchannel/assets/media/prod_1778b1138c8944fb8b97ce739c70035d/pjob_06712cb372514c08a8d3b59066232291.diagnostic_audio.wav
1173582	2026-06-19 20:12	/home/jacobw/YTchannel/assets/media/prod_2799d2809f56439097f05ba396d38600/pjob_9c39f943a7114380aed5c24f9a1f4cab.diagnostic_audio.wav
1173582	2026-06-19 20:22	/home/jacobw/YTchannel/assets/media/prod_a67aa61adfaf452a97cc201b32198d35/pjob_5800a850791d4b248f52f5de84c67ee9.diagnostic_audio.wav
1173582	2026-06-19 20:22	/home/jacobw/YTchannel/assets/media/prod_ca9c0218cb0543fd89166f3bc248b165/pjob_028d52cdb54d43aba4c6c9d6c2ff9970.diagnostic_audio.wav
1173582	2026-06-19 20:24	/home/jacobw/YTchannel/assets/media/prod_2c2c47cca6ca446b8a5b7231d1aefe65/pjob_6ce5589d61794bebbef12df23d3aa38d.diagnostic_audio.wav
1173582	2026-06-19 20:24	/home/jacobw/YTchannel/assets/media/prod_4a5b862c6a9b4967833661c2dd99c7de/pjob_2a0496abd631427b90979a1bad2e7f21.diagnostic_audio.wav
1173582	2026-06-19 20:24	/home/jacobw/YTchannel/assets/media/prod_e0cd0254d68a4b21847fd9590fb0d449/pjob_3e3ba41920e14899b836b210ae962fec.diagnostic_audio.wav
1173582	2026-06-19 20:25	/home/jacobw/YTchannel/assets/media/prod_61fed504fc0046c782fbcbf8b2dadf53/pjob_5119aa095e194922bd7bd579b531dde2.diagnostic_audio.wav
1173582	2026-06-19 20:25	/home/jacobw/YTchannel/assets/media/prod_858ef20990524298ac201ac8b4d2aecd/pjob_772314cbdcd64a02a35dd2280c071018.diagnostic_audio.wav
1173582	2026-06-19 20:26	/home/jacobw/YTchannel/assets/media/prod_aef52c4ebaf442aca3f9e210298c0e2f/pjob_81d1796c72a445b5b76fa79e28bb40ff.diagnostic_audio.wav
1173582	2026-06-19 20:26	/home/jacobw/YTchannel/assets/media/prod_c725c285e0f14ed7b01effb9ff36a357/pjob_aab68623693540e198fca13d29094365.diagnostic_audio.wav
1173582	2026-06-19 20:26	/home/jacobw/YTchannel/assets/media/prod_fde19c883a704160bb9cc38df243c1c2/pjob_8c0162fb03ac4b59b158311964c542d9.diagnostic_audio.wav
1173582	2026-06-19 20:27	/home/jacobw/YTchannel/assets/media/prod_0ad7840465fb414ca61ed01960f55013/pjob_88b888d24028441aa10a757fc22bb1c3.diagnostic_audio.wav
1173582	2026-06-19 20:27	/home/jacobw/YTchannel/assets/media/prod_aaba4acb5fd8454eaf9811f40b717c62/pjob_ccfaf84080f74ee297d01936f3bc08de.diagnostic_audio.wav
1173582	2026-06-19 20:36	/home/jacobw/YTchannel/assets/media/prod_13fa37fcfb784eb3840cdadb7f5dc98b/pjob_6c663001df5c45c893d3cbf1ad9a9972.diagnostic_audio.wav
1173582	2026-06-19 20:36	/home/jacobw/YTchannel/assets/media/prod_7411eef494644be4a8b27e5bd0a4f924/pjob_fc3bfeedc9d74bc9b5ffdf1d7620cd33.diagnostic_audio.wav
1173582	2026-06-19 20:38	/home/jacobw/YTchannel/assets/media/prod_1812d3a886f149f984b42c9b99715e5b/pjob_4f79c5ab2dc14d68a95d64c8c2128408.diagnostic_audio.wav
1173582	2026-06-19 20:38	/home/jacobw/YTchannel/assets/media/prod_7a2207f53a434a78b0a4843b80b5ad46/pjob_87092dbf94b9482c896ace79fca28a62.diagnostic_audio.wav
1173582	2026-06-19 20:39	/home/jacobw/YTchannel/assets/media/prod_2ce6583fd9cf4629a4019ebc641baa18/pjob_13d1a0f94ff4471aa38ee4a909f95c3b.diagnostic_audio.wav
1173582	2026-06-19 20:39	/home/jacobw/YTchannel/assets/media/prod_8a12bf0ca4c643b6a24c613fb41db1ab/pjob_aea3bfb6bcc64edab744f7158f74e17c.diagnostic_audio.wav
1173582	2026-06-19 20:39	/home/jacobw/YTchannel/assets/media/prod_c90cdb1475844d50bb0414776690adaa/pjob_d2e3cf7fdc0c41018b3567187068e69e.diagnostic_audio.wav
1173582	2026-06-19 20:40	/home/jacobw/YTchannel/assets/media/prod_20fcb00a9ccf41e1b5fadb42471d34ec/pjob_84868ed7ee064aeabb3d639f93e25106.diagnostic_audio.wav
1173582	2026-06-19 20:40	/home/jacobw/YTchannel/assets/media/prod_30d67b5affc54818b14919623e2ea90f/pjob_66df611b038643168f8527ce928d5b40.diagnostic_audio.wav
1173582	2026-06-19 20:40	/home/jacobw/YTchannel/assets/media/prod_ba43fa07486f4ad2b8556d3571430521/pjob_aae083fdd11d45dd80d93c30208cafca.diagnostic_audio.wav
1173582	2026-06-19 20:41	/home/jacobw/YTchannel/assets/media/prod_35cfe0a0823b41f4ac0f5b75d768a6bf/pjob_e9fe0552563842ad9d58deb81a1ac43a.diagnostic_audio.wav
1173582	2026-06-19 20:41	/home/jacobw/YTchannel/assets/media/prod_aa101554b9d840a6b85c881a472da126/pjob_d0bdc56f3e50428b8719680cae3099a3.diagnostic_audio.wav
1173582	2026-06-19 21:14	/home/jacobw/YTchannel/assets/media/prod_2a0d613df2204ee1937630f801a1cf1f/pjob_46fc05119c794185b070dc7a1dda7108.diagnostic_audio.wav
1173582	2026-06-19 21:15	/home/jacobw/YTchannel/assets/media/prod_5b6c3c75e7874ba8a26d4489b9960c97/pjob_661353f378424238969df5313e8e3937.diagnostic_audio.wav
1173582	2026-06-19 21:15	/home/jacobw/YTchannel/assets/media/prod_b3a96d4ecdec4ef0a409aa998f647b27/pjob_e522f2b0881d4b70a18bd99a298803a8.diagnostic_audio.wav
1173582	2026-06-19 21:15	/home/jacobw/YTchannel/assets/media/prod_f7ee3c918e594f739333c9e137a7ae51/pjob_393474b7352c4ddfa3fac2eb2f40d47f.diagnostic_audio.wav
1173582	2026-06-19 21:16	/home/jacobw/YTchannel/assets/media/prod_83c4bcdfd74f4ab6b9022923f91466d1/pjob_996f58c0251c41a081fe526ea770bf45.diagnostic_audio.wav
1173582	2026-06-19 21:16	/home/jacobw/YTchannel/assets/media/prod_94502a8d336e4515bb8a82fe108b0f51/pjob_d5cef8ea33ff4a12b8134c9149890f92.diagnostic_audio.wav
1173582	2026-06-19 21:17	/home/jacobw/YTchannel/assets/media/prod_94de3c2f416e4092a238de417d9581ac/pjob_e1e11b2a86d548a588ce2b1281913cd4.diagnostic_audio.wav
1173582	2026-06-19 21:17	/home/jacobw/YTchannel/assets/media/prod_a924fa3486b1444d93aa5d4cc34b8732/pjob_62cc2cc40d244747a83a1137fc9073b5.diagnostic_audio.wav
1173582	2026-06-19 21:17	/home/jacobw/YTchannel/assets/media/prod_f38e021ac5a0475bbadc98c0e6c61826/pjob_21bc4a379ee947a881dcdc84e26afd5b.diagnostic_audio.wav
1173582	2026-06-19 21:18	/home/jacobw/YTchannel/assets/media/prod_6254acbe63d449f3b0cc39760144411f/pjob_a3c099dd677d4d898f2ccf7abc7a9200.diagnostic_audio.wav
1173582	2026-06-19 21:27	/home/jacobw/YTchannel/assets/media/prod_d5e48fba1ff44a6a8384fd7e2cd3eba8/pjob_06a3f939a8724bd38cafb871f4910fc2.diagnostic_audio.wav
1173582	2026-06-19 21:28	/home/jacobw/YTchannel/assets/media/prod_47dbf6922ca74f3a897a7370f1a37429/pjob_f51f6271c0f9431595b7c5b8f29b560f.diagnostic_audio.wav
1173582	2026-06-19 21:28	/home/jacobw/YTchannel/assets/media/prod_9c15aac3e4294e0285799583363cbdf1/pjob_b48bd1f634af485a96928fbf8b738723.diagnostic_audio.wav
1173582	2026-06-19 21:28	/home/jacobw/YTchannel/assets/media/prod_bfb0bd597bdb491aa6d87d6bc46c8385/pjob_cb777a366bd742bf82efcf24b750a447.diagnostic_audio.wav
1173582	2026-06-19 21:29	/home/jacobw/YTchannel/assets/media/prod_a6262762cfad4aa29fabefe5804d1701/pjob_b4d4c41d31f84902ac66709afcbdd517.diagnostic_audio.wav
1173582	2026-06-19 23:17	/home/jacobw/YTchannel/assets/media/prod_5e2f54fba2594da49d7297fa437cb28e/pjob_5540c665c9ee470c81bf20632cccc341.diagnostic_audio.wav
1173582	2026-06-19 23:17	/home/jacobw/YTchannel/assets/media/prod_d5c82bb4961241beaedf0fa862fa49e1/pjob_bf21ff939c634d8c8947262dc0cf1ee7.diagnostic_audio.wav
1173582	2026-06-19 23:18	/home/jacobw/YTchannel/assets/media/prod_5f0b2790eb8649269c71f9ec9be90531/pjob_ecb11fb6a12741039abff91ac28e745d.diagnostic_audio.wav
1173582	2026-06-19 23:18	/home/jacobw/YTchannel/assets/media/prod_9b353b76def64e26bc4233e3714a0493/pjob_cc0ce747a1884bfcb990388ab63d4721.diagnostic_audio.wav
1173582	2026-06-19 23:19	/home/jacobw/YTchannel/assets/media/prod_1106b39e5ff94640a6e88d9a6f936053/pjob_79c9c9ac6c294e05ab0172fe5d51de7e.diagnostic_audio.wav
1173582	2026-06-19 23:19	/home/jacobw/YTchannel/assets/media/prod_54c45fdceb774de891daf37331f67a71/pjob_19718e12dd834ab4a92e9e3c5f2359be.diagnostic_audio.wav
1173582	2026-06-19 23:19	/home/jacobw/YTchannel/assets/media/prod_7904a1dbbd50438f8995e168db022647/pjob_f2ac8ca557db445b8c59f81f1e33570e.diagnostic_audio.wav
1173582	2026-06-19 23:20	/home/jacobw/YTchannel/assets/media/prod_00a16f9349194fb3a07cceb67175e173/pjob_e8ad543318614253a1a16f4b76ee0829.diagnostic_audio.wav
1173582	2026-06-19 23:20	/home/jacobw/YTchannel/assets/media/prod_a52daa8d8e6e4143a200f798d43d80c0/pjob_bccdbf29da8a451c873bae7e872df334.diagnostic_audio.wav
1173582	2026-06-19 23:20	/home/jacobw/YTchannel/assets/media/prod_c9d4c9f6e906433f9d0983087e8e1898/pjob_80a135e2eeb947a0adbc7d6ada2e318c.diagnostic_audio.wav
1173582	2026-06-20 00:13	/home/jacobw/YTchannel/assets/media/prod_7c378cef6d6c4d37a5444c35920ac39e/pjob_d421cbef8c15488aba62a90546afe8d3.diagnostic_audio.wav
1173582	2026-06-20 00:14	/home/jacobw/YTchannel/assets/media/prod_8e449e5d698b47098799304beb7e0500/pjob_22536564dcda4b04b6ec48edd0e75aaa.diagnostic_audio.wav
1173582	2026-06-20 00:14	/home/jacobw/YTchannel/assets/media/prod_d52f872d75b64aca99df77efbb741e90/pjob_cb6ec11d687443b681eb03b316584fb4.diagnostic_audio.wav
1173582	2026-06-20 00:15	/home/jacobw/YTchannel/assets/media/prod_26acbfcf2ea149b68b5c617792256dbc/pjob_f8b8f87d82794d839b555f6917fda25e.diagnostic_audio.wav
1173582	2026-06-20 00:15	/home/jacobw/YTchannel/assets/media/prod_9d268e172b7b44f78020ea995d24b679/pjob_898248c2cc3748ad9ead9a5c79332657.diagnostic_audio.wav
1173582	2026-06-20 00:15	/home/jacobw/YTchannel/assets/media/prod_d6c48a4ce7f14ca3835d026d8355734c/pjob_1df527740edf435d95e44746c900fbc5.diagnostic_audio.wav
1173582	2026-06-20 00:16	/home/jacobw/YTchannel/assets/media/prod_094b8ce7e5b94cdbbbb55b1ddb8cb3d4/pjob_4fe453e2f7a54a8b8bef9f1339eb92db.diagnostic_audio.wav
1173582	2026-06-20 00:16	/home/jacobw/YTchannel/assets/media/prod_2174a42e9b8f4e0e947851843209fd51/pjob_c82b3a58da3b42aeb3edc741dccac8ec.diagnostic_audio.wav
1173582	2026-06-20 00:16	/home/jacobw/YTchannel/assets/media/prod_99c5dbdd471a4e2880fc99fd1de4b4e9/pjob_2a5f3168524c443888a26925b9940277.diagnostic_audio.wav
1173582	2026-06-20 00:17	/home/jacobw/YTchannel/assets/media/prod_c3aea06949084ba0922f6f03744c95ac/pjob_bb005cf03e484c809f69253aee9ca9bb.diagnostic_audio.wav
1173582	2026-06-20 09:57	/home/jacobw/YTchannel/assets/media/prod_f0b6aafd5b5b4e348fb18481b56b591b/pjob_3c7fb0f2333a44be978b0c35c3d2c26d.diagnostic_audio.wav
1173582	2026-06-20 10:00	/home/jacobw/YTchannel/assets/media/prod_898b73d50f294f36ba090b717588a470/pjob_28378318551a4dc794f32ebb5d6d259c.diagnostic_audio.wav
1173582	2026-06-20 10:00	/home/jacobw/YTchannel/assets/media/prod_d6b460e9b63c48b48e8870fb954f9afc/pjob_5d22d709a3d342319269f31a701fb232.diagnostic_audio.wav
1173582	2026-06-20 10:01	/home/jacobw/YTchannel/assets/media/prod_2f08276a534a4ee6a1039c7d4615250b/pjob_6f196903a1e84baeb9898b79cb2f2e7a.diagnostic_audio.wav
1173582	2026-06-20 10:01	/home/jacobw/YTchannel/assets/media/prod_52fb1bb14cf044f6ad97a57b27c49fc4/pjob_73b2f704bfd14dd189cbaf2f3a6b4658.diagnostic_audio.wav
1173582	2026-06-20 10:01	/home/jacobw/YTchannel/assets/media/prod_ca6f1bc4b3b240a293d3ab4d7404f320/pjob_067adb9324c445ff9ff4077f310a1dd6.diagnostic_audio.wav
1173582	2026-06-20 10:02	/home/jacobw/YTchannel/assets/media/prod_3ada3609c11b4d0c8c5f075b26faecbc/pjob_8fc5c6005bad46ff9edcdedd8ef3a411.diagnostic_audio.wav
1173582	2026-06-20 10:02	/home/jacobw/YTchannel/assets/media/prod_e8a19a4160c94de089949cef823fa6a0/pjob_811e7ba9ae6b4cefb96e138956c032b1.diagnostic_audio.wav
1173582	2026-06-20 10:03	/home/jacobw/YTchannel/assets/media/prod_17c4be16ef4c471ebe9c1e3f1888287b/pjob_25620a78ac14462aa0a9fcb9d01fb36a.diagnostic_audio.wav
1173582	2026-06-20 10:03	/home/jacobw/YTchannel/assets/media/prod_c1a325cd3ec04112b34a57a58fb0a9e0/pjob_81012cd0574b450a9f5544ecf3da91fc.diagnostic_audio.wav
1173582	2026-06-20 10:04	/home/jacobw/YTchannel/assets/media/prod_02b39d2ba4bb4fb2b16a73a3c1128c41/pjob_3ab61b351ebc4d95896adb81e158685b.diagnostic_audio.wav
1173582	2026-06-20 10:04	/home/jacobw/YTchannel/assets/media/prod_3941980c9d364404ab9f83ba58d2afec/pjob_5cd77d6b4f204fb38f2ce1b1e530bc03.diagnostic_audio.wav
1173582	2026-06-20 10:05	/home/jacobw/YTchannel/assets/media/prod_31258b9077684bdea768d6026d444ad1/pjob_e44582e615424c15903bb88de8c6b89a.diagnostic_audio.wav
1173582	2026-06-20 10:05	/home/jacobw/YTchannel/assets/media/prod_49f6ea7c152140dca5d8e4e4d8ae9c59/pjob_ffc60ba7e9244f10a0e22ebefeadf241.diagnostic_audio.wav
1173582	2026-06-20 10:05	/home/jacobw/YTchannel/assets/media/prod_f50482567652409b9a6ea8d2ef775310/pjob_9f0ceb65a1d5484f9864cfdf8ff082e7.diagnostic_audio.wav
1173582	2026-06-20 10:06	/home/jacobw/YTchannel/assets/media/prod_cb55b73372df4b1a8a2f93908c71d25b/pjob_d21d90198d6a4894833e43b36b8797f9.diagnostic_audio.wav
1173582	2026-06-20 10:06	/home/jacobw/YTchannel/assets/media/prod_fdd465eb2b794d43898fb856f36c5edd/pjob_4118ca7ac24a455d8b0a32cc8a735e45.diagnostic_audio.wav
1173582	2026-06-20 10:07	/home/jacobw/YTchannel/assets/media/prod_04619e1874274aeaa39fcdc383f5306f/pjob_e0d8a178dece4e46b1182ba72bf6bc81.diagnostic_audio.wav
1173582	2026-06-20 10:07	/home/jacobw/YTchannel/assets/media/prod_86ce3ae54bce45ceafa3e47e0200ef54/pjob_391bd704ac5b432a856ac48f4a33de06.diagnostic_audio.wav
1173582	2026-06-20 10:08	/home/jacobw/YTchannel/assets/media/prod_d51bfde573f448bcb45f0b42aa777388/pjob_35cc38f454a745a480c2c674e18db87e.diagnostic_audio.wav
1173582	2026-06-20 10:08	/home/jacobw/YTchannel/assets/media/prod_ec691b02bc17448197ddc8c61fc6531f/pjob_8a15d2aa35d64616bf9acd315f4fe708.diagnostic_audio.wav
1173582	2026-06-20 10:09	/home/jacobw/YTchannel/assets/media/prod_1b9750aadc394d5ab919295214d383ea/pjob_2fddbd8ddc9943b8b55b57a3297f6f5d.diagnostic_audio.wav
1173582	2026-06-20 10:09	/home/jacobw/YTchannel/assets/media/prod_6424e08007e8427380c7338d864381bc/pjob_8bdebef2fd1c411785d5ebc00721fb81.diagnostic_audio.wav
1173582	2026-06-20 10:09	/home/jacobw/YTchannel/assets/media/prod_c29286260b5b4b4eac8e275b1820d9bf/pjob_917bec1f730941eea8efef0a34d6be84.diagnostic_audio.wav
1173582	2026-06-20 10:10	/home/jacobw/YTchannel/assets/media/prod_5d76262e84c64f5d9adc2c91760ff98d/pjob_37180faed297442099945c91ec7da473.diagnostic_audio.wav
1173582	2026-06-20 10:10	/home/jacobw/YTchannel/assets/media/prod_cd0f1bbe731d4852b70fa3bd1f64150d/pjob_cf9a4d9d16524e55b4b70b8624ad8300.diagnostic_audio.wav
1173582	2026-06-20 10:11	/home/jacobw/YTchannel/assets/media/prod_4b0a85c982744c98903eb3d36da2c9ff/pjob_0cff3affe5f24bedbccefe8f3417f7ff.diagnostic_audio.wav
1173582	2026-06-20 10:11	/home/jacobw/YTchannel/assets/media/prod_b89e63b9c8c44e3fbaf3eecb52705b94/pjob_d61bf3dc0f8044e6a3a08d3f689ca2cc.diagnostic_audio.wav
1173582	2026-06-20 10:12	/home/jacobw/YTchannel/assets/media/prod_7a5da6873ec64442aa80aea17dc915eb/pjob_b50a99e180fe46a6812292f068ac9c09.diagnostic_audio.wav
1173582	2026-06-20 10:12	/home/jacobw/YTchannel/assets/media/prod_9b583ac32bf44b1898eab2b6fc309c10/pjob_fe8e90f9425340cf96c93384998559d6.diagnostic_audio.wav
1173582	2026-06-20 10:12	/home/jacobw/YTchannel/assets/media/prod_cc951ede102440579696fc5c531377b6/pjob_fc87caa2771344ffa512931709089a95.diagnostic_audio.wav
1173582	2026-06-20 10:13	/home/jacobw/YTchannel/assets/media/prod_5f4d91cc68e94051aa77410f56005383/pjob_bb163fbfbefc4d0990ef045ec6173444.diagnostic_audio.wav
1173582	2026-06-20 10:13	/home/jacobw/YTchannel/assets/media/prod_f032d4ef2ef846139f772c5f6e032e8e/pjob_24f8968b5be04cc0bcd353190ec03a30.diagnostic_audio.wav
1173582	2026-06-20 10:13	/home/jacobw/YTchannel/assets/media/prod_f18818f435694305b81ab6ac310e5c7f/pjob_f324041950864cacbbab9d298abfda00.diagnostic_audio.wav
1173582	2026-06-20 10:14	/home/jacobw/YTchannel/assets/media/prod_0804e2bca15749f495f0cc7c930d40bc/pjob_ef2fec7bc90a4a0da828eac5d4c40cff.diagnostic_audio.wav
1173582	2026-06-20 10:14	/home/jacobw/YTchannel/assets/media/prod_38c0d49f24ef49ee8aba457814305259/pjob_4909df08d4f5474381233e0d34dbbecd.diagnostic_audio.wav
1173582	2026-06-20 10:38	/home/jacobw/YTchannel/assets/media/prod_a8c740152bac4d15b165b8c6a9cf7d5a/pjob_4f8fb155aa9a467dafd6d50408447679.diagnostic_audio.wav
1173582	2026-06-20 10:39	/home/jacobw/YTchannel/assets/media/prod_90632ecfd28f46faa244a4eff593bec9/pjob_3b32e3f2bd294932bc57d895a4ce26b5.diagnostic_audio.wav
1173582	2026-06-20 10:39	/home/jacobw/YTchannel/assets/media/prod_c7c345f06d9a46caaf7c201b4fd74e04/pjob_f192e9f081cb4a2a8ab2996cbd33723c.diagnostic_audio.wav
1173582	2026-06-20 10:40	/home/jacobw/YTchannel/assets/media/prod_e80d780c4b144127b8802fc92d2785ca/pjob_6ed6c8d5ab484451ab4528cecd8e72a4.diagnostic_audio.wav
1173582	2026-06-20 10:41	/home/jacobw/YTchannel/assets/media/prod_94551e5dbe8049a882735d0bdef67ea3/pjob_9fa8508e8ded40ee965efa976ce3f547.diagnostic_audio.wav
1173582	2026-06-20 10:41	/home/jacobw/YTchannel/assets/media/prod_c5a20a8587c64360bc14b4d54c84b695/pjob_fb2c14dec5b7413bbe0e93f676c0fe39.diagnostic_audio.wav
1173582	2026-06-20 10:42	/home/jacobw/YTchannel/assets/media/prod_6ac42e19946e442f9c7a1d43b743b100/pjob_07f3116ec8a24a44a4b96e143a7284c3.diagnostic_audio.wav
1173582	2026-06-20 10:43	/home/jacobw/YTchannel/assets/media/prod_9826604a2ccf4ac5bfcf51707620beac/pjob_c2169d5a78244dc1a5420a9ecfeb3f31.diagnostic_audio.wav
1173582	2026-06-20 10:43	/home/jacobw/YTchannel/assets/media/prod_a7993b7252754902ac5979e3192cdb2b/pjob_de25c4ee76f34756a418a4f2e993c591.diagnostic_audio.wav
1173582	2026-06-20 10:44	/home/jacobw/YTchannel/assets/media/prod_0fd8e1355cb94f11825ca38e39095021/pjob_99ab92e2e0ca403d9800bd1124ff6746.diagnostic_audio.wav
1173582	2026-06-20 10:44	/home/jacobw/YTchannel/assets/media/prod_6dd1cf431aee4373a2f5191f6fd15a6c/pjob_80c8d5d0b14c4244a6c930ab6569821b.diagnostic_audio.wav
1173582	2026-06-20 10:44	/home/jacobw/YTchannel/assets/media/prod_911b51c63bbb4b7ab66595660a5f5a51/pjob_d41c077aa4fe47f4ac0443e635b7594d.diagnostic_audio.wav
1173582	2026-06-20 10:45	/home/jacobw/YTchannel/assets/media/prod_60173d0a5f5040a8ada01b707150e901/pjob_827cc3d7b9694efaae6dacdc55ba8fa6.diagnostic_audio.wav
1173582	2026-06-20 10:45	/home/jacobw/YTchannel/assets/media/prod_a31dcee0fe1e45bd995667659747b9c9/pjob_f49b339574bf4e3c8ca8677943cbdb0e.diagnostic_audio.wav
1173582	2026-06-20 10:45	/home/jacobw/YTchannel/assets/media/prod_da141984e2c1468fa671887b59534a15/pjob_c1bd31033c054013a2829fe283fd56f8.diagnostic_audio.wav
1173582	2026-06-20 10:46	/home/jacobw/YTchannel/assets/media/prod_362899a8e0184293821c283e744569e4/pjob_ff5c659550f044209157b620af9719ae.diagnostic_audio.wav
1173582	2026-06-20 12:04	/home/jacobw/YTchannel/assets/media/prod_a2efa550033a45d09494911825d0fe89/pjob_e4948d9dbac349b889ac7236fec03566.diagnostic_audio.wav
1173582	2026-06-20 12:04	/home/jacobw/YTchannel/assets/media/prod_df9c339a75ab407698f3f248ce61eea6/pjob_96213fd87ee6452ca41401a30d5751b6.diagnostic_audio.wav
1173582	2026-06-20 12:04	/home/jacobw/YTchannel/assets/media/prod_e4281e8aacac41a38a5be20b563a1830/pjob_fff54be95a2e40ee8b4bff6f029fa2c1.diagnostic_audio.wav
1173582	2026-06-20 12:06	/home/jacobw/YTchannel/assets/media/prod_1780cd0901504cfba60e538f691512cc/pjob_d1288b955cbb4af9aa74a8a4248648f7.diagnostic_audio.wav
1173582	2026-06-20 12:06	/home/jacobw/YTchannel/assets/media/prod_80a26baed9e34550afb1e5eb05906205/pjob_788bd423630744b6957bda7a72c682fe.diagnostic_audio.wav
1173582	2026-06-20 12:07	/home/jacobw/YTchannel/assets/media/prod_17a746d6f26c41df9266007a05d79f5c/pjob_f42d41cac9a44834aec829414a7259de.diagnostic_audio.wav
1173582	2026-06-20 12:07	/home/jacobw/YTchannel/assets/media/prod_4445fd9ec6e0445d8d0004c9c332d933/pjob_476f793443da45539bd93f84cee13e7a.diagnostic_audio.wav
1173582	2026-06-20 12:07	/home/jacobw/YTchannel/assets/media/prod_6d7fbfbbfd684448858074c34198a86a/pjob_a03bde7cb3244cf3be8a49b6bbd04f0d.diagnostic_audio.wav
1173582	2026-06-20 12:08	/home/jacobw/YTchannel/assets/media/prod_4314c88a63e94af1a460b15899ca769b/pjob_d15281eec37042e78656bad8dd7495fc.diagnostic_audio.wav
1173582	2026-06-20 12:08	/home/jacobw/YTchannel/assets/media/prod_680328eb51324863be73943f7078ffea/pjob_4a79fe36c5be4e79b5b4c315b14adb62.diagnostic_audio.wav
1173582	2026-06-20 12:08	/home/jacobw/YTchannel/assets/media/prod_b64ebbede17f4475b053203e9ab18771/pjob_9d1432ec9794433a940d1305f530e249.diagnostic_audio.wav
1173582	2026-06-20 12:09	/home/jacobw/YTchannel/assets/media/prod_64eac0c0570f40dc947fc9e444c16fd3/pjob_d44b4f2bf0c64f1cad363c5340fb8021.diagnostic_audio.wav
1173582	2026-06-20 12:09	/home/jacobw/YTchannel/assets/media/prod_bbb4d7e99e6e44cd88fe2466a7988088/pjob_2d26c6f58dd2427d945f5649a4e6df97.diagnostic_audio.wav
1173582	2026-06-20 12:25	/home/jacobw/YTchannel/assets/media/prod_78a90ab5ed2f4c8494d2b1f6d98e868b/pjob_40c48b2a04ad483d8260b79c22fa7d03.diagnostic_audio.wav
1173582	2026-06-20 12:25	/home/jacobw/YTchannel/assets/media/prod_e4fc11f9b5024c1da36c6511716345e4/pjob_066a367ba8f749619a9f6c2808d692da.diagnostic_audio.wav
1173582	2026-06-20 12:26	/home/jacobw/YTchannel/assets/media/prod_e0083fb871f64b79a34f53829908cb38/pjob_4b9753bc83a44342b9ed01bdaa156890.diagnostic_audio.wav
1173582	2026-06-20 12:27	/home/jacobw/YTchannel/assets/media/prod_3e63a337a5d34874a30e9aebdc9dc53c/pjob_a3f4b7a1c8604a3ab37202aaeda88305.diagnostic_audio.wav
1173582	2026-06-20 12:27	/home/jacobw/YTchannel/assets/media/prod_c871f6e8cb29428588407d92a54c4325/pjob_3910e9a41ba74e828adf032505a73c1d.diagnostic_audio.wav
1173582	2026-06-20 12:28	/home/jacobw/YTchannel/assets/media/prod_2a6ed34648384a0cb800c0a146691f1c/pjob_8f2b9151101243baa1a97e0f8a323cc4.diagnostic_audio.wav
1173582	2026-06-20 12:28	/home/jacobw/YTchannel/assets/media/prod_2fdf2a5989b545d7be58210ebc969e29/pjob_7fe72c5ceb9a47e69e70827a7dc1ed41.diagnostic_audio.wav
1173582	2026-06-20 12:28	/home/jacobw/YTchannel/assets/media/prod_548bda61e4824121850c96283fdb50eb/pjob_f45191c8868546eea89f38b93bc23739.diagnostic_audio.wav
1173582	2026-06-20 12:29	/home/jacobw/YTchannel/assets/media/prod_66fc5dfe045b460ca4cea6ff942bedf0/pjob_8e14bdd12a9b4c4b99b309bcc9131722.diagnostic_audio.wav
1173582	2026-06-20 12:29	/home/jacobw/YTchannel/assets/media/prod_f7c5f307c90e41838de499c176535f34/pjob_69320f6c1be24a478360d6c5eea21444.diagnostic_audio.wav
1173582	2026-06-20 12:30	/home/jacobw/YTchannel/assets/media/prod_846945b9b913479782cf925eec47033d/pjob_c60217adacf947409140ebbea47f07cd.diagnostic_audio.wav
1173582	2026-06-20 12:30	/home/jacobw/YTchannel/assets/media/prod_d25c3a3d8a4748e684de4becc2884194/pjob_39103f27bc054fec841802f2b2843798.diagnostic_audio.wav
1173582	2026-06-20 12:30	/home/jacobw/YTchannel/assets/media/prod_e72b81c82300492dbb5c5c0d3578984f/pjob_bb50b0d573934fb49790febc405e2669.diagnostic_audio.wav
1173582	2026-06-20 12:56	/home/jacobw/YTchannel/assets/media/prod_47344dad39a9461fb015c28bc0b15b82/pjob_7b328cca71bd45e3954a4f623fddb264.diagnostic_audio.wav
1173582	2026-06-20 13:04	/home/jacobw/YTchannel/assets/media/prod_f74962c0f308432c9e3a3df3422c0a4e/pjob_576c1f44015749bfb654e31247f8aec0.diagnostic_audio.wav
1173582	2026-06-20 13:05	/home/jacobw/YTchannel/assets/media/prod_613f20d7ca5e4c61ae50c0f3714ebe5d/pjob_18342a2b083f4f7b9cfa58dc338860d6.diagnostic_audio.wav
1173582	2026-06-20 13:06	/home/jacobw/YTchannel/assets/media/prod_3ee3bde01ba44234b683c407bbec84b0/pjob_e1d564fd312c48c5b6cbc89dac5536f0.diagnostic_audio.wav
1173582	2026-06-20 13:07	/home/jacobw/YTchannel/assets/media/prod_a66c3866b0ad4d9fa34539adac92824b/pjob_59fcd674d32e42858542eb2d9d74c630.diagnostic_audio.wav
1173582	2026-06-20 13:08	/home/jacobw/YTchannel/assets/media/prod_eacebca84f98469b9f339158a6997200/pjob_ab9c5cb16aeb4a52aeaa1bf58c041149.diagnostic_audio.wav
1173582	2026-06-20 13:09	/home/jacobw/YTchannel/assets/media/prod_543ef8b9f6d54a65bcdb2a5558208411/pjob_3be2395c858a4debbdbcf79a455fab51.diagnostic_audio.wav
1173582	2026-06-20 13:09	/home/jacobw/YTchannel/assets/media/prod_d0032e0ec4cb41e5a30db42e51d951ed/pjob_f602a90afe004f6db5bf72d8eeb0b0db.diagnostic_audio.wav
1173582	2026-06-20 13:10	/home/jacobw/YTchannel/assets/media/prod_b4dd6920a010465d83d9e9a670c8e3a5/pjob_0941534d17974f888cdf2baed5a6f0c9.diagnostic_audio.wav
1173582	2026-06-20 13:11	/home/jacobw/YTchannel/assets/media/prod_743aa1bbb80349fe9463274cd09b464f/pjob_7a5df1c456d44638893e1296fc425d6a.diagnostic_audio.wav
1173582	2026-06-20 13:12	/home/jacobw/YTchannel/assets/media/prod_4c152e14e7ef4343be77cf98c1057cdf/pjob_a243728de78f428bbebe001abef0978d.diagnostic_audio.wav
1173582	2026-06-20 13:13	/home/jacobw/YTchannel/assets/media/prod_2fbe3db0fa134b94905280db0277b2b2/pjob_9e32b633eb6e4ac89ab57c73a104e9e8.diagnostic_audio.wav
1173582	2026-06-20 13:47	/home/jacobw/YTchannel/assets/media/prod_844aabba0a7b40f38da9f5582abbe737/pjob_16a4e1c12ce24d53a68b0912728d8e04.diagnostic_audio.wav
1173582	2026-06-20 13:48	/home/jacobw/YTchannel/assets/media/prod_d601b7a549e9486ca3e76fb9786f3f24/pjob_68056aba835649fcbffb6e8c384f651a.diagnostic_audio.wav
1173582	2026-06-20 13:49	/home/jacobw/YTchannel/assets/media/prod_4070e06189014e27b92d053049a026b1/pjob_23f4357be61c483697daa62875ec71e7.diagnostic_audio.wav
1173582	2026-06-20 13:50	/home/jacobw/YTchannel/assets/media/prod_49f0294ae49946b98130df95402448d2/pjob_513c94ff1ed94ab38b0b8964ac0ab381.diagnostic_audio.wav
1173582	2026-06-20 13:51	/home/jacobw/YTchannel/assets/media/prod_c335847ae57847308e7f837a0abee796/pjob_1673c8f62213432c8720fac8cd99e9bf.diagnostic_audio.wav
1173582	2026-06-20 13:51	/home/jacobw/YTchannel/assets/media/prod_d8c33097802b4f0fbee88506ac1e82c5/pjob_d1ccb5c354c64c3985653bbebed637e7.diagnostic_audio.wav
1173582	2026-06-20 13:52	/home/jacobw/YTchannel/assets/media/prod_433ccccbbd6146d8ba7e9c04ae1ffff9/pjob_62e0019b32a5423fa8cc5c9a6abc5630.diagnostic_audio.wav
1173582	2026-06-20 13:53	/home/jacobw/YTchannel/assets/media/prod_7ffdd61bb45a4541860f39926d7f025e/pjob_e34a88a2095941f99253faf766d48406.diagnostic_audio.wav
1173582	2026-06-20 13:54	/home/jacobw/YTchannel/assets/media/prod_df86c74be45f454fa617c5d8b8c72154/pjob_3b29bd26fbc84c3a95e06226ae20fc40.diagnostic_audio.wav
1173582	2026-06-20 13:55	/home/jacobw/YTchannel/assets/media/prod_941c27d2efb84c87a4032a7095a42e96/pjob_e9e318c8af2b490ba3d879fbbe196c29.diagnostic_audio.wav
1173582	2026-06-20 13:56	/home/jacobw/YTchannel/assets/media/prod_0d486b7c062a47e6bf9204c407e1c4c3/pjob_dd454c7e05da4b5c9004e0544cada05e.diagnostic_audio.wav
1173582	2026-06-20 16:56	/home/jacobw/YTchannel/assets/media/prod_003f2541c79649c6a4cd03eb9c005b34/pjob_fbf6597e7da14c9b8d01f51268e615b9.diagnostic_audio.wav
1173582	2026-06-20 16:57	/home/jacobw/YTchannel/assets/media/prod_2bb86b48ae3d44cdaa4878c31571305b/pjob_522f5088d33f4ce9b440b052521f68d8.diagnostic_audio.wav
1173582	2026-06-20 16:58	/home/jacobw/YTchannel/assets/media/prod_3ee5770219344df78cbb224b8665914b/pjob_cbd8d607f1ce4a139a8aa5b18ed9af39.diagnostic_audio.wav
1173582	2026-06-20 16:59	/home/jacobw/YTchannel/assets/media/prod_39e34cd0d4674c088eddde67100a6be4/pjob_2bf5c4694e484d50b4376e6ee93c0dc0.diagnostic_audio.wav
1173582	2026-06-20 17:00	/home/jacobw/YTchannel/assets/media/prod_020e53e741734588ba55978db1534b68/pjob_e205465d7af14b3e87d577370bac6374.diagnostic_audio.wav
1173582	2026-06-20 17:00	/home/jacobw/YTchannel/assets/media/prod_4f9fc1716dc94c5ba1d05843f9e72e58/pjob_74a0b4b167e14989b4a7bd966616166c.diagnostic_audio.wav
1173582	2026-06-20 20:55	/home/jacobw/YTchannel/assets/media/prod_9767dee9166f4101ad9eaed95dab77fe/pjob_1b40928d8bd2488db5e151409c694f6d.diagnostic_audio.wav
1173582	2026-06-20 20:55	/home/jacobw/YTchannel/assets/media/prod_a5fb9c3226374d3d89fc6757c5551488/pjob_235c6c5318834731a776fe442205d9c7.diagnostic_audio.wav
1173582	2026-06-20 20:55	/home/jacobw/YTchannel/assets/media/prod_d0feb04e88ca4acf9f6a194b0c23a85e/pjob_33b4b64711464747a46ce87330c9a7ee.diagnostic_audio.wav
1173582	2026-06-20 20:56	/home/jacobw/YTchannel/assets/media/prod_2832c329f05a4ca0a7c34cf4993a1052/pjob_7ea57ec6b30440a38f68f60023931b76.diagnostic_audio.wav
1173582	2026-06-20 20:56	/home/jacobw/YTchannel/assets/media/prod_5bc7e49f323f41a1830cdaa7348a2255/pjob_579a273e63674e76946bc8d67805e27f.diagnostic_audio.wav
1173582	2026-06-20 20:56	/home/jacobw/YTchannel/assets/media/prod_7cdbc5f95cce470ca99981ccfd6f82ce/pjob_438ae7a5271845ba8a44b868ab8ace68.diagnostic_audio.wav
1173582	2026-06-20 20:56	/home/jacobw/YTchannel/assets/media/prod_c90d1788aabf40e4b32d04175a8703dc/pjob_0b7dba3f69e74633b22ca2a968c32ffe.diagnostic_audio.wav
1173582	2026-06-20 21:02	/home/jacobw/YTchannel/assets/media/prod_08582b0e66e24c3abc08a5e8fb8aec41/pjob_49e36dc5a4634db0878e19db4f3e0814.diagnostic_audio.wav
1173582	2026-06-20 21:02	/home/jacobw/YTchannel/assets/media/prod_3ecba6bb20e24ee3a9e8f40d669fcf40/pjob_4a06911c6f1a47d6861fdce6e55aa6ed.diagnostic_audio.wav
1173582	2026-06-20 21:02	/home/jacobw/YTchannel/assets/media/prod_447485ad16cd4ad58767b41d5bdef23a/pjob_b246b72e5fe64bcd8f29eb7f08d1cec4.diagnostic_audio.wav
1173582	2026-06-20 21:02	/home/jacobw/YTchannel/assets/media/prod_55dc9889c755422e90062b653b3dbff0/pjob_59c52cad9fee41ae879b660651245931.diagnostic_audio.wav
1173582	2026-06-20 21:02	/home/jacobw/YTchannel/assets/media/prod_f9c17e979ba74766819ad6d2df427232/pjob_b479fd643f4340408587f2b29379ed69.diagnostic_audio.wav
1173582	2026-06-20 21:03	/home/jacobw/YTchannel/assets/media/prod_47e53a56d61041b0b5b84465cc3a4c6a/pjob_9e8f34b9f34044ebabbc8580e58f26e6.diagnostic_audio.wav
1173582	2026-06-20 21:03	/home/jacobw/YTchannel/assets/media/prod_6d96cd4bcbd7406285a26b99aa4fceba/pjob_77da98d6e3e54ff990a88bc5beff8890.diagnostic_audio.wav
1173582	2026-06-20 21:08	/home/jacobw/YTchannel/assets/media/prod_077f1f05e6424381b054fadfc3d08a78/pjob_a067045843364b53a450c80f8c893240.diagnostic_audio.wav
1179028	2026-06-09 08:56	/home/jacobw/YTchannel/assets/media/james_teaser_02/008_cta.mp4
1193784	2026-06-13 01:15	/home/jacobw/YTchannel/assets/media/008_ai_layer/B077.mp4
1257300	2026-06-20 19:34	/home/jacobw/YTchannel/assets/media/prod_58eba01e58fd43939feb518711a49576/pjob_6affe7bf415c41a1babc2ca1bdd461f5.diagnostic_audio.wav
1257300	2026-06-20 19:34	/home/jacobw/YTchannel/assets/media/prod_58eba01e58fd43939feb518711a49576/pjob_f17db43fc779427b8eabd67d56e14b16.diagnostic_audio.wav
1257300	2026-06-20 21:25	/home/jacobw/YTchannel/assets/media/prod_58eba01e58fd43939feb518711a49576/pjob_78fb305f60c24399b8f6a2075c3fd2f4.diagnostic_audio.wav
1257300	2026-06-20 21:38	/home/jacobw/YTchannel/assets/media/prod_58eba01e58fd43939feb518711a49576/pjob_bedae78cd63e41d3bededaf93016d599.diagnostic_audio.wav
1304404	2026-06-16 12:06	/home/jacobw/YTchannel/assets/media/using_ai_to_help_memory_retention_short/004_takeaway_cta/B009_B009-s4.mp4
1306684	2026-06-13 00:13	/home/jacobw/YTchannel/assets/media/004_wrong_approach/B024.mp4
1342433	2026-06-14 23:00	/home/jacobw/YTchannel/assets/media/003_proof/B005c.mp4
1348694	2026-06-20 19:34	/home/jacobw/YTchannel/assets/media/prod_58eba01e58fd43939feb518711a49576/pjob_c9a92e038d2648688e58dab2b6c964b8.diagnostic_audio.wav
1348694	2026-06-20 19:42	/home/jacobw/YTchannel/assets/media/prod_58eba01e58fd43939feb518711a49576/pjob_941080a7973f473393df1eb23160a03d.diagnostic_audio.wav
1353152	2026-06-20 21:42	/home/jacobw/YTchannel/assets/media/prod_58eba01e58fd43939feb518711a49576/pjob_2768a3c097c94060a82d91d0f217bf8c.diagnostic_audio.wav
1353152	2026-06-20 21:50	/home/jacobw/YTchannel/assets/media/prod_58eba01e58fd43939feb518711a49576/pjob_892ee2b7d2844c6d8857f2c78d0ee5ad.diagnostic_audio.wav
1353152	2026-06-20 21:54	/home/jacobw/YTchannel/assets/media/prod_58eba01e58fd43939feb518711a49576/pjob_96faa0d839c84b48a65b5d8addf0c954.diagnostic_audio.wav
1353152	2026-06-20 21:58	/home/jacobw/YTchannel/assets/media/prod_58eba01e58fd43939feb518711a49576/pjob_1d3a61ab3def4a7dbacb76e911c4085a.diagnostic_audio.wav
1357717	2026-06-16 09:30	/home/jacobw/YTchannel/assets/media/using_ai_to_help_memory_retention_short/004_takeaway_cta/B009_B009-s3.mp4
1361688	2026-06-14 23:22	/home/jacobw/YTchannel/assets/media/004_takeaway/B008b.mp4
1368027	2026-06-16 09:16	/home/jacobw/YTchannel/assets/media/using_ai_to_help_memory_retention_short/003_flip/B008c.mp4
1369115	2026-06-13 01:30	/home/jacobw/YTchannel/assets/media/008_ai_layer/B083.mp4
1373699	2026-06-13 01:07	/home/jacobw/YTchannel/assets/media/008_ai_layer/B065.mp4
1419987	2026-06-14 22:30	/home/jacobw/YTchannel/assets/media/001_hook/B001b.mp4
1428741	2026-06-09 15:49	/home/jacobw/YTchannel/assets/media/james_teaser_02/006_audience_shot01.mp4
1436446	2026-06-16 08:49	/home/jacobw/YTchannel/assets/media/using_ai_to_help_memory_retention_short/001_hook/B002.mp4
1463925	2026-06-16 09:20	/home/jacobw/YTchannel/assets/media/using_ai_to_help_memory_retention_short/004_takeaway_cta/B009_B009-s0.mp4
1526416	2026-06-13 21:07	/home/jacobw/YTchannel/assets/media/003_realcost/B006.mp4
1540967	2026-06-16 09:27	/home/jacobw/YTchannel/assets/media/using_ai_to_help_memory_retention_short/004_takeaway_cta/B009_B009-s2.mp4
1550153	2026-06-16 09:24	/home/jacobw/YTchannel/assets/media/using_ai_to_help_memory_retention_short/004_takeaway_cta/B009_B009-s1.mp4
1565434	2026-06-12 10:09	/home/jacobw/YTchannel/assets/media/flagship_001/001_hook.mp4
1582719	2026-06-16 08:53	/home/jacobw/YTchannel/assets/media/using_ai_to_help_memory_retention_short/002_proof/B004.mp4
1584337	2026-06-14 23:14	/home/jacobw/YTchannel/assets/media/003_proof/B007b.mp4
1616407	2026-06-15 13:32	/home/jacobw/YTchannel/assets/media/how_to_use_ai_to_better_organize_your_de_short/003_takeaway/B010.mp4
1649375	2026-06-14 23:26	/home/jacobw/YTchannel/assets/media/004_takeaway/B010.mp4
1769553	2026-06-09 00:22	/home/jacobw/YTchannel/assets/media/james_teaser/007_promise.mp4
1795588	2026-06-13 01:47	/home/jacobw/YTchannel/assets/media/009_cta/B093.mp4
1823796	2026-06-14 09:17	/home/jacobw/YTchannel/assets/media/002_proof/B004.mp4
1826071	2026-06-09 14:25	/home/jacobw/YTchannel/assets/media/james_teaser_02/002_background_shot01.mp4
1912803	2026-06-09 08:45	/home/jacobw/YTchannel/assets/media/james_teaser_02/005_give_back.mp4
1945793	2026-06-20 21:03	/home/jacobw/YTchannel/assets/media/proj01/S01/B001.mp4
1945793	2026-06-20 21:03	/home/jacobw/YTchannel/assets/media/proj01/S01/B005.mp4
1956078	2026-06-20 19:41	/home/jacobw/YTchannel/assets/media/prod_58eba01e58fd43939feb518711a49576/pjob_dd3e79ed8bc54b3f88e63e952613ce1e.mp4
1956997	2026-06-09 15:57	/home/jacobw/YTchannel/assets/media/james_teaser_02/006_audience_shot02.mp4
2001187	2026-06-20 19:42	/home/jacobw/YTchannel/assets/media/prod_58eba01e58fd43939feb518711a49576/pjob_c3d1c9ad4add4e62b91e31ef6a08c764.mp4
2031230	2026-06-20 19:34	/home/jacobw/YTchannel/assets/media/prod_58eba01e58fd43939feb518711a49576/pjob_f17db43fc779427b8eabd67d56e14b16.mp4
2062224	2026-06-15 01:32	/home/jacobw/YTchannel/assets/media/005_cta/B011b.mp4
2066324	2026-06-13 01:44	/home/jacobw/YTchannel/assets/media/009_cta/B091.mp4
2107531	2026-06-13 21:08	/home/jacobw/YTchannel/assets/media/004_cta/B007.mp4
2168674	2026-06-20 21:38	/home/jacobw/YTchannel/assets/media/prod_58eba01e58fd43939feb518711a49576/pjob_bedae78cd63e41d3bededaf93016d599.mp4
2184388	2026-06-20 19:41	/home/jacobw/YTchannel/assets/media/prod_58eba01e58fd43939feb518711a49576/pjob_9daf37c4df45442bb796e9922130d57c.mp4
2185928	2026-06-15 13:29	/home/jacobw/YTchannel/assets/media/how_to_use_ai_to_better_organize_your_de_short/003_takeaway/B008.mp4
2190660	2026-06-20 21:25	/home/jacobw/YTchannel/assets/media/prod_58eba01e58fd43939feb518711a49576/pjob_78fb305f60c24399b8f6a2075c3fd2f4.mp4
2229725	2026-06-20 19:34	/home/jacobw/YTchannel/assets/media/prod_58eba01e58fd43939feb518711a49576/pjob_6affe7bf415c41a1babc2ca1bdd461f5.mp4
2240331	2026-06-13 00:06	/home/jacobw/YTchannel/assets/media/004_wrong_approach/B019.mp4
2243865	2026-06-14 22:26	/home/jacobw/YTchannel/assets/media/001_hook/B001a.mp4
2266376	2026-06-20 21:58	/home/jacobw/YTchannel/assets/media/prod_58eba01e58fd43939feb518711a49576/pjob_1d3a61ab3def4a7dbacb76e911c4085a.mp4
2285380	2026-06-09 08:35	/home/jacobw/YTchannel/assets/media/james_teaser_02/003_pattern.mp4
2301315	2026-06-20 21:50	/home/jacobw/YTchannel/assets/media/prod_58eba01e58fd43939feb518711a49576/pjob_892ee2b7d2844c6d8857f2c78d0ee5ad.mp4
2368864	2026-06-16 09:06	/home/jacobw/YTchannel/assets/media/using_ai_to_help_memory_retention_short/003_flip/B008a.mp4
2373258	2026-06-20 21:42	/home/jacobw/YTchannel/assets/media/prod_58eba01e58fd43939feb518711a49576/pjob_2768a3c097c94060a82d91d0f217bf8c.mp4
2380903	2026-06-09 08:51	/home/jacobw/YTchannel/assets/media/james_teaser_02/007_promise.mp4
2401962	2026-06-20 21:54	/home/jacobw/YTchannel/assets/media/prod_58eba01e58fd43939feb518711a49576/pjob_96faa0d839c84b48a65b5d8addf0c954.mp4
2436354	2026-06-09 15:20	/home/jacobw/YTchannel/assets/media/james_teaser_02/002_background_shot02.mp4
2447739	2026-06-15 13:41	/home/jacobw/YTchannel/assets/media/how_to_use_ai_to_better_organize_your_de_short/004_cta/B011b.mp4
2503467	2026-06-11 09:50	/home/jacobw/YTchannel/assets/media/flagship_001/shots/003_biology_009.mp4
2513586	2026-06-11 13:15	/home/jacobw/YTchannel/assets/media/flagship_001/shots/009_cta_004.mp4
2518200	2026-06-12 23:48	/home/jacobw/YTchannel/assets/media/003_biology/B011.mp4
2563944	2026-06-11 12:03	/home/jacobw/YTchannel/assets/media/flagship_001/shots/007_contextual_bridging_000.mp4
2580846	2026-06-09 00:21	/home/jacobw/YTchannel/assets/media/james_teaser/006_audience.mp4
2581166	2026-06-11 13:10	/home/jacobw/YTchannel/assets/media/flagship_001/shots/009_cta_000.mp4
2587583	2026-06-11 11:51	/home/jacobw/YTchannel/assets/media/flagship_001/shots/006_productive_friction_009.mp4
2596187	2026-06-11 13:11	/home/jacobw/YTchannel/assets/media/flagship_001/shots/009_cta_001.mp4
2598772	2026-06-13 00:06	/home/jacobw/YTchannel/assets/media/004_wrong_approach/B020.mp4
2616060	2026-06-11 13:24	/home/jacobw/YTchannel/assets/media/flagship_001/shots/009_cta_012.mp4
2618494	2026-06-14 22:57	/home/jacobw/YTchannel/assets/media/003_proof/B005b.mp4
2622158	2026-06-13 01:25	/home/jacobw/YTchannel/assets/media/008_ai_layer/B081.mp4
2629608	2026-06-11 09:35	/home/jacobw/YTchannel/assets/media/flagship_001/shots/002_promise_000.mp4
2633304	2026-06-13 14:38	/home/jacobw/YTchannel/assets/media/001_hook/B002.mp4
2640417	2026-06-11 12:00	/home/jacobw/YTchannel/assets/media/flagship_001/shots/006_productive_friction_016.mp4
2647272	2026-06-11 11:44	/home/jacobw/YTchannel/assets/media/flagship_001/shots/006_productive_friction_004.mp4
2648111	2026-06-15 13:02	/home/jacobw/YTchannel/assets/media/how_to_use_ai_to_better_organize_your_de_short/001_hook/B002.mp4
2659062	2026-06-11 12:27	/home/jacobw/YTchannel/assets/media/flagship_001/shots/008_ai_layer_004.mp4
2677659	2026-06-11 13:04	/home/jacobw/YTchannel/assets/media/flagship_001/shots/008_ai_layer_036.mp4
2678323	2026-06-11 12:23	/home/jacobw/YTchannel/assets/media/flagship_001/shots/008_ai_layer_000.mp4
2686246	2026-06-11 13:16	/home/jacobw/YTchannel/assets/media/flagship_001/shots/009_cta_005.mp4
2689762	2026-06-11 12:41	/home/jacobw/YTchannel/assets/media/flagship_001/shots/008_ai_layer_016.mp4
2710343	2026-06-11 12:33	/home/jacobw/YTchannel/assets/media/flagship_001/shots/008_ai_layer_009.mp4
2713160	2026-06-11 11:09	/home/jacobw/YTchannel/assets/media/flagship_001/shots/004_wrong_approach_016.mp4
2726372	2026-06-11 12:56	/home/jacobw/YTchannel/assets/media/flagship_001/shots/008_ai_layer_029.mp4
2732523	2026-06-09 10:22	/home/jacobw/YTchannel/assets/media/james_teaser_02/006_audience.mp4
2739867	2026-06-16 12:02	/home/jacobw/YTchannel/assets/media/using_ai_to_help_memory_retention_short/003_flip/B007_B007-s2.mp4
2744750	2026-06-11 11:21	/home/jacobw/YTchannel/assets/media/flagship_001/shots/005_layered_encoding_005.mp4
2745017	2026-06-11 12:45	/home/jacobw/YTchannel/assets/media/flagship_001/shots/008_ai_layer_020.mp4
2745386	2026-06-11 13:00	/home/jacobw/YTchannel/assets/media/flagship_001/shots/008_ai_layer_033.mp4
2748431	2026-06-11 09:49	/home/jacobw/YTchannel/assets/media/flagship_001/shots/003_biology_008.mp4
2757648	2026-06-11 09:54	/home/jacobw/YTchannel/assets/media/flagship_001/shots/003_biology_012.mp4
2764217	2026-06-14 09:32	/home/jacobw/YTchannel/assets/media/004_takeaway_cta/B009.mp4
2768618	2026-06-11 12:16	/home/jacobw/YTchannel/assets/media/flagship_001/shots/007_contextual_bridging_012.mp4
2769146	2026-06-16 08:58	/home/jacobw/YTchannel/assets/media/using_ai_to_help_memory_retention_short/003_flip/B006.mp4
2778813	2026-06-14 09:24	/home/jacobw/YTchannel/assets/media/003_flip/B007.mp4
2785614	2026-06-14 22:34	/home/jacobw/YTchannel/assets/media/002_implication/B003_B003-s0.mp4
2797159	2026-06-11 13:20	/home/jacobw/YTchannel/assets/media/flagship_001/shots/009_cta_008.mp4
2801614	2026-06-13 00:34	/home/jacobw/YTchannel/assets/media/006_productive_friction/B038.mp4
2801626	2026-06-11 11:39	/home/jacobw/YTchannel/assets/media/flagship_001/shots/006_productive_friction_000.mp4
2802444	2026-06-11 11:34	/home/jacobw/YTchannel/assets/media/flagship_001/shots/005_layered_encoding_014.mp4
2808462	2026-06-11 12:43	/home/jacobw/YTchannel/assets/media/flagship_001/shots/008_ai_layer_018.mp4
2811130	2026-06-11 09:41	/home/jacobw/YTchannel/assets/media/flagship_001/shots/003_biology_001.mp4
2811595	2026-06-09 08:29	/home/jacobw/YTchannel/assets/media/james_teaser_02/001_hook.mp4
2815347	2026-06-11 10:03	/home/jacobw/YTchannel/assets/media/flagship_001/shots/004_wrong_approach_004.mp4
2820040	2026-06-11 09:40	/home/jacobw/YTchannel/assets/media/flagship_001/shots/003_biology_000.mp4
2820770	2026-06-11 11:31	/home/jacobw/YTchannel/assets/media/flagship_001/shots/005_layered_encoding_012.mp4
2825699	2026-06-09 15:39	/home/jacobw/YTchannel/assets/media/james_teaser_02/004_system.mp4
2826038	2026-06-11 12:12	/home/jacobw/YTchannel/assets/media/flagship_001/shots/007_contextual_bridging_008.mp4
2833459	2026-06-14 23:09	/home/jacobw/YTchannel/assets/media/003_proof/B007a.mp4
2840054	2026-06-11 12:40	/home/jacobw/YTchannel/assets/media/flagship_001/shots/008_ai_layer_015.mp4
2840412	2026-06-11 12:50	/home/jacobw/YTchannel/assets/media/flagship_001/shots/008_ai_layer_024.mp4
2842694	2026-06-11 11:56	/home/jacobw/YTchannel/assets/media/flagship_001/shots/006_productive_friction_013.mp4
2865391	2026-06-11 09:37	/home/jacobw/YTchannel/assets/media/flagship_001/shots/002_promise_002.mp4
2870265	2026-06-11 11:49	/home/jacobw/YTchannel/assets/media/flagship_001/shots/006_productive_friction_008.mp4
2876279	2026-06-13 01:00	/home/jacobw/YTchannel/assets/media/007_contextual_bridging/B053.mp4
2877477	2026-06-11 12:32	/home/jacobw/YTchannel/assets/media/flagship_001/shots/008_ai_layer_008.mp4
2880459	2026-06-11 09:36	/home/jacobw/YTchannel/assets/media/flagship_001/shots/002_promise_001.mp4
2892552	2026-06-14 23:18	/home/jacobw/YTchannel/assets/media/004_takeaway/B008a.mp4
2892923	2026-06-11 12:39	/home/jacobw/YTchannel/assets/media/flagship_001/shots/008_ai_layer_014.mp4
2894972	2026-06-10 19:16	/home/jacobw/YTchannel/assets/media/archive/_voicetest/vlock_v1_lineA.mp4
2902211	2026-06-10 19:16	/home/jacobw/YTchannel/assets/media/archive/_voicetest/vlock_v3_lineB.mp4
2907485	2026-06-11 09:56	/home/jacobw/YTchannel/assets/media/flagship_001/shots/003_biology_014.mp4
2934753	2026-06-11 13:06	/home/jacobw/YTchannel/assets/media/flagship_001/shots/008_ai_layer_038.mp4
2941339	2026-06-11 12:59	/home/jacobw/YTchannel/assets/media/flagship_001/shots/008_ai_layer_032.mp4
2946387	2026-06-11 12:07	/home/jacobw/YTchannel/assets/media/flagship_001/shots/007_contextual_bridging_004.mp4
2953422	2026-06-11 11:42	/home/jacobw/YTchannel/assets/media/flagship_001/shots/006_productive_friction_002.mp4
2963468	2026-06-11 11:37	/home/jacobw/YTchannel/assets/media/flagship_001/shots/005_layered_encoding_016.mp4
2964153	2026-06-11 12:55	/home/jacobw/YTchannel/assets/media/flagship_001/shots/008_ai_layer_028.mp4
2964670	2026-06-11 09:58	/home/jacobw/YTchannel/assets/media/flagship_001/shots/004_wrong_approach_001.mp4
2979507	2026-06-13 00:44	/home/jacobw/YTchannel/assets/media/006_productive_friction/B045.mp4
2987713	2026-06-11 11:06	/home/jacobw/YTchannel/assets/media/flagship_001/shots/004_wrong_approach_014.mp4
3000228	2026-06-11 12:51	/home/jacobw/YTchannel/assets/media/flagship_001/shots/008_ai_layer_025.mp4
3000353	2026-06-11 12:21	/home/jacobw/YTchannel/assets/media/flagship_001/shots/007_contextual_bridging_016.mp4
3006696	2026-06-11 12:34	/home/jacobw/YTchannel/assets/media/flagship_001/shots/008_ai_layer_010.mp4
3014347	2026-06-11 12:42	/home/jacobw/YTchannel/assets/media/flagship_001/shots/008_ai_layer_017.mp4
3014974	2026-06-11 11:57	/home/jacobw/YTchannel/assets/media/flagship_001/shots/006_productive_friction_014.mp4
3020311	2026-06-11 09:44	/home/jacobw/YTchannel/assets/media/flagship_001/shots/003_biology_004.mp4
3027953	2026-06-11 13:12	/home/jacobw/YTchannel/assets/media/flagship_001/shots/009_cta_002.mp4
3031581	2026-06-11 11:04	/home/jacobw/YTchannel/assets/media/flagship_001/shots/004_wrong_approach_012.mp4
3031640	2026-06-11 11:19	/home/jacobw/YTchannel/assets/media/flagship_001/shots/005_layered_encoding_004.mp4
3038498	2026-06-11 12:19	/home/jacobw/YTchannel/assets/media/flagship_001/shots/007_contextual_bridging_014.mp4
3039543	2026-06-11 11:25	/home/jacobw/YTchannel/assets/media/flagship_001/shots/005_layered_encoding_008.mp4
3039668	2026-06-11 11:52	/home/jacobw/YTchannel/assets/media/flagship_001/shots/006_productive_friction_010.mp4
3061483	2026-06-11 09:46	/home/jacobw/YTchannel/assets/media/flagship_001/shots/003_biology_006.mp4
3063974	2026-06-15 12:53	/home/jacobw/YTchannel/assets/media/how_to_use_ai_to_better_organize_your_de_short/001_hook/B001.mp4
3066990	2026-06-11 11:22	/home/jacobw/YTchannel/assets/media/flagship_001/shots/005_layered_encoding_006.mp4
3070210	2026-06-11 09:55	/home/jacobw/YTchannel/assets/media/flagship_001/shots/003_biology_013.mp4
3070796	2026-06-11 09:51	/home/jacobw/YTchannel/assets/media/flagship_001/shots/003_biology_010.mp4
3074491	2026-06-11 09:42	/home/jacobw/YTchannel/assets/media/flagship_001/shots/003_biology_002.mp4
3075216	2026-06-11 13:22	/home/jacobw/YTchannel/assets/media/flagship_001/shots/009_cta_010.mp4
3075484	2026-06-10 19:16	/home/jacobw/YTchannel/assets/media/archive/_voicetest/vlock_v2_lineA.mp4
3078435	2026-06-11 12:36	/home/jacobw/YTchannel/assets/media/flagship_001/shots/008_ai_layer_012.mp4
3079689	2026-06-11 12:02	/home/jacobw/YTchannel/assets/media/flagship_001/shots/006_productive_friction_018.mp4
3081828	2026-06-10 19:07	/home/jacobw/YTchannel/assets/media/archive/_voicetest/kling30_native_sound.mp4
3104940	2026-06-11 11:28	/home/jacobw/YTchannel/assets/media/flagship_001/shots/005_layered_encoding_010.mp4
3106213	2026-06-11 09:59	/home/jacobw/YTchannel/assets/media/flagship_001/shots/004_wrong_approach_002.mp4
3110981	2026-06-13 14:42	/home/jacobw/YTchannel/assets/media/003_biology/B006.mp4
3114050	2026-06-11 10:57	/home/jacobw/YTchannel/assets/media/flagship_001/shots/004_wrong_approach_006.mp4
3121187	2026-06-11 11:32	/home/jacobw/YTchannel/assets/media/flagship_001/shots/005_layered_encoding_013.mp4
3126404	2026-06-11 11:13	/home/jacobw/YTchannel/assets/media/flagship_001/shots/005_layered_encoding_000.mp4
3140964	2026-06-11 12:48	/home/jacobw/YTchannel/assets/media/flagship_001/shots/008_ai_layer_022.mp4
3143333	2026-06-11 12:08	/home/jacobw/YTchannel/assets/media/flagship_001/shots/007_contextual_bridging_005.mp4
3145076	2026-06-13 00:18	/home/jacobw/YTchannel/assets/media/005_layered_encoding/B026.mp4
3145474	2026-06-11 13:02	/home/jacobw/YTchannel/assets/media/flagship_001/shots/008_ai_layer_034.mp4
3152000	2026-06-14 22:44	/home/jacobw/YTchannel/assets/media/002_implication/B003_B003-s1.mp4
3152705	2026-06-11 12:10	/home/jacobw/YTchannel/assets/media/flagship_001/shots/007_contextual_bridging_006.mp4
3154134	2026-06-11 11:15	/home/jacobw/YTchannel/assets/media/flagship_001/shots/005_layered_encoding_001.mp4
3160287	2026-06-11 11:26	/home/jacobw/YTchannel/assets/media/flagship_001/shots/005_layered_encoding_009.mp4
3162780	2026-06-11 12:22	/home/jacobw/YTchannel/assets/media/flagship_001/shots/007_contextual_bridging_017.mp4
3166555	2026-06-11 11:38	/home/jacobw/YTchannel/assets/media/flagship_001/shots/005_layered_encoding_017.mp4
3170496	2026-06-11 11:05	/home/jacobw/YTchannel/assets/media/flagship_001/shots/004_wrong_approach_013.mp4
3170743	2026-06-11 10:04	/home/jacobw/YTchannel/assets/media/flagship_001/shots/004_wrong_approach_005.mp4
3173687	2026-06-11 12:24	/home/jacobw/YTchannel/assets/media/flagship_001/shots/008_ai_layer_001.mp4
3179953	2026-06-11 12:47	/home/jacobw/YTchannel/assets/media/flagship_001/shots/008_ai_layer_021.mp4
3188851	2026-06-11 11:16	/home/jacobw/YTchannel/assets/media/flagship_001/shots/005_layered_encoding_002.mp4
3195233	2026-06-11 12:04	/home/jacobw/YTchannel/assets/media/flagship_001/shots/007_contextual_bridging_001.mp4
3195652	2026-06-11 13:27	/home/jacobw/YTchannel/assets/media/flagship_001/shots/009_cta_014.mp4
3196478	2026-06-13 01:37	/home/jacobw/YTchannel/assets/media/009_cta/B089.mp4
3196590	2026-06-11 12:05	/home/jacobw/YTchannel/assets/media/flagship_001/shots/007_contextual_bridging_002.mp4
3200962	2026-06-11 13:05	/home/jacobw/YTchannel/assets/media/flagship_001/shots/008_ai_layer_037.mp4
3202997	2026-06-11 12:11	/home/jacobw/YTchannel/assets/media/flagship_001/shots/007_contextual_bridging_007.mp4
3216011	2026-06-16 10:10	/home/jacobw/YTchannel/assets/media/using_ai_to_help_memory_retention_short/003_flip/B008b.mp4
3246519	2026-06-14 09:07	/home/jacobw/YTchannel/assets/media/002_proof/B003.mp4
3247367	2026-06-13 00:19	/home/jacobw/YTchannel/assets/media/005_layered_encoding/B027.mp4
3252808	2026-06-11 09:39	/home/jacobw/YTchannel/assets/media/flagship_001/shots/002_promise_004.mp4
3253814	2026-06-11 13:21	/home/jacobw/YTchannel/assets/media/flagship_001/shots/009_cta_009.mp4
3256805	2026-06-11 11:17	/home/jacobw/YTchannel/assets/media/flagship_001/shots/005_layered_encoding_003.mp4
3270919	2026-06-13 01:43	/home/jacobw/YTchannel/assets/media/009_cta/B090.mp4
3272170	2026-06-11 11:41	/home/jacobw/YTchannel/assets/media/flagship_001/shots/006_productive_friction_001.mp4
3276557	2026-06-11 13:09	/home/jacobw/YTchannel/assets/media/flagship_001/shots/008_ai_layer_041.mp4
3282874	2026-06-13 11:36	/home/jacobw/YTchannel/assets/media/008_ai_layer/B086.mp4
3283325	2026-06-16 11:20	/home/jacobw/YTchannel/assets/media/using_ai_to_help_memory_retention_short/002_proof/B003_B003-s3.mp4
3284018	2026-06-11 12:06	/home/jacobw/YTchannel/assets/media/flagship_001/shots/007_contextual_bridging_003.mp4
3286388	2026-06-11 09:57	/home/jacobw/YTchannel/assets/media/flagship_001/shots/004_wrong_approach_000.mp4
3286655	2026-06-11 12:25	/home/jacobw/YTchannel/assets/media/flagship_001/shots/008_ai_layer_002.mp4
3293033	2026-06-11 12:28	/home/jacobw/YTchannel/assets/media/flagship_001/shots/008_ai_layer_005.mp4
3303481	2026-06-11 11:11	/home/jacobw/YTchannel/assets/media/flagship_001/shots/004_wrong_approach_017.mp4
3304289	2026-06-11 11:02	/home/jacobw/YTchannel/assets/media/flagship_001/shots/004_wrong_approach_010.mp4
3312420	2026-06-11 11:45	/home/jacobw/YTchannel/assets/media/flagship_001/shots/006_productive_friction_005.mp4
3315334	2026-06-11 12:37	/home/jacobw/YTchannel/assets/media/flagship_001/shots/008_ai_layer_013.mp4
3321645	2026-06-11 13:08	/home/jacobw/YTchannel/assets/media/flagship_001/shots/008_ai_layer_040.mp4
3322333	2026-06-11 11:55	/home/jacobw/YTchannel/assets/media/flagship_001/shots/006_productive_friction_012.mp4
3327230	2026-06-13 00:32	/home/jacobw/YTchannel/assets/media/006_productive_friction/B036.mp4
3327658	2026-06-11 12:30	/home/jacobw/YTchannel/assets/media/flagship_001/shots/008_ai_layer_006.mp4
3328371	2026-06-11 12:01	/home/jacobw/YTchannel/assets/media/flagship_001/shots/006_productive_friction_017.mp4
3336952	2026-06-15 01:04	/home/jacobw/YTchannel/assets/media/002_implication/B003.mp4
3354099	2026-06-11 11:12	/home/jacobw/YTchannel/assets/media/flagship_001/shots/004_wrong_approach_018.mp4
3355103	2026-06-11 11:29	/home/jacobw/YTchannel/assets/media/flagship_001/shots/005_layered_encoding_011.mp4
3356959	2026-06-11 09:45	/home/jacobw/YTchannel/assets/media/flagship_001/shots/003_biology_005.mp4
3375508	2026-06-11 12:57	/home/jacobw/YTchannel/assets/media/flagship_001/shots/008_ai_layer_030.mp4
3395090	2026-06-11 12:18	/home/jacobw/YTchannel/assets/media/flagship_001/shots/007_contextual_bridging_013.mp4
3411786	2026-06-16 11:19	/home/jacobw/YTchannel/assets/media/using_ai_to_help_memory_retention_short/002_proof/B003_B003-s2.mp4
3413181	2026-06-11 12:35	/home/jacobw/YTchannel/assets/media/flagship_001/shots/008_ai_layer_011.mp4
3418029	2026-06-11 13:25	/home/jacobw/YTchannel/assets/media/flagship_001/shots/009_cta_013.mp4
3422859	2026-06-11 11:24	/home/jacobw/YTchannel/assets/media/flagship_001/shots/005_layered_encoding_007.mp4
3427801	2026-06-16 11:17	/home/jacobw/YTchannel/assets/media/using_ai_to_help_memory_retention_short/002_proof/B003_B003-s0.mp4
3442131	2026-06-20 10:33	/home/jacobw/YTchannel/assets/media/prod_39ae161f58b24f3497f027026e078efb/pjob_fe56d1dea4a14ffe8d272b338880725c.mp4
3442131	2026-06-20 10:36	/home/jacobw/YTchannel/assets/media/prod_1be44194a3204920935ccdea87a791ea/pjob_8f7f9ebead6c41bd978740a939614906.mp4
3442131	2026-06-20 10:36	/home/jacobw/YTchannel/assets/media/prod_2f054a10c15841f4ae3ef1f6592b49b5/pjob_5255981a66574273bd0d21b8a8c46d96.mp4
3442131	2026-06-20 10:36	/home/jacobw/YTchannel/assets/media/prod_473b0ececfee4a808825e637aee5079d/pjob_7d98692d2f3442cdb73b704a62073764.mp4
3442131	2026-06-20 10:37	/home/jacobw/YTchannel/assets/media/prod_53c8f58c103842239ceab015ab4ac303/pjob_944953eb2e1843d6a583719981ada3a1.mp4
3442131	2026-06-20 10:38	/home/jacobw/YTchannel/assets/media/prod_55bfe122653c437983b13356e6c4b98b/pjob_77f335dfed834534857117094059a2a3.mp4
3442131	2026-06-20 10:38	/home/jacobw/YTchannel/assets/media/prod_b0bda52b88b5434eb15a829c20ff9072/pjob_915227c144844f5493c4f037c80e946a.mp4
3442131	2026-06-20 10:38	/home/jacobw/YTchannel/assets/media/prod_eea9af936eb645a096134bdabcbb36d7/pjob_884b60ce94504edd889323ba3fb145c4.mp4
3442131	2026-06-20 10:49	/home/jacobw/YTchannel/assets/media/prod_b6c22c7d1e3f40c69501642cacf13aa0/pjob_09c0843e4ffd414ebd4e423cb5118049.mp4
3442131	2026-06-20 10:49	/home/jacobw/YTchannel/assets/media/prod_b7dab295460c473f855b72b00cae4ee9/pjob_bef315165dde48f198d21eb0ef6caca4.mp4
3442131	2026-06-20 10:49	/home/jacobw/YTchannel/assets/media/prod_c030da439cc04dfabd3dbea52357c832/pjob_3f4ca2af8803492f8437dac98380045e.mp4
3442131	2026-06-20 12:03	/home/jacobw/YTchannel/assets/media/prod_cdb28dd118624fa889d15e005131fb66/pjob_e59118783e99406b971bfeaf2679ee18.mp4
3442131	2026-06-20 12:03	/home/jacobw/YTchannel/assets/media/prod_d9acbaf42ef942819e932027635f105b/pjob_9dde2f0e122e4e54898ab864210da0d8.mp4
3442131	2026-06-20 12:03	/home/jacobw/YTchannel/assets/media/prod_e15fade789624eb699a6502f7b56cb0c/pjob_65d85ceaa50845df9f8c7b420d2aaeeb.mp4
3442131	2026-06-20 12:12	/home/jacobw/YTchannel/assets/media/prod_3c94de0aa9164923ba2dd8565d2956af/pjob_1e40bc5521e241ecbf46ea323f3ec9dd.mp4
3442131	2026-06-20 12:12	/home/jacobw/YTchannel/assets/media/prod_6bebb16ddad049f9a1466793828e4f27/pjob_fe4727a18c324d0e888c54311862164b.mp4
3442131	2026-06-20 12:12	/home/jacobw/YTchannel/assets/media/prod_a58676ddda074b4a9a1d8b1ed8a093c0/pjob_a23c5f197bed4244af80f07d7f0a109c.mp4
3442131	2026-06-20 12:25	/home/jacobw/YTchannel/assets/media/prod_216f50278de549cf85ab89e2a813b14f/pjob_495e1258644f4d9f90c58e9e5586f6b7.mp4
3442131	2026-06-20 12:25	/home/jacobw/YTchannel/assets/media/prod_904ed8083503432ea582c3ea0bf60bb5/pjob_a4fa943d9ff44f2792eeb8a06c08b0eb.mp4
3442131	2026-06-20 12:25	/home/jacobw/YTchannel/assets/media/prod_e2122cc7df964141975770efc930761e/pjob_2c30b6e6ee294c8096be2f9b72ea1b99.mp4
3442131	2026-06-20 12:33	/home/jacobw/YTchannel/assets/media/prod_16a2050a20264fd491e95d0dede1a840/pjob_5fd8d5c3f1a948f7a9217970413157ed.mp4
3442131	2026-06-20 12:33	/home/jacobw/YTchannel/assets/media/prod_c37d89cb1569488591ef7bfe6f766346/pjob_dc34c942195341d686b86c0754224240.mp4
3442131	2026-06-20 12:33	/home/jacobw/YTchannel/assets/media/prod_cd51f94e4e804a4c846f7d018b5909dc/pjob_79bca3566bd34b20891adaa274c37613.mp4
3442131	2026-06-20 12:53	/home/jacobw/YTchannel/assets/media/prod_c0ecebe516de4d5da32f5b782e0dc862/pjob_cafc64dd96e84f17b9599bf1fcf7a753.mp4
3442131	2026-06-20 12:54	/home/jacobw/YTchannel/assets/media/prod_5fd20825be3e462e8ac10a3a71f27708/pjob_ff9c09fc2f9349dc827e270278172b74.mp4
3442131	2026-06-20 12:54	/home/jacobw/YTchannel/assets/media/prod_7fa57ded66b54b50bbbf773ad49757dc/pjob_5445e120d87040e7baa6bc9798a018dc.mp4
3442131	2026-06-20 12:55	/home/jacobw/YTchannel/assets/media/prod_3585f021e10c42f8a075dd7735a42ddf/pjob_ab96269411a4445db9d99ff93bdbd7de.mp4
3442131	2026-06-20 12:55	/home/jacobw/YTchannel/assets/media/prod_6e8788dfae09443097095797666a1eca/pjob_4af9b78aa59945189f6e989d6110132a.mp4
3442131	2026-06-20 13:04	/home/jacobw/YTchannel/assets/media/prod_c2ef0b1cb6d34667b311a77f285fa71f/pjob_92d87cb0578a490d845a1ca0d40edb71.mp4
3442131	2026-06-20 13:04	/home/jacobw/YTchannel/assets/media/prod_d089f0318eaa461987b9827591d1e468/pjob_089514088e7148d0851c171371cb5c35.mp4
3442131	2026-06-20 13:17	/home/jacobw/YTchannel/assets/media/prod_21dae0f76e7942df8146a125c02a7044/pjob_e4af16d0f5384c239e0bd6af01fcaa9f.mp4
3442131	2026-06-20 13:17	/home/jacobw/YTchannel/assets/media/prod_4ec14f821a7245dbb67f99809237c112/pjob_11e013825c4642f9b9c5f5803630a7c7.mp4
3442131	2026-06-20 13:17	/home/jacobw/YTchannel/assets/media/prod_5d3ca451773c4286ac7fc7bea39e268b/pjob_b1587420bd80439f9534d45544ba0ea3.mp4
3442131	2026-06-20 13:17	/home/jacobw/YTchannel/assets/media/prod_b18f74e4bcbf49cd85b807dcb054697a/pjob_4da9013448ad4e08b8e239cb3abccae8.mp4
3442131	2026-06-20 13:17	/home/jacobw/YTchannel/assets/media/prod_b4b28bb212f7408fb7c0e084d69ebda7/pjob_dddc9ed696fb42eab8ac602becac6cd3.mp4
3442131	2026-06-20 13:45	/home/jacobw/YTchannel/assets/media/prod_7dad2058cfee4ffc83f7318f00f52e44/pjob_41a7979e3599468db5316f5dda936454.mp4
3442131	2026-06-20 13:45	/home/jacobw/YTchannel/assets/media/prod_93c2ef089a654cef9d53659cdb7730f9/pjob_2e73cc63aa164532a21941cde9a31866.mp4
3442131	2026-06-20 13:46	/home/jacobw/YTchannel/assets/media/prod_6211c7a175ea4efe88cc990574e5715f/pjob_ae4aeac0f5334bb1a80451324e5d1c93.mp4
3442131	2026-06-20 13:46	/home/jacobw/YTchannel/assets/media/prod_e3f40af4531145e2a1a7cf7dd6de6007/pjob_7be8aa7236694f1e93fa83f958b55f24.mp4
3442131	2026-06-20 13:59	/home/jacobw/YTchannel/assets/media/prod_3571170b91314157bdabb56c2b7d335f/pjob_8dc89225c8b84ceb8d3edff366980a87.mp4
3442131	2026-06-20 13:59	/home/jacobw/YTchannel/assets/media/prod_79e084610c1b471c944625dd8c1fcb0e/pjob_b68e4fa295a94c4a87084c41688d01d7.mp4
3442131	2026-06-20 13:59	/home/jacobw/YTchannel/assets/media/prod_e22e6d03a9b84ad5ba870c8fa0779878/pjob_ead6ded9cffe42c6b2ad4ae34fbcc31d.mp4
3442131	2026-06-20 13:59	/home/jacobw/YTchannel/assets/media/prod_fbe6776d1b5a4062b860e24ef41a47e6/pjob_9f56c827b27e45058619bb0310575cab.mp4
3442131	2026-06-20 14:00	/home/jacobw/YTchannel/assets/media/prod_055177b004a7442987d849d2c017eb54/pjob_b9b99580b9d74e2e915b27af6ee392db.mp4
3442131	2026-06-20 14:22	/home/jacobw/YTchannel/assets/media/prod_39a333ebcead4bd49d09cf38c8772325/pjob_ba979c231ecb46eaad237aa264a4b0ef.mp4
3442131	2026-06-20 14:22	/home/jacobw/YTchannel/assets/media/prod_3d11bc4c19494f8486c61cc4e19836b9/pjob_e993d25ac05c4e02aa0727064f8cceab.mp4
3442131	2026-06-20 14:22	/home/jacobw/YTchannel/assets/media/prod_4abf4004f5fa42e7bc8f9d2d92b01fc9/pjob_3336f6c3b96d4f13bdd0344f2771c6d8.mp4
3442131	2026-06-20 14:22	/home/jacobw/YTchannel/assets/media/prod_65af16bb090b4099afb0ac082e0ca8ea/pjob_c1815416b64642f6bf9284673fbf9c5f.mp4
3442131	2026-06-20 14:22	/home/jacobw/YTchannel/assets/media/prod_db1f695bfb2746368f7c08f334436eef/pjob_30e7ad0a3d5c468aa8e49f90b0df56c2.mp4
3442131	2026-06-20 17:33	/home/jacobw/YTchannel/assets/media/prod_21fc2c82631a4e509bf7c394eecc6158/pjob_352e601ad8224e25a82b744ab27263a1.mp4
3442131	2026-06-20 17:33	/home/jacobw/YTchannel/assets/media/prod_2d8579bce6bc49ad98fb5ad5d87661ba/pjob_cdeec8f0285f4fef94180a1f350547ed.mp4
3442131	2026-06-20 17:33	/home/jacobw/YTchannel/assets/media/prod_3fc5d9e25f7c44c6b2ebb10bb67ba4e3/pjob_a4a6347017c14247b4b38694a68a37cc.mp4
3442131	2026-06-20 17:33	/home/jacobw/YTchannel/assets/media/prod_d93a7d9e91444e98990af2313dc801f2/pjob_add8339945a2486d91fe6337d6e9bba9.mp4
3442131	2026-06-20 17:33	/home/jacobw/YTchannel/assets/media/prod_e2f1f63b9dfc4499bf0c7a9d73e0016b/pjob_aa4834d716b6424d97dc6df7990f4b7c.mp4
3448002	2026-06-09 00:19	/home/jacobw/YTchannel/assets/media/james_teaser/005_give_back.mp4
3448380	2026-06-11 13:17	/home/jacobw/YTchannel/assets/media/flagship_001/shots/009_cta_006.mp4
3455137	2026-06-11 10:59	/home/jacobw/YTchannel/assets/media/flagship_001/shots/004_wrong_approach_008.mp4
3470470	2026-06-14 09:22	/home/jacobw/YTchannel/assets/media/003_flip/B006.mp4
3473690	2026-06-11 12:13	/home/jacobw/YTchannel/assets/media/flagship_001/shots/007_contextual_bridging_009.mp4
3483067	2026-06-11 11:01	/home/jacobw/YTchannel/assets/media/flagship_001/shots/004_wrong_approach_009.mp4
3496489	2026-06-11 13:19	/home/jacobw/YTchannel/assets/media/flagship_001/shots/009_cta_007.mp4
3499745	2026-06-11 12:14	/home/jacobw/YTchannel/assets/media/flagship_001/shots/007_contextual_bridging_010.mp4
3519332	2026-06-16 11:18	/home/jacobw/YTchannel/assets/media/using_ai_to_help_memory_retention_short/002_proof/B003_B003-s1.mp4
3524797	2026-06-11 11:43	/home/jacobw/YTchannel/assets/media/flagship_001/shots/006_productive_friction_003.mp4
3525037	2026-06-11 12:52	/home/jacobw/YTchannel/assets/media/flagship_001/shots/008_ai_layer_026.mp4
3550146	2026-06-11 11:03	/home/jacobw/YTchannel/assets/media/flagship_001/shots/004_wrong_approach_011.mp4
3551133	2026-06-16 12:00	/home/jacobw/YTchannel/assets/media/using_ai_to_help_memory_retention_short/002_proof/B005_B005-s0.mp4
3583967	2026-06-11 11:46	/home/jacobw/YTchannel/assets/media/flagship_001/shots/006_productive_friction_006.mp4
3586041	2026-06-15 01:08	/home/jacobw/YTchannel/assets/media/003_proof/B005a.mp4
3594625	2026-06-11 12:26	/home/jacobw/YTchannel/assets/media/flagship_001/shots/008_ai_layer_003.mp4
3597100	2026-06-12 23:50	/home/jacobw/YTchannel/assets/media/004_wrong_approach/B013.mp4
3601987	2026-06-11 13:07	/home/jacobw/YTchannel/assets/media/flagship_001/shots/008_ai_layer_039.mp4
3604641	2026-06-09 00:13	/home/jacobw/YTchannel/assets/media/james_teaser/002_background.mp4
3624215	2026-06-11 11:08	/home/jacobw/YTchannel/assets/media/flagship_001/shots/004_wrong_approach_015.mp4
3633641	2026-06-11 13:03	/home/jacobw/YTchannel/assets/media/flagship_001/shots/008_ai_layer_035.mp4
3650831	2026-06-11 12:44	/home/jacobw/YTchannel/assets/media/flagship_001/shots/008_ai_layer_019.mp4
3664536	2026-06-15 01:18	/home/jacobw/YTchannel/assets/media/003_proof/B007.mp4
3665140	2026-06-11 10:58	/home/jacobw/YTchannel/assets/media/flagship_001/shots/004_wrong_approach_007.mp4
3677687	2026-06-11 13:14	/home/jacobw/YTchannel/assets/media/flagship_001/shots/009_cta_003.mp4
3687917	2026-06-11 09:53	/home/jacobw/YTchannel/assets/media/flagship_001/shots/003_biology_011.mp4
3695695	2026-06-13 00:10	/home/jacobw/YTchannel/assets/media/004_wrong_approach/B023.mp4
3700426	2026-06-11 12:58	/home/jacobw/YTchannel/assets/media/flagship_001/shots/008_ai_layer_031.mp4
3708722	2026-06-11 12:20	/home/jacobw/YTchannel/assets/media/flagship_001/shots/007_contextual_bridging_015.mp4
3734443	2026-06-15 00:59	/home/jacobw/YTchannel/assets/media/001_hook/B001.mp4
3739496	2026-06-11 09:38	/home/jacobw/YTchannel/assets/media/flagship_001/shots/002_promise_003.mp4
3754430	2026-06-11 11:53	/home/jacobw/YTchannel/assets/media/flagship_001/shots/006_productive_friction_011.mp4
3756638	2026-06-14 09:28	/home/jacobw/YTchannel/assets/media/003_flip/B008.mp4
3771058	2026-06-11 11:48	/home/jacobw/YTchannel/assets/media/flagship_001/shots/006_productive_friction_007.mp4
3771963	2026-06-12 23:39	/home/jacobw/YTchannel/assets/media/003_biology/B009.mp4
3778806	2026-06-12 23:59	/home/jacobw/YTchannel/assets/media/004_wrong_approach/B014.mp4
3780616	2026-06-12 23:34	/home/jacobw/YTchannel/assets/media/002_promise/B003.mp4
3812687	2026-06-11 12:31	/home/jacobw/YTchannel/assets/media/flagship_001/shots/008_ai_layer_007.mp4
3835487	2026-06-13 00:33	/home/jacobw/YTchannel/assets/media/006_productive_friction/B037.mp4
3842181	2026-06-11 09:43	/home/jacobw/YTchannel/assets/media/flagship_001/shots/003_biology_003.mp4
3852018	2026-06-11 12:53	/home/jacobw/YTchannel/assets/media/flagship_001/shots/008_ai_layer_027.mp4
3861692	2026-06-16 09:38	/home/jacobw/YTchannel/assets/media/using_ai_to_help_memory_retention_short/004_takeaway_cta/B010.mp4
3867870	2026-06-11 10:00	/home/jacobw/YTchannel/assets/media/flagship_001/shots/004_wrong_approach_003.mp4
3870202	2026-06-16 12:01	/home/jacobw/YTchannel/assets/media/using_ai_to_help_memory_retention_short/002_proof/B005_B005-s4.mp4
3884610	2026-06-09 00:17	/home/jacobw/YTchannel/assets/media/james_teaser/004_system.mp4
3898256	2026-06-11 12:15	/home/jacobw/YTchannel/assets/media/flagship_001/shots/007_contextual_bridging_011.mp4
3904303	2026-06-16 11:23	/home/jacobw/YTchannel/assets/media/using_ai_to_help_memory_retention_short/002_proof/B005_B005-s2.mp4
3934656	2026-06-11 09:48	/home/jacobw/YTchannel/assets/media/flagship_001/shots/003_biology_007.mp4
3937508	2026-06-11 11:59	/home/jacobw/YTchannel/assets/media/flagship_001/shots/006_productive_friction_015.mp4
3944854	2026-06-14 09:41	/home/jacobw/YTchannel/assets/media/004_takeaway_cta/B010.mp4
3946339	2026-06-13 00:22	/home/jacobw/YTchannel/assets/media/005_layered_encoding/B029.mp4
3955691	2026-06-11 13:23	/home/jacobw/YTchannel/assets/media/flagship_001/shots/009_cta_011.mp4
3969704	2026-06-15 01:23	/home/jacobw/YTchannel/assets/media/004_takeaway/B008.mp4
3981378	2026-06-11 12:49	/home/jacobw/YTchannel/assets/media/flagship_001/shots/008_ai_layer_023.mp4
3995815	2026-06-13 01:09	/home/jacobw/YTchannel/assets/media/008_ai_layer/B067.mp4
4004589	2026-06-16 11:26	/home/jacobw/YTchannel/assets/media/using_ai_to_help_memory_retention_short/003_flip/B007_B007-s1.mp4
4027476	2026-06-13 11:31	/home/jacobw/YTchannel/assets/media/007_contextual_bridging/B047.mp4
4051443	2026-06-13 20:01	/home/jacobw/YTchannel/assets/media/001_hook/B001_1080.mp4
4089964	2026-06-13 01:01	/home/jacobw/YTchannel/assets/media/007_contextual_bridging/B055.mp4
4107134	2026-06-09 10:20	/home/jacobw/YTchannel/assets/media/james_teaser_02/002_background.mp4
4129803	2026-06-11 11:35	/home/jacobw/YTchannel/assets/media/flagship_001/shots/005_layered_encoding_015.mp4
4132653	2026-06-16 11:22	/home/jacobw/YTchannel/assets/media/using_ai_to_help_memory_retention_short/002_proof/B005_B005-s1.mp4
4146529	2026-06-16 11:24	/home/jacobw/YTchannel/assets/media/using_ai_to_help_memory_retention_short/002_proof/B005_B005-s3.mp4
4267749	2026-06-16 08:46	/home/jacobw/YTchannel/assets/media/using_ai_to_help_memory_retention_short/001_hook/B001.mp4
4274099	2026-06-13 00:56	/home/jacobw/YTchannel/assets/media/007_contextual_bridging/B049.mp4
4322129	2026-06-15 01:28	/home/jacobw/YTchannel/assets/media/005_cta/B011a.mp4
4470461	2026-06-13 00:35	/home/jacobw/YTchannel/assets/media/006_productive_friction/B039.mp4
4504474	2026-06-15 13:15	/home/jacobw/YTchannel/assets/media/how_to_use_ai_to_better_organize_your_de_short/002_proof_b/B006.mp4
4608649	2026-06-15 13:25	/home/jacobw/YTchannel/assets/media/how_to_use_ai_to_better_organize_your_de_short/003_takeaway/B007.mp4
4625577	2026-06-13 00:20	/home/jacobw/YTchannel/assets/media/005_layered_encoding/B028.mp4
4703550	2026-06-13 00:26	/home/jacobw/YTchannel/assets/media/005_layered_encoding/B032.mp4
4709239	2026-06-13 00:39	/home/jacobw/YTchannel/assets/media/006_productive_friction/B043.mp4
4713066	2026-06-16 11:25	/home/jacobw/YTchannel/assets/media/using_ai_to_help_memory_retention_short/003_flip/B007_B007-s0.mp4
4715850	2026-06-09 00:14	/home/jacobw/YTchannel/assets/media/james_teaser/003_pattern.mp4
4720256	2026-06-15 13:11	/home/jacobw/YTchannel/assets/media/how_to_use_ai_to_better_organize_your_de_short/002_proof_b/B005.mp4
4721170	2026-06-09 13:48	/home/jacobw/YTchannel/assets/media/james_teaser_02/004_system_shot01.mp4
4755736	2026-06-13 00:37	/home/jacobw/YTchannel/assets/media/006_productive_friction/B041.mp4
4772618	2026-06-13 00:02	/home/jacobw/YTchannel/assets/media/004_wrong_approach/B016.mp4
4831789	2026-06-14 09:18	/home/jacobw/YTchannel/assets/media/002_proof/B005.mp4
4860531	2026-06-18 15:29	/home/jacobw/YTchannel/assets/media/prod_92605736e62e40899b77ab9ea314be23/pjob_ee6000f6752d4bfc9d4f68d0286604a2.mp4
4860531	2026-06-18 15:30	/home/jacobw/YTchannel/assets/media/prod_5ccbc0124eb047b8ae63be04e20a9865/pjob_0a8f49e3b6a14466bae7a609ebc175dc.mp4
4860531	2026-06-18 15:31	/home/jacobw/YTchannel/assets/media/prod_01ddfd49b72f4a94a4d14c957a7e284b/pjob_9e7766e97bcf43aa966de17b565048ab.mp4
4860531	2026-06-18 15:33	/home/jacobw/YTchannel/assets/media/prod_731c57b3c7b449098538732d4ea7d133/pjob_da2471f3e40d4482ba9bad8c830e8600.mp4
4860531	2026-06-18 15:36	/home/jacobw/YTchannel/assets/media/prod_b040534ee9c54720840ca03e56e08962/pjob_14d4b68760d94445b672736669591892.mp4
4860531	2026-06-18 15:38	/home/jacobw/YTchannel/assets/media/prod_0bced67a9ff243bbad6410ce2599f8cb/pjob_a0ae32b7d750486ea1db9887aefeebcb.mp4
4860531	2026-06-18 15:39	/home/jacobw/YTchannel/assets/media/prod_e37dc8799ddc475dbff54bccca95b3b7/pjob_ac885750021e4471bf68bf161f0b6df6.mp4
4860531	2026-06-18 15:39	/home/jacobw/YTchannel/assets/media/prod_e37dc8799ddc475dbff54bccca95b3b7/pjob_ca42e42030204b9c86c7d4c88e81c1fd.mp4
4860531	2026-06-18 15:41	/home/jacobw/YTchannel/assets/media/prod_d91002b99be148718acb6a1bb013e172/pjob_cfd6818e22f1411b9a6bf0f38df1c155.mp4
4860531	2026-06-18 15:45	/home/jacobw/YTchannel/assets/media/prod_e7a087697bd145f2b4e3653b2802b939/pjob_773a2c35207242ca9e1b9b8313783734.mp4
4860531	2026-06-18 15:45	/home/jacobw/YTchannel/assets/media/prod_ed60e7661fab497d8e080351d728bcd5/pjob_fbadfc209b1a4ed29770c21d06a543b9.mp4
4860531	2026-06-18 15:46	/home/jacobw/YTchannel/assets/media/prod_629a2237f6cd4a91bed095c56147d778/pjob_5e8f94a64f854789a2c07c9ba9102ca8.mp4
4860531	2026-06-18 15:47	/home/jacobw/YTchannel/assets/media/prod_72691471f3e04296a990147b65dd7635/pjob_f12bf5fab5ce4fbe94bab26e2c3ff163.mp4
4860531	2026-06-18 15:47	/home/jacobw/YTchannel/assets/media/prod_e5cdda87ba3c439b8e275a5904ff7bc0/pjob_c1f8686d268e4cd3b9066f14e95279d9.mp4
4860531	2026-06-18 15:48	/home/jacobw/YTchannel/assets/media/prod_2af83c84df1041ccab08c11378467142/pjob_0ed3a9292ffd4f2bb9d71f588569ccea.mp4
4860531	2026-06-18 15:48	/home/jacobw/YTchannel/assets/media/prod_9fc604145b96477e8115a5bc1ad42fb2/pjob_d3ed32dde6f247359e6a9a591258f062.mp4
4860531	2026-06-18 15:48	/home/jacobw/YTchannel/assets/media/prod_fec71ef724d649cc8da0f3a1dccb2def/pjob_ed40e28b137b4195a9b67f7a23cd086a.mp4
4860531	2026-06-18 15:49	/home/jacobw/YTchannel/assets/media/prod_92b7aa5856134c35bc8098ce95762fbc/pjob_4f2f564c038b46468eb5e7ef46322043.mp4
4860531	2026-06-18 15:49	/home/jacobw/YTchannel/assets/media/prod_a779c5ef5d9e4664b36ba8721092e27b/pjob_4da108e3a7a74b0c9dd749f170f2c656.mp4
4860531	2026-06-18 15:50	/home/jacobw/YTchannel/assets/media/prod_c7cdf43cf6d2400e99850ed283e273c5/pjob_8cc12bb0fa6d4f55ab535fcc031885c2.mp4
4860531	2026-06-18 15:51	/home/jacobw/YTchannel/assets/media/prod_e872819917eb417d9de222925d25de03/pjob_b3b422f1315e46e6a08ae0258f94a8be.mp4
4860531	2026-06-18 15:52	/home/jacobw/YTchannel/assets/media/prod_7998c98f54fc4256afa84d1814920bc8/pjob_05191ce9b06040d1808191e23d0cfc61.mp4
4860531	2026-06-18 15:52	/home/jacobw/YTchannel/assets/media/prod_ead8ff7f11754c6ba44c39db8b8eed32/pjob_2bdd83923dd84f12a5eb32d1d93d7356.mp4
4860531	2026-06-18 15:53	/home/jacobw/YTchannel/assets/media/prod_984771539b2d4f4b9c706775b1b8b413/pjob_60fcd7b88037451982a57abee684927c.mp4
4860531	2026-06-18 15:53	/home/jacobw/YTchannel/assets/media/prod_d6d335e2b9df4aa68f2c41c77781a35c/pjob_231c84d7f64745b7ae8ee10c7e00b92c.mp4
4860531	2026-06-18 15:53	/home/jacobw/YTchannel/assets/media/prod_f36d8a8bb7fe4a3fae628b00037e2f8f/pjob_70809c6759cc4800bcc1c504aca1d044.mp4
4860531	2026-06-18 15:54	/home/jacobw/YTchannel/assets/media/prod_4020cdc3567b45f49111b9523c2fc360/pjob_c2f552fdd329492688a0c12dfedf0f53.mp4
4860531	2026-06-18 15:54	/home/jacobw/YTchannel/assets/media/prod_50dbd7a7a9c04fe3970ce963e4ae632f/pjob_5ce4038521c44453b8f649d1ec9a1b54.mp4
4860531	2026-06-18 15:54	/home/jacobw/YTchannel/assets/media/prod_61c4bd4522184d47bf0a6eca6f080769/pjob_527e0469a1de43d8a03efa040bef4565.mp4
4860531	2026-06-18 15:55	/home/jacobw/YTchannel/assets/media/prod_eed729ace0df4953b94e50d331d68d80/pjob_cac40162139243bea242d0d2215b509c.mp4
4860531	2026-06-18 20:42	/home/jacobw/YTchannel/assets/media/prod_e727b1c1a58642eeb2f03cf4ee1d651d/pjob_2395d2b6d47948dcbbcf82b7ca501741.mp4
4860531	2026-06-18 22:15	/home/jacobw/YTchannel/assets/media/prod_9a44407be0884fd0b9646932fa3a4653/pjob_db9b57834ee14d4ea786a54a0a9b0ba7.mp4
4860531	2026-06-18 22:15	/home/jacobw/YTchannel/assets/media/prod_dddea302002642dea824d52778908b72/pjob_3dc49d08f1e34ec7858ee5c7ed18b32f.mp4
4860531	2026-06-18 22:16	/home/jacobw/YTchannel/assets/media/prod_8570f117bbd3480386fed01152f0e70e/pjob_419ed807a8ce4bf8af1369cbedf10250.mp4
4860531	2026-06-18 22:16	/home/jacobw/YTchannel/assets/media/prod_e018e872c8bd43c0a870fa1bf6ebe168/pjob_0eee7a3940094c188d7df50ddaabea6f.mp4
4860531	2026-06-18 22:17	/home/jacobw/YTchannel/assets/media/prod_0237c58c2d5c4e8a8079f82fc7aa0781/pjob_1199d9b6161f41ffae4b76c861647ebd.mp4
4860531	2026-06-18 22:17	/home/jacobw/YTchannel/assets/media/prod_a87095ec9d774454b82ce86e1032f815/pjob_d658478ade24443d9d474de1f9cf19e0.mp4
4860531	2026-06-18 22:17	/home/jacobw/YTchannel/assets/media/prod_f36bcfd4ca3a4fefaad5e94ac20aef39/pjob_d29f92e6b96a4237856480fe5fbdb64e.mp4
4860531	2026-06-18 22:18	/home/jacobw/YTchannel/assets/media/prod_867e103a663c4aa7b5d277ef206b1acb/pjob_47ded7d61e61426e9d8f56b5a6c491b9.mp4
4860531	2026-06-18 22:18	/home/jacobw/YTchannel/assets/media/prod_e34cb8f1b07242a7bf59428184a5d486/pjob_715e1daf008241a1b66f41bac317584d.mp4
4860531	2026-06-18 22:18	/home/jacobw/YTchannel/assets/media/prod_ed21b4251e1f492f96afbb03427ae90f/pjob_62ca0dcd7e284e9282e943a6d00ae508.mp4
4860531	2026-06-18 22:54	/home/jacobw/YTchannel/assets/media/prod_b7d357368b854f09ab2b1e51fb6755af/pjob_4f5c48a76c3c463189902b883e0cb93d.mp4
4860531	2026-06-18 22:55	/home/jacobw/YTchannel/assets/media/prod_4b35c4a3e2c74fe98af667a7f0538c3c/pjob_7a25fcead9ad43f6879867e19586df11.mp4
4860531	2026-06-18 22:56	/home/jacobw/YTchannel/assets/media/prod_737fcc3f5acb45c291035057d1237e65/pjob_272edd277ba74f9b98035cc01d9d37ac.mp4
4860531	2026-06-18 22:58	/home/jacobw/YTchannel/assets/media/prod_2e49c8856f1945aa8e9bd9394a72380e/pjob_c7a28f889c724906b7c2fef4cc04fb65.mp4
4860531	2026-06-18 22:58	/home/jacobw/YTchannel/assets/media/prod_7375f0abcf64475e8962e34aae5186e1/pjob_7cb6f8c3fdb74792ae6c1a51586cbc6b.mp4
4860531	2026-06-18 22:59	/home/jacobw/YTchannel/assets/media/prod_16cddc99a1994feeb9113d189fa01ad4/pjob_07b291b5f58f4be5bc1d6682a9d8723b.mp4
4860531	2026-06-18 22:59	/home/jacobw/YTchannel/assets/media/prod_6a1c0626f824496796435d75606c7be0/pjob_53c10d29cdf746c4993310a818bbc512.mp4
4860531	2026-06-18 22:59	/home/jacobw/YTchannel/assets/media/prod_b167e40b02c243498aa23effd8683ff8/pjob_55e197f2042c4b1a800073c2c6d0b1d5.mp4
4860531	2026-06-18 23:00	/home/jacobw/YTchannel/assets/media/prod_79338b995dc6487dbd4abe6822418b68/pjob_3678812ffae14dea8966d4833a0db1cb.mp4
4860531	2026-06-18 23:00	/home/jacobw/YTchannel/assets/media/prod_9efc18c614f241ef86e76b06659bdae8/pjob_d4b9ec4bad1640ae9159ffa635f39bd4.mp4
4860531	2026-06-18 23:01	/home/jacobw/YTchannel/assets/media/prod_3efdd2e2113445c3b526165ba717f9fd/pjob_38b44f8656624cd09e4ef25bbdb9ca54.mp4
4860531	2026-06-18 23:01	/home/jacobw/YTchannel/assets/media/prod_49d080e4b2184cbfac4dc655582efc3e/pjob_ffb6d5dd2f14465bb04dba1c485ef586.mp4
4860531	2026-06-18 23:01	/home/jacobw/YTchannel/assets/media/prod_4fb859af4f3547f2af7e76df3f1ffe87/pjob_fe22c7d2e7064f90a449889808013a3f.mp4
4860531	2026-06-18 23:12	/home/jacobw/YTchannel/assets/media/prod_6652c31420564ba58d276b22007cb8fa/pjob_cfa93e35c5234f438868cfa1b7f0cdf0.mp4
4860531	2026-06-18 23:12	/home/jacobw/YTchannel/assets/media/prod_9cdabc71b002430aac4a049f46a3dd72/pjob_918e2c8f05b247ec8fcbf915e155b184.mp4
4860531	2026-06-18 23:12	/home/jacobw/YTchannel/assets/media/prod_ea2bead949cd4098a5781ebee78b3bea/pjob_10ed56e7455c4c13ae283b10789e4c92.mp4
4860531	2026-06-18 23:13	/home/jacobw/YTchannel/assets/media/prod_40b2f9d2904341c58488ac21ea337986/pjob_067850418a4641118defb7aadcba0e7c.mp4
4860531	2026-06-18 23:13	/home/jacobw/YTchannel/assets/media/prod_475eff1a9f634a22a3d6174f0eb753ec/pjob_e7b7f619730e4dddb1e86d7ac68db984.mp4
4860531	2026-06-18 23:13	/home/jacobw/YTchannel/assets/media/prod_a13585846dd5400cbb2a41924986fdba/pjob_a6a20a5abaf44155a3e676348faf6bc3.mp4
4860531	2026-06-18 23:14	/home/jacobw/YTchannel/assets/media/prod_0bea10879f6d4d778daffc01ae634f91/pjob_1a48455bc47941d2b0babbe24e44ab9f.mp4
4860531	2026-06-18 23:14	/home/jacobw/YTchannel/assets/media/prod_6cba656e5d0740199940c7fcaf1b922a/pjob_9c3dbea4a424443eb08f28e1259c0078.mp4
4860531	2026-06-18 23:15	/home/jacobw/YTchannel/assets/media/prod_4ad58158c2a147d8966e201111fb9e82/pjob_ac2a57ebbe5a4ef6a40179ed57ec745d.mp4
4860531	2026-06-18 23:15	/home/jacobw/YTchannel/assets/media/prod_f354504a50fd4c2c8c84d52917f60ee0/pjob_0319315796264ed49f87089ca8715a32.mp4
4860531	2026-06-18 23:25	/home/jacobw/YTchannel/assets/media/prod_69a2c309c7b64c9b8499af2df4a3cebd/pjob_573d76c2c9df411c992494b3648f5208.mp4
4860531	2026-06-18 23:25	/home/jacobw/YTchannel/assets/media/prod_99333fb362f847cbacda9d68691dee35/pjob_3db79379ca624beaabce8c73ef2ee35e.mp4
4860531	2026-06-18 23:25	/home/jacobw/YTchannel/assets/media/prod_db5da16735f941f2b4909d0e05ebf919/pjob_81043c6a193b49c48022a3658a486c8f.mp4
4860531	2026-06-18 23:26	/home/jacobw/YTchannel/assets/media/prod_7f910cddf19243969df68c97dc93b323/pjob_c79d534a8a9548c78a922c7d7f76a4f1.mp4
4860531	2026-06-18 23:26	/home/jacobw/YTchannel/assets/media/prod_df62dcd0215f44719ff52efd7372138c/pjob_0f8787d83357476c96883dfe0b684d62.mp4
4860531	2026-06-18 23:27	/home/jacobw/YTchannel/assets/media/prod_1d081de0921e43958d72e72e0a440199/pjob_ecedefe1eb1c437a95c2f33ab0a2cb23.mp4
4860531	2026-06-18 23:27	/home/jacobw/YTchannel/assets/media/prod_57bfb668970646cba19c3a9e89f71e3f/pjob_b8baf436e8c8471b8bcde05a69e940b5.mp4
4860531	2026-06-18 23:27	/home/jacobw/YTchannel/assets/media/prod_a8ef94f38ef04b66a2234febfafed1c0/pjob_0b835ca4788f47c097b864d9cbed8fb5.mp4
4860531	2026-06-18 23:28	/home/jacobw/YTchannel/assets/media/prod_45a2571564a84b18b2e3cde11923e340/pjob_02d6ea52d3ea4783a553e58bab407230.mp4
4860531	2026-06-18 23:28	/home/jacobw/YTchannel/assets/media/prod_7652df036c1542ca8e24fcbd4d11e206/pjob_6ae6c39d9b5c4e7a9ab06135064636a8.mp4
4860531	2026-06-18 23:40	/home/jacobw/YTchannel/assets/media/prod_49a1513de5eb497586cd5d57d1c5a776/pjob_d840a16013fb47a7acec941c5463bd8b.mp4
4860531	2026-06-18 23:40	/home/jacobw/YTchannel/assets/media/prod_4d81d170d13c4008a67262918323df0e/pjob_b5a5e6e2cd134eb083d27bb565a4691e.mp4
4860531	2026-06-18 23:40	/home/jacobw/YTchannel/assets/media/prod_53c3ac032c0749dc990604ae52ddd170/pjob_9926bdc7821b410dbf3da2cd695b6c53.mp4
4860531	2026-06-18 23:41	/home/jacobw/YTchannel/assets/media/prod_1ffeee5cc4084ce1be0169db2f2251e8/pjob_8848befb5aac47bd9d70493fb9b4f4cc.mp4
4860531	2026-06-18 23:41	/home/jacobw/YTchannel/assets/media/prod_c9ac4d5ef82b4a768a72a94d724f5ea7/pjob_74b0f0d630034636850e20a142707bdd.mp4
4860531	2026-06-18 23:42	/home/jacobw/YTchannel/assets/media/prod_30a3ecdc64b14829a9e7a852c2d613e4/pjob_a3a51fc9832740fcb7b238b74ef92558.mp4
4860531	2026-06-18 23:42	/home/jacobw/YTchannel/assets/media/prod_332bce2d2b5b4e75bb3f972a64dcd934/pjob_c61119dab4394bc4903b6599ed22197d.mp4
4860531	2026-06-18 23:42	/home/jacobw/YTchannel/assets/media/prod_cc2780bdcab24d5e920bce74965cbaa1/pjob_6f3a568e53b848e8a8c49fedf9e743d6.mp4
4860531	2026-06-18 23:43	/home/jacobw/YTchannel/assets/media/prod_00835f2a12124b48a9e8a530fff19568/pjob_85f0eaaef1f34f15a08724d7a312b31d.mp4
4860531	2026-06-18 23:43	/home/jacobw/YTchannel/assets/media/prod_4178f27a7efb473192c9f8c878eba2ed/pjob_749a1787a6054c7994cdd23c9a2350f0.mp4
4860531	2026-06-19 08:08	/home/jacobw/YTchannel/assets/media/prod_5ea4f1b31cd94462892e7bcd47e2bb01/pjob_bf1da298126744e595b703c582cf709f.mp4
4860531	2026-06-19 08:08	/home/jacobw/YTchannel/assets/media/prod_c6882b847b2d4ae585c68c0d3411259e/pjob_9d90dac0501d48789fb87f320ff20f5a.mp4
4860531	2026-06-19 08:09	/home/jacobw/YTchannel/assets/media/prod_6e47988edffb4df9b4f34f3a93e3cd07/pjob_9bb00154894b42958b8ce12af1ada334.mp4
4860531	2026-06-19 08:09	/home/jacobw/YTchannel/assets/media/prod_6ec56def1f854254a5a56a01a7464827/pjob_94b9ee6cdd5e4388984d07e68290e8e3.mp4
4860531	2026-06-19 08:09	/home/jacobw/YTchannel/assets/media/prod_777c06918d834824b2993395005e2f05/pjob_6cd2b40e9ca047a786f3138bad26f37f.mp4
4860531	2026-06-19 08:10	/home/jacobw/YTchannel/assets/media/prod_40d11d1b465f4337870a8edece099358/pjob_8a235299f3f84fbe8a6d40c62fef37a9.mp4
4860531	2026-06-19 08:10	/home/jacobw/YTchannel/assets/media/prod_749fb2f19f9245b3a82fe6e43995f9ac/pjob_94a9e6be9c26482eb8f080522f5ec21c.mp4
4860531	2026-06-19 08:10	/home/jacobw/YTchannel/assets/media/prod_8356a7f2a35a4512ab5dcc0c0f63ee4f/pjob_1f374b51faea4b7592d41db7a3286f31.mp4
4860531	2026-06-19 08:11	/home/jacobw/YTchannel/assets/media/prod_43de7bb8cfca49dd944dbdb7d84ce006/pjob_09af7711c55e4db7937e0e92f98ccf9e.mp4
4860531	2026-06-19 08:11	/home/jacobw/YTchannel/assets/media/prod_5ff2e00656894c75a3ad9adc27b79cf7/pjob_684895a7f7dc4e3b9adfe81ba90acc9b.mp4
4860531	2026-06-19 08:18	/home/jacobw/YTchannel/assets/media/prod_684eba46893942039b666cc67e4cd73d/pjob_6f9c8506249b4b009727aefd50a3906d.mp4
4860531	2026-06-19 08:18	/home/jacobw/YTchannel/assets/media/prod_6ab5a8bef46c4a4c9324a316de91e4ec/pjob_b2a539c6dabe44acb229ac16f332dc9e.mp4
4860531	2026-06-19 08:18	/home/jacobw/YTchannel/assets/media/prod_7786a48194864ff9bd5743ae4a3c6572/pjob_6d84125f82534675a0002ed1551ff114.mp4
4860531	2026-06-19 08:19	/home/jacobw/YTchannel/assets/media/prod_6fd0edbd4b824c03b219cdd2395682c3/pjob_2fd883eafc6f4fc29f53db649918154d.mp4
4860531	2026-06-19 08:19	/home/jacobw/YTchannel/assets/media/prod_e27f6b7b5ebb4e8397d10978bf9e931e/pjob_486f092123d94e97a7fae79ca13edcba.mp4
4860531	2026-06-19 08:20	/home/jacobw/YTchannel/assets/media/prod_ba8726eaa50f43369050d571aa6e71d7/pjob_c1ce21945bbe4b44ad566ba9cc992d37.mp4
4860531	2026-06-19 08:20	/home/jacobw/YTchannel/assets/media/prod_c344d6b654484962a98a50963579c8ee/pjob_a33ae63d32d14b02a65d1f42a196e790.mp4
4860531	2026-06-19 08:20	/home/jacobw/YTchannel/assets/media/prod_e5cb898a186c49a7abb428221138c852/pjob_5dfca8f010874b33ba92ded40ef79412.mp4
4860531	2026-06-19 08:21	/home/jacobw/YTchannel/assets/media/prod_84fa6358c51e4998a3d1d93afe70446f/pjob_cdebf0aeb98649a7be8eb0b9b0bed90d.mp4
4860531	2026-06-19 08:21	/home/jacobw/YTchannel/assets/media/prod_ab14b740e97843c5b61c7a6271d8878f/pjob_503d06ea9bdd44a7849ef22c5ee2d2fe.mp4
4860531	2026-06-19 08:21	/home/jacobw/YTchannel/assets/media/prod_de963fdeaa42443685e8dc2c08b5321d/pjob_673c38ee968b4f6eb1e0a28d3217f3eb.mp4
4860531	2026-06-19 08:22	/home/jacobw/YTchannel/assets/media/prod_5dea1df5413a4776bea6c0ae453e610b/pjob_2d229875bf574b459181b218c4ea667b.mp4
4860531	2026-06-19 08:22	/home/jacobw/YTchannel/assets/media/prod_8e2b77e8d7134b328430a0c0673d274a/pjob_00d19ebedbfa42cdb4433b4bc9bf108c.mp4
4860531	2026-06-19 08:23	/home/jacobw/YTchannel/assets/media/prod_225cbc6d67194a3a822c95bde705ca4f/pjob_bce0ec2cfc7a472992c251c14966b284.mp4
4860531	2026-06-19 12:46	/home/jacobw/YTchannel/assets/media/prod_20b418d1c0934d39a06230e4931379d9/pjob_596d4eda170c438cbf019d1f78f0c49c.mp4
4860531	2026-06-19 12:46	/home/jacobw/YTchannel/assets/media/prod_894800f9c86c4eeea9b9c45e03612968/pjob_36da1ef5eca2416a80e4e584f7942880.mp4
4860531	2026-06-19 12:47	/home/jacobw/YTchannel/assets/media/prod_283d100ac1b44859977077b29bca4e5b/pjob_eddca0860f6b491c8987fe0c7ce270ab.mp4
4860531	2026-06-19 12:47	/home/jacobw/YTchannel/assets/media/prod_9cc6c9ed6a9d43119c9ac4d6b3a14dc1/pjob_dc46b381eb8444eea5222a3039b978fe.mp4
4860531	2026-06-19 12:48	/home/jacobw/YTchannel/assets/media/prod_3af7333f3e4749d09dedf73f2d55bd6c/pjob_bc4ca95c3f8e401895cfc2cc07c19b6d.mp4
4860531	2026-06-19 12:48	/home/jacobw/YTchannel/assets/media/prod_6c3aec3b34e54923a710a81c0e82d892/pjob_2bf998a6e6a64a28a54539a675c747bf.mp4
4860531	2026-06-19 12:48	/home/jacobw/YTchannel/assets/media/prod_a4d18fe3d1c64380afaa016779362234/pjob_e8aef10f134847ce82388a4034584e90.mp4
4860531	2026-06-19 12:49	/home/jacobw/YTchannel/assets/media/prod_1c713aefdad948e19db81c4af7d8660f/pjob_7b53ba109ed8487598ea95e139355d8a.mp4
4860531	2026-06-19 12:49	/home/jacobw/YTchannel/assets/media/prod_3de7c84c619741c4816b9ea773b235f9/pjob_9e7b31b1974a49899b924b8f32e69724.mp4
4860531	2026-06-19 12:50	/home/jacobw/YTchannel/assets/media/prod_bd5e4438ea574dcf98aa75395f64a85e/pjob_62a8fcd089b344d89ab2ef7d8b6aa939.mp4
4860531	2026-06-19 12:50	/home/jacobw/YTchannel/assets/media/prod_e6c5c0bf88504a65b12b0aae92f6c5bc/pjob_ca1a08fee9fc4ea0981856c38a3c9089.mp4
4860531	2026-06-19 12:51	/home/jacobw/YTchannel/assets/media/prod_6db0d6ed395e4506b228eb636cb0efa3/pjob_4e5c8d6ce9d34d0d80565210e14d89c9.mp4
4860531	2026-06-19 12:51	/home/jacobw/YTchannel/assets/media/prod_e705567c019647939eb068ef1fbb4945/pjob_6361383ac6de434884d4c4ef4ce8c26f.mp4
4860531	2026-06-19 12:52	/home/jacobw/YTchannel/assets/media/prod_2c3f4342aaf74b38a5f7db01a47667d9/pjob_90b89249c7f1433bbbc45d329522a5a9.mp4
4860531	2026-06-19 12:52	/home/jacobw/YTchannel/assets/media/prod_9b94da2f795047e39de31f63f361a036/pjob_d2369662688146d99d3a3176179da814.mp4
4860531	2026-06-19 12:52	/home/jacobw/YTchannel/assets/media/prod_d425c8dc33d445679827c4490cc6b616/pjob_743b805a12084371b113a86d55125c7b.mp4
4860531	2026-06-19 12:53	/home/jacobw/YTchannel/assets/media/prod_4d8e007a6d254163b294532671abf981/pjob_98dba5b4e878469a84156ee54ebafa7a.mp4
4860531	2026-06-19 12:53	/home/jacobw/YTchannel/assets/media/prod_b3f10fcb72ee49f788190ebc8910602b/pjob_25e0531e193d4c69aff0ce572e99e669.mp4
4860531	2026-06-19 12:54	/home/jacobw/YTchannel/assets/media/prod_162d66ad0916407d97de7baae5c0ff80/pjob_3831538c2149449382c5757b1c7551ba.mp4
4860531	2026-06-19 12:54	/home/jacobw/YTchannel/assets/media/prod_d1bdc807f7d04f7590b85d2c2af9af26/pjob_ac8f2698666f49b7859a4d43b76caa10.mp4
4860531	2026-06-19 12:54	/home/jacobw/YTchannel/assets/media/prod_f5a406af9cc34f9680522a04d191ce75/pjob_47d32b2578ab47278654768ab6ed7959.mp4
4860531	2026-06-19 13:07	/home/jacobw/YTchannel/assets/media/prod_162ac258871b41c7982b6488a733ad49/pjob_b08c61a9d6654d76b41d924dcc11016b.mp4
4860531	2026-06-19 13:16	/home/jacobw/YTchannel/assets/media/prod_80ef425d9ea44d1cb922b80145ced67f/pjob_b88aac4e0f1f48b2a516d14966e18202.mp4
4860531	2026-06-19 13:16	/home/jacobw/YTchannel/assets/media/prod_ec243bb9f158420b9b89ae701ad37e17/pjob_4bce021025194681b41d6597a8804d5f.mp4
4860531	2026-06-19 13:19	/home/jacobw/YTchannel/assets/media/prod_aab5be43dd114148b2ccd59dcddf7e2a/pjob_db5f6809c7664699be0813e62a75fefa.mp4
4860531	2026-06-19 13:19	/home/jacobw/YTchannel/assets/media/prod_d4b6cc0fda77443a9e5135d583dcd413/pjob_38658517f1834d8c93dd956859c3aa22.mp4
4860531	2026-06-19 13:20	/home/jacobw/YTchannel/assets/media/prod_0565fe46d74c485da9e4e18aeb3a6807/pjob_d1cbd877917f4f8b8c488946f5565b8c.mp4
4860531	2026-06-19 13:20	/home/jacobw/YTchannel/assets/media/prod_75c4747071ad448680beb993573656b8/pjob_a30ea5a43bc04c4989b1513ff0c6dee0.mp4
4860531	2026-06-19 13:20	/home/jacobw/YTchannel/assets/media/prod_c9c6fcbb747248998ffb3ab78c286640/pjob_4bcbef26de924621b748e3e55b237ed2.mp4
4860531	2026-06-19 13:21	/home/jacobw/YTchannel/assets/media/prod_20959ffb5ff941808d9a60e9a3c96883/pjob_99f65b0cc937484087acd56f573f4a03.mp4
4860531	2026-06-19 13:21	/home/jacobw/YTchannel/assets/media/prod_5d852200f6914d2eb533816343275105/pjob_68bac2eadfd140b79321a22f201c7d3e.mp4
4860531	2026-06-19 13:21	/home/jacobw/YTchannel/assets/media/prod_f136cc36268444f98275a311129fa722/pjob_5eb5157e9f6444329a4beab758b4637e.mp4
4860531	2026-06-19 13:22	/home/jacobw/YTchannel/assets/media/prod_671ce60ad3c04990ac8d5113134d4029/pjob_f1fe573d1b4645bc857e9b3421a2d0e3.mp4
4860531	2026-06-19 13:22	/home/jacobw/YTchannel/assets/media/prod_c8ed6368c8444999bd496c7eb0e80f09/pjob_6318d660319d4029956fa8fa2759ff9b.mp4
4860531	2026-06-19 18:53	/home/jacobw/YTchannel/assets/media/prod_08c6ea48f0e941fea0a02781bc551237/pjob_1a1b1921b65844dc8752a80c76f5a1bc.mp4
4860531	2026-06-19 18:53	/home/jacobw/YTchannel/assets/media/prod_95a4e65183194339830cb98dd02db0bf/pjob_ac1904caa1514a558463d4d92a348037.mp4
4860531	2026-06-19 18:53	/home/jacobw/YTchannel/assets/media/prod_c129b57b422c45f98717365bb86dd7e6/pjob_3d702277e033421e98e1a74bd212f453.mp4
4860531	2026-06-19 18:54	/home/jacobw/YTchannel/assets/media/prod_71490612656a4ccf88929ede6c524c1d/pjob_4ea0fcc2d83d45eba46811d87621e737.mp4
4860531	2026-06-19 18:54	/home/jacobw/YTchannel/assets/media/prod_9a744a6c113f4fcf972da14f2bfe4dc8/pjob_7380edef02214091bca3d1317ee91a46.mp4
4860531	2026-06-19 18:54	/home/jacobw/YTchannel/assets/media/prod_dcccae74ac9d4f60a4f289a85cf51ddd/pjob_dbacf5e22dcb4064a3e9ebe9d4c5c97d.mp4
4860531	2026-06-19 18:55	/home/jacobw/YTchannel/assets/media/prod_00125b262f1145d9a4cb8ce445c57ab6/pjob_3fc02374adbb4f04b722a16832d77cb2.mp4
4860531	2026-06-19 18:55	/home/jacobw/YTchannel/assets/media/prod_0ba3590d19ce4c24adbf93089fddfce9/pjob_455de5808360469a830c585362babdfa.mp4
4860531	2026-06-19 18:55	/home/jacobw/YTchannel/assets/media/prod_cf86f52be60443e09c0e82952e00cc54/pjob_c43d32c157fd448fba6bb2c019d81580.mp4
4860531	2026-06-19 18:56	/home/jacobw/YTchannel/assets/media/prod_555232fb7e86405e84ab21f8498aa5d8/pjob_6747a7bf621a47f4a30c1b122cdaeb0e.mp4
4860531	2026-06-19 19:03	/home/jacobw/YTchannel/assets/media/prod_0e367de93d9d4243ab309cc4fd8336ef/pjob_4db876f2a71c4b02bcc9163f6736e37a.mp4
4860531	2026-06-19 19:03	/home/jacobw/YTchannel/assets/media/prod_57d6fe096d6242ab961d5a7f492b0465/pjob_251ac5904fab493eaf2ca48313b20848.mp4
4860531	2026-06-19 19:04	/home/jacobw/YTchannel/assets/media/prod_6d6733fac48540148d8f7c31f85b0c44/pjob_b687b326dd354d81a6184b1cb8f10aa1.mp4
4860531	2026-06-19 19:04	/home/jacobw/YTchannel/assets/media/prod_98f9e243122e4e279ccbe50e330fe95f/pjob_c29ecb0f5baf42898e0d8ce5b2aa3582.mp4
4860531	2026-06-19 19:05	/home/jacobw/YTchannel/assets/media/prod_0a07dbde902643a298fee020f2fda680/pjob_993ae004460745ada20d574a83d14265.mp4
4860531	2026-06-19 19:05	/home/jacobw/YTchannel/assets/media/prod_a3aa680c8ba34d1c81959db4b6fe0309/pjob_6880df5d74604034a04c5000f1439174.mp4
4860531	2026-06-19 19:05	/home/jacobw/YTchannel/assets/media/prod_e4d34c2f40f04a8bb78c9f21440bf788/pjob_51c4f825a7d44df99ec99b38ddc5a200.mp4
4860531	2026-06-19 19:06	/home/jacobw/YTchannel/assets/media/prod_0a95a5fd39ba47b8b64086b6148c6ad6/pjob_199c0efe30f746dbbff58d9f3b593f2f.mp4
4860531	2026-06-19 19:06	/home/jacobw/YTchannel/assets/media/prod_28271ef8f4624e6295f793c3369e14df/pjob_9c9fa4843d214ddcae69ff6356bff7b6.mp4
4860531	2026-06-19 19:06	/home/jacobw/YTchannel/assets/media/prod_6770b8024aa9421b92e4d6945e12b806/pjob_870fa66f8e974930ac53aa0feeb098ea.mp4
4860531	2026-06-19 19:17	/home/jacobw/YTchannel/assets/media/prod_4453ec8e6f8b462487b4447d09b5ff60/pjob_6093eec7b1a545459e1482aabf7836a1.mp4
4860531	2026-06-19 19:17	/home/jacobw/YTchannel/assets/media/prod_bc6cea42f956485a8ceecd80455a0543/pjob_0739adc5c79f4a5ab6fd877092a6965b.mp4
4860531	2026-06-19 19:18	/home/jacobw/YTchannel/assets/media/prod_39c4e58227f4400dadc4e84d1d3b4227/pjob_db6c613eb6b846259350367b417d3c90.mp4
4860531	2026-06-19 19:18	/home/jacobw/YTchannel/assets/media/prod_b0b702d0f2fe452f8358fd2c79de6368/pjob_41454f71d65544429403cb2d98463572.mp4
4860531	2026-06-19 19:18	/home/jacobw/YTchannel/assets/media/prod_dadafce6e70f472bb74b1a5e1827a12f/pjob_b0a3ed356b1142b89aba374031a35a32.mp4
4860531	2026-06-19 19:19	/home/jacobw/YTchannel/assets/media/prod_76aa7211e0d7486eb72ea44e8a36780a/pjob_5fcdfbcc0cc548b8adfe4237b0ebbce1.mp4
4860531	2026-06-19 19:19	/home/jacobw/YTchannel/assets/media/prod_f6747b4b6f184f37adc7639c26a23431/pjob_b12839e7075c4820b1524d4e8f03328a.mp4
4860531	2026-06-19 19:20	/home/jacobw/YTchannel/assets/media/prod_2043fd54473d4811a9d47d57be56d6ed/pjob_af45fe476427454893dfc3e0c2094a21.mp4
4860531	2026-06-19 19:20	/home/jacobw/YTchannel/assets/media/prod_3d7bf9d1973543ab896394338e8a1b1b/pjob_6b2d34a53968479c8fd1781eb136a7c9.mp4
4860531	2026-06-19 19:20	/home/jacobw/YTchannel/assets/media/prod_ecb22ee185dc4374b468deced21fbcfc/pjob_db183c5888a7483fb28821a38c2347c0.mp4
4860531	2026-06-19 19:39	/home/jacobw/YTchannel/assets/media/prod_220300aa770d4c14b4bc9e6574c2b54c/pjob_437e489a141345a4b4aebf3c0471e00c.mp4
4860531	2026-06-19 19:40	/home/jacobw/YTchannel/assets/media/prod_2796a3fce6c142de86e19fb2d5f67818/pjob_4fa4e2ad578d4a2692ae0ac2ef7ce674.mp4
4860531	2026-06-19 19:40	/home/jacobw/YTchannel/assets/media/prod_3aa59068fc3145279e8f4578e6207c72/pjob_f5602e19bf724294bdd81d7d96493466.mp4
4860531	2026-06-19 19:40	/home/jacobw/YTchannel/assets/media/prod_4ed19df225814b6b9638589fc1fa5af7/pjob_28fea923628e4ade9bd03cf024a8f9ec.mp4
4860531	2026-06-19 19:41	/home/jacobw/YTchannel/assets/media/prod_42c0de4c8dd840b897b286d51edfae49/pjob_5acd64bef92046f9af22cd1ed51d2192.mp4
4860531	2026-06-19 19:41	/home/jacobw/YTchannel/assets/media/prod_c4f413693b344fc28b50663c84e51dd1/pjob_eb5536a1b5a641e68b927f04fdea9017.mp4
4860531	2026-06-19 19:41	/home/jacobw/YTchannel/assets/media/prod_ebff8bf5665d4fe3acff4ce556ea7ad5/pjob_5918169977ae44aab3b5c6def58d48bb.mp4
4860531	2026-06-19 19:42	/home/jacobw/YTchannel/assets/media/prod_1e233ed85b174658bcf44f5935358143/pjob_48085d69aa0f4f0eb944279275d016fb.mp4
4860531	2026-06-19 19:42	/home/jacobw/YTchannel/assets/media/prod_93133568867345f1a9a9aa51e16dd36b/pjob_1109a946639d41eb86ccaba1d6518f4f.mp4
4860531	2026-06-19 19:43	/home/jacobw/YTchannel/assets/media/prod_0808982affb746e381de3e910c30d17b/pjob_0187accc9a5e4abc823022d0dddd36b8.mp4
4860531	2026-06-19 19:49	/home/jacobw/YTchannel/assets/media/prod_e02f7e8abf674ece817787c8b514fed7/pjob_ffbd8dfc8af249d3b571eed86e027c1a.mp4
4860531	2026-06-19 19:50	/home/jacobw/YTchannel/assets/media/prod_493da69f47c94d5bb72379ec51551fe6/pjob_5d39e71919884de786553f8187945423.mp4
4860531	2026-06-19 19:50	/home/jacobw/YTchannel/assets/media/prod_983848972bf248569ede549142badb95/pjob_822ef5c9cbcc468db1a355efbcbb0b38.mp4
4860531	2026-06-19 19:50	/home/jacobw/YTchannel/assets/media/prod_d13c0138d1154baa96a7a94e2dd6e6d5/pjob_f013da80f1aa48469f0591fb011b34b2.mp4
4860531	2026-06-19 19:51	/home/jacobw/YTchannel/assets/media/prod_12dfe650881e401097938c271ce947ea/pjob_8e973807ad32485bb084e507903f0e5b.mp4
4860531	2026-06-19 19:51	/home/jacobw/YTchannel/assets/media/prod_267feb24ced442e78c98d417603ce8c3/pjob_89565118eabb44e2907ef23f71620862.mp4
4860531	2026-06-19 19:52	/home/jacobw/YTchannel/assets/media/prod_025f66afcc744bfba81a67a6969c4457/pjob_73cf0e26540544d591aeeb17cfb59454.mp4
4860531	2026-06-19 19:52	/home/jacobw/YTchannel/assets/media/prod_5439dde64f3a42558530d30a479c3bbd/pjob_bb030b4519644b5aa226ed00640b0f65.mp4
4860531	2026-06-19 19:52	/home/jacobw/YTchannel/assets/media/prod_a083e53e5e8f42549912f5fdfc433251/pjob_02e813183edb4fec9023735f5dea0221.mp4
4860531	2026-06-19 19:53	/home/jacobw/YTchannel/assets/media/prod_14bbe2538d1645fbbe58d1fa60352da5/pjob_732e4740b9df4ac780901ed551e93572.mp4
4860531	2026-06-19 19:57	/home/jacobw/YTchannel/assets/media/prod_519dc4a8cf7f47f0a5de02a83e8c3a71/pjob_331f7c8738a946208a9d091cfb2896e1.mp4
4860531	2026-06-19 19:57	/home/jacobw/YTchannel/assets/media/prod_a0f03a606d2945e7be7a34471a66909e/pjob_e64c65a4de5b4bc9bbe704c2be346c12.mp4
4860531	2026-06-19 19:57	/home/jacobw/YTchannel/assets/media/prod_e93e110688bf4cde9d4f3f7930fcc526/pjob_09b308e88fdb41e8aa7b243a52bc36c1.mp4
4860531	2026-06-19 19:58	/home/jacobw/YTchannel/assets/media/prod_1c44026f08c74f11a65a50ba6bd0c485/pjob_697b9247f56840e9a510698835255c3b.mp4
4860531	2026-06-19 19:58	/home/jacobw/YTchannel/assets/media/prod_73dc967131684eb4afdb7aadebfbb370/pjob_d5066d4e532945f3bf3cc5934bb94597.mp4
4860531	2026-06-19 19:58	/home/jacobw/YTchannel/assets/media/prod_760cd5086fd9487d8932cc9c8698cb3a/pjob_9ec3f1cc64e34e88a99b6be75c91ef0a.mp4
4860531	2026-06-19 19:59	/home/jacobw/YTchannel/assets/media/prod_049a38a44a284fdca776fb4615b4d69d/pjob_a1630ec44b6a498581ca500cc4212a17.mp4
4860531	2026-06-19 19:59	/home/jacobw/YTchannel/assets/media/prod_9ccb0eec2206406595d3881d9d5993bf/pjob_0b99698777a441d3b4307dcbab510631.mp4
4860531	2026-06-19 20:00	/home/jacobw/YTchannel/assets/media/prod_1e345fbb1e8b4a05a1fbf51bc578cf41/pjob_69a5e24c61a2473a905f90352c80a9fc.mp4
4860531	2026-06-19 20:00	/home/jacobw/YTchannel/assets/media/prod_32481839eec2401fac0a93149bb18a71/pjob_8eebfd999ba94a44b34d2e0e740f6ba3.mp4
4860531	2026-06-19 20:02	/home/jacobw/YTchannel/assets/media/prod_c31f31b90df3479484a4d913bdcb317a/pjob_66f2b5b7798049caa059c0c22e2f1ca5.mp4
4860531	2026-06-19 20:03	/home/jacobw/YTchannel/assets/media/prod_33957c2a2ed44348a13c1ff3248f3621/pjob_0c2beec6ba2547dd8f58800ca5313586.mp4
4860531	2026-06-19 20:03	/home/jacobw/YTchannel/assets/media/prod_903cea29580d4a83a2f4c03a71f4518c/pjob_24f6ec5dd652477b8cd107f13ecc133d.mp4
4860531	2026-06-19 20:03	/home/jacobw/YTchannel/assets/media/prod_9de114e18d51471187f5ef0b50e2f55f/pjob_c00dd9d3a0c94f9e8ae2130620fded9a.mp4
4860531	2026-06-19 20:04	/home/jacobw/YTchannel/assets/media/prod_3efc876016ab4eeeb7e250855f8e9b62/pjob_bc8594c711b0459e81e23265e7cf4096.mp4
4860531	2026-06-19 20:04	/home/jacobw/YTchannel/assets/media/prod_6ac7d1431ad2472aa7d4aa3d679ea417/pjob_eeaccf694d3a4b1a97e7a06a60160337.mp4
4860531	2026-06-19 20:05	/home/jacobw/YTchannel/assets/media/prod_805753db7b614693b82fe1d7727a1dcc/pjob_291251e379e841a097317b5b274925fe.mp4
4860531	2026-06-19 20:05	/home/jacobw/YTchannel/assets/media/prod_a85748e521984a34840b88bbb772a9e4/pjob_6ffc835671334e0ebd95027c9b6e535d.mp4
4860531	2026-06-19 20:05	/home/jacobw/YTchannel/assets/media/prod_ca31abc946c54a22813c294f683db460/pjob_e863d314cd8c44a2997289a457727cd5.mp4
4860531	2026-06-19 20:06	/home/jacobw/YTchannel/assets/media/prod_6a5092adeda94738a07adbb3a064929e/pjob_d3991256c2914b2684fd3a4623098619.mp4
4860531	2026-06-19 20:09	/home/jacobw/YTchannel/assets/media/prod_692321caf5654d399dfd39a4b888b770/pjob_b9dec77fb2f54426b4cac9ebbd8d804f.mp4
4860531	2026-06-19 20:09	/home/jacobw/YTchannel/assets/media/prod_bc31c361e4fa4ae78b511adbd4cf6b93/pjob_9b34f352a5ff44be8eb7859b7c6981c0.mp4
4860531	2026-06-19 20:09	/home/jacobw/YTchannel/assets/media/prod_ffd94a0c51a24e1b921b8f9452e7edd6/pjob_1452db8d2ba3447c869b67e5d004420b.mp4
4860531	2026-06-19 20:10	/home/jacobw/YTchannel/assets/media/prod_2c700e67bd724b58bb43c35acbf0f2da/pjob_36abb46d5bb74ff980da21f7ba51a46b.mp4
4860531	2026-06-19 20:10	/home/jacobw/YTchannel/assets/media/prod_a1035338b7e94134b753745ad68a898e/pjob_45b104f4417f48a9933705f9e3d1ad22.mp4
4860531	2026-06-19 20:11	/home/jacobw/YTchannel/assets/media/prod_895f29390b8545c4a4b64c4b3ed76216/pjob_502223161be9449a9198b74019e5caf0.mp4
4860531	2026-06-19 20:11	/home/jacobw/YTchannel/assets/media/prod_8a93a833990d46e394065a37acc2682e/pjob_2e62b19c3a154c5ba11e68ca4f7160df.mp4
4860531	2026-06-19 20:11	/home/jacobw/YTchannel/assets/media/prod_efc17259c89443c9a3b7b7cd7a1607a8/pjob_5b853b10468a475fb0a0d83a2fba227e.mp4
4860531	2026-06-19 20:12	/home/jacobw/YTchannel/assets/media/prod_1778b1138c8944fb8b97ce739c70035d/pjob_04f5e1807d15484ba42a4d6473d0646d.mp4
4860531	2026-06-19 20:12	/home/jacobw/YTchannel/assets/media/prod_2799d2809f56439097f05ba396d38600/pjob_b9932cda05a3492cba12aaec1c5f6c75.mp4
4860531	2026-06-19 20:22	/home/jacobw/YTchannel/assets/media/prod_a67aa61adfaf452a97cc201b32198d35/pjob_ca329678d9a04fd791bb8b11e2776578.mp4
4860531	2026-06-19 20:22	/home/jacobw/YTchannel/assets/media/prod_ca9c0218cb0543fd89166f3bc248b165/pjob_75b3e22cd717486181bc832d49b8ca5e.mp4
4860531	2026-06-19 20:24	/home/jacobw/YTchannel/assets/media/prod_2c2c47cca6ca446b8a5b7231d1aefe65/pjob_2849f20962274207a2f0f0c72ae0f606.mp4
4860531	2026-06-19 20:24	/home/jacobw/YTchannel/assets/media/prod_4a5b862c6a9b4967833661c2dd99c7de/pjob_99644a4d651b43abb6af7107b680003d.mp4
4860531	2026-06-19 20:24	/home/jacobw/YTchannel/assets/media/prod_e0cd0254d68a4b21847fd9590fb0d449/pjob_97869c22205d45dbb5934c2159026231.mp4
4860531	2026-06-19 20:25	/home/jacobw/YTchannel/assets/media/prod_61fed504fc0046c782fbcbf8b2dadf53/pjob_90e6648546bf453b8c208b93a574b819.mp4
4860531	2026-06-19 20:25	/home/jacobw/YTchannel/assets/media/prod_858ef20990524298ac201ac8b4d2aecd/pjob_440959c6ee4a4fe7a00dd08741a7db32.mp4
4860531	2026-06-19 20:26	/home/jacobw/YTchannel/assets/media/prod_aef52c4ebaf442aca3f9e210298c0e2f/pjob_dd1248eb38054492bcc8f72054a53181.mp4
4860531	2026-06-19 20:26	/home/jacobw/YTchannel/assets/media/prod_c725c285e0f14ed7b01effb9ff36a357/pjob_efa4b0ccaf064907b9ae236e0f6d099d.mp4
4860531	2026-06-19 20:26	/home/jacobw/YTchannel/assets/media/prod_fde19c883a704160bb9cc38df243c1c2/pjob_9f15177a86c34026990d60896b24074f.mp4
4860531	2026-06-19 20:27	/home/jacobw/YTchannel/assets/media/prod_0ad7840465fb414ca61ed01960f55013/pjob_658ff44db12d43538faa8378d4918901.mp4
4860531	2026-06-19 20:27	/home/jacobw/YTchannel/assets/media/prod_aaba4acb5fd8454eaf9811f40b717c62/pjob_20fb038d6d44428bad054754ea586bfb.mp4
4860531	2026-06-19 20:36	/home/jacobw/YTchannel/assets/media/prod_13fa37fcfb784eb3840cdadb7f5dc98b/pjob_0fd1635ca9974fc69354c377008325de.mp4
4860531	2026-06-19 20:36	/home/jacobw/YTchannel/assets/media/prod_7411eef494644be4a8b27e5bd0a4f924/pjob_ec68c5c328f944319919ed4205643567.mp4
4860531	2026-06-19 20:38	/home/jacobw/YTchannel/assets/media/prod_1812d3a886f149f984b42c9b99715e5b/pjob_9e9afecf76a6492da30bd2fc8fe8ab1b.mp4
4860531	2026-06-19 20:38	/home/jacobw/YTchannel/assets/media/prod_7a2207f53a434a78b0a4843b80b5ad46/pjob_f463d9d75f4447848cb41919d7665054.mp4
4860531	2026-06-19 20:39	/home/jacobw/YTchannel/assets/media/prod_2ce6583fd9cf4629a4019ebc641baa18/pjob_817de17a53384fda884f73c5a05af02f.mp4
4860531	2026-06-19 20:39	/home/jacobw/YTchannel/assets/media/prod_8a12bf0ca4c643b6a24c613fb41db1ab/pjob_473e02f3944b451a87ff162ca3ada5c7.mp4
4860531	2026-06-19 20:39	/home/jacobw/YTchannel/assets/media/prod_c90cdb1475844d50bb0414776690adaa/pjob_4ec1bf5068624f06b028fb9bfa081ba8.mp4
4860531	2026-06-19 20:40	/home/jacobw/YTchannel/assets/media/prod_20fcb00a9ccf41e1b5fadb42471d34ec/pjob_ffa0b95163e04225bfeab4d0e0a4f9a5.mp4
4860531	2026-06-19 20:40	/home/jacobw/YTchannel/assets/media/prod_30d67b5affc54818b14919623e2ea90f/pjob_54d0ecdd85f3483ea66829117664e705.mp4
4860531	2026-06-19 20:40	/home/jacobw/YTchannel/assets/media/prod_ba43fa07486f4ad2b8556d3571430521/pjob_43509b2869284b7cbd372d42496295a9.mp4
4860531	2026-06-19 20:41	/home/jacobw/YTchannel/assets/media/prod_35cfe0a0823b41f4ac0f5b75d768a6bf/pjob_1dee7a8552e94676a567de43edd11534.mp4
4860531	2026-06-19 20:41	/home/jacobw/YTchannel/assets/media/prod_aa101554b9d840a6b85c881a472da126/pjob_5fe2928f1b6a479e9832cebf45345570.mp4
4860531	2026-06-19 21:14	/home/jacobw/YTchannel/assets/media/prod_2a0d613df2204ee1937630f801a1cf1f/pjob_113a86253be94a44aee90a4c5f1b8f7e.mp4
4860531	2026-06-19 21:15	/home/jacobw/YTchannel/assets/media/prod_5b6c3c75e7874ba8a26d4489b9960c97/pjob_cf65cabd62664b0ea1523b37a664678c.mp4
4860531	2026-06-19 21:15	/home/jacobw/YTchannel/assets/media/prod_b3a96d4ecdec4ef0a409aa998f647b27/pjob_a5674ca16f9e40ffa32a05bd9c5912c2.mp4
4860531	2026-06-19 21:15	/home/jacobw/YTchannel/assets/media/prod_f7ee3c918e594f739333c9e137a7ae51/pjob_093a354e36744bbe8c9db4b4d45dcc9d.mp4
4860531	2026-06-19 21:16	/home/jacobw/YTchannel/assets/media/prod_83c4bcdfd74f4ab6b9022923f91466d1/pjob_9749664652c14be9bde456fc1b426207.mp4
4860531	2026-06-19 21:16	/home/jacobw/YTchannel/assets/media/prod_94502a8d336e4515bb8a82fe108b0f51/pjob_6a470113f5db49a09a762e9c36bd36e6.mp4
4860531	2026-06-19 21:17	/home/jacobw/YTchannel/assets/media/prod_94de3c2f416e4092a238de417d9581ac/pjob_ac29283e20e648d6b2b8c51f8338e93e.mp4
4860531	2026-06-19 21:17	/home/jacobw/YTchannel/assets/media/prod_a924fa3486b1444d93aa5d4cc34b8732/pjob_16e004db4afd4e33b877fe8c9f6711ec.mp4
4860531	2026-06-19 21:17	/home/jacobw/YTchannel/assets/media/prod_f38e021ac5a0475bbadc98c0e6c61826/pjob_5d2f5ad15b0b4c8fb97022498f2d96c5.mp4
4860531	2026-06-19 21:18	/home/jacobw/YTchannel/assets/media/prod_6254acbe63d449f3b0cc39760144411f/pjob_156670c7cf9a4a5296bb0d4e432ced60.mp4
4860531	2026-06-19 21:27	/home/jacobw/YTchannel/assets/media/prod_d5e48fba1ff44a6a8384fd7e2cd3eba8/pjob_520bcf6ae9654e499d09416242689602.mp4
4860531	2026-06-19 21:28	/home/jacobw/YTchannel/assets/media/prod_47dbf6922ca74f3a897a7370f1a37429/pjob_1c56d43e6573474ea45577d537c6c696.mp4
4860531	2026-06-19 21:28	/home/jacobw/YTchannel/assets/media/prod_9c15aac3e4294e0285799583363cbdf1/pjob_2e0f3e58823c485b8ad84e3cc0053663.mp4
4860531	2026-06-19 21:28	/home/jacobw/YTchannel/assets/media/prod_bfb0bd597bdb491aa6d87d6bc46c8385/pjob_6b7675df862d401a9cac89f389be7403.mp4
4860531	2026-06-19 21:29	/home/jacobw/YTchannel/assets/media/prod_a6262762cfad4aa29fabefe5804d1701/pjob_199b7d10946343a8acc10cd4fa1707ab.mp4
4860531	2026-06-19 23:17	/home/jacobw/YTchannel/assets/media/prod_d5c82bb4961241beaedf0fa862fa49e1/pjob_06308d5ebddb4d6e933219f1e5130ae1.mp4
4860531	2026-06-19 23:18	/home/jacobw/YTchannel/assets/media/prod_5e2f54fba2594da49d7297fa437cb28e/pjob_0b34a750890f4ed095b00845cebcac09.mp4
4860531	2026-06-19 23:18	/home/jacobw/YTchannel/assets/media/prod_5f0b2790eb8649269c71f9ec9be90531/pjob_32c73dbe2b654377bc4e6b9fdfdf8348.mp4
4860531	2026-06-19 23:18	/home/jacobw/YTchannel/assets/media/prod_9b353b76def64e26bc4233e3714a0493/pjob_e9ee1b3b2c4f40d18f1de50eb296b9be.mp4
4860531	2026-06-19 23:19	/home/jacobw/YTchannel/assets/media/prod_1106b39e5ff94640a6e88d9a6f936053/pjob_dd6aa8036abd4cc4ab198665d5d90321.mp4
4860531	2026-06-19 23:19	/home/jacobw/YTchannel/assets/media/prod_54c45fdceb774de891daf37331f67a71/pjob_dd3dff739d554b6fa6f35b2c910c5836.mp4
4860531	2026-06-19 23:19	/home/jacobw/YTchannel/assets/media/prod_7904a1dbbd50438f8995e168db022647/pjob_4c743a3b15d645508d0bc8c81ace39ee.mp4
4860531	2026-06-19 23:20	/home/jacobw/YTchannel/assets/media/prod_00a16f9349194fb3a07cceb67175e173/pjob_5fe1b2e058464c0db60288611964ce7e.mp4
4860531	2026-06-19 23:20	/home/jacobw/YTchannel/assets/media/prod_c9d4c9f6e906433f9d0983087e8e1898/pjob_713e546f1d804e729696bd7136f7ac06.mp4
4860531	2026-06-19 23:21	/home/jacobw/YTchannel/assets/media/prod_a52daa8d8e6e4143a200f798d43d80c0/pjob_823692cd4ead4c27a749353aba815784.mp4
4860531	2026-06-20 00:13	/home/jacobw/YTchannel/assets/media/prod_7c378cef6d6c4d37a5444c35920ac39e/pjob_06017043950347de90078f2b6bc8847f.mp4
4860531	2026-06-20 00:14	/home/jacobw/YTchannel/assets/media/prod_8e449e5d698b47098799304beb7e0500/pjob_b6433d3581824e12996eda531b151cae.mp4
4860531	2026-06-20 00:14	/home/jacobw/YTchannel/assets/media/prod_d52f872d75b64aca99df77efbb741e90/pjob_bf428c8e6cf8472cadb4b8c2c6d75b2d.mp4
4860531	2026-06-20 00:15	/home/jacobw/YTchannel/assets/media/prod_26acbfcf2ea149b68b5c617792256dbc/pjob_61485538e69740fd9845f47946f1ff66.mp4
4860531	2026-06-20 00:15	/home/jacobw/YTchannel/assets/media/prod_9d268e172b7b44f78020ea995d24b679/pjob_3abbbd3a8a6048bd845d00d43f9f5838.mp4
4860531	2026-06-20 00:15	/home/jacobw/YTchannel/assets/media/prod_d6c48a4ce7f14ca3835d026d8355734c/pjob_1283b2bfdb6a4dff9a1ed87db804a0cb.mp4
4860531	2026-06-20 00:16	/home/jacobw/YTchannel/assets/media/prod_094b8ce7e5b94cdbbbb55b1ddb8cb3d4/pjob_0d03570f2bdb46c0988a9d60243a595c.mp4
4860531	2026-06-20 00:16	/home/jacobw/YTchannel/assets/media/prod_2174a42e9b8f4e0e947851843209fd51/pjob_4ec6a617b7aa41cfb6e8d9ec1397a932.mp4
4860531	2026-06-20 00:16	/home/jacobw/YTchannel/assets/media/prod_99c5dbdd471a4e2880fc99fd1de4b4e9/pjob_9c7d5af7be4542fc967815a2abbe65bf.mp4
4860531	2026-06-20 00:17	/home/jacobw/YTchannel/assets/media/prod_c3aea06949084ba0922f6f03744c95ac/pjob_a3aa66afa3e948ba9bd1228c03c55e49.mp4
4860531	2026-06-20 09:57	/home/jacobw/YTchannel/assets/media/prod_f0b6aafd5b5b4e348fb18481b56b591b/pjob_e37fc9652ccd4173b5a895f1d6768f5d.mp4
4860531	2026-06-20 10:00	/home/jacobw/YTchannel/assets/media/prod_898b73d50f294f36ba090b717588a470/pjob_0bea5899ce97476da986ca323f7e3103.mp4
4860531	2026-06-20 10:00	/home/jacobw/YTchannel/assets/media/prod_d6b460e9b63c48b48e8870fb954f9afc/pjob_362ac3b746fd40a6bb014772b9a30939.mp4
4860531	2026-06-20 10:01	/home/jacobw/YTchannel/assets/media/prod_2f08276a534a4ee6a1039c7d4615250b/pjob_0478f7f6dd984dd0b768ca2f1b6b9bc1.mp4
4860531	2026-06-20 10:01	/home/jacobw/YTchannel/assets/media/prod_52fb1bb14cf044f6ad97a57b27c49fc4/pjob_8a10afd689a24882b202259bad8801e9.mp4
4860531	2026-06-20 10:01	/home/jacobw/YTchannel/assets/media/prod_ca6f1bc4b3b240a293d3ab4d7404f320/pjob_b1c4db76871b46ea8b8ad30cb2e98637.mp4
4860531	2026-06-20 10:02	/home/jacobw/YTchannel/assets/media/prod_3ada3609c11b4d0c8c5f075b26faecbc/pjob_ef9a36ae7ef045919d1c4f02be2de617.mp4
4860531	2026-06-20 10:02	/home/jacobw/YTchannel/assets/media/prod_e8a19a4160c94de089949cef823fa6a0/pjob_1af363d434434f05b4430633f925b95c.mp4
4860531	2026-06-20 10:03	/home/jacobw/YTchannel/assets/media/prod_17c4be16ef4c471ebe9c1e3f1888287b/pjob_f3d8a79d6cc84c7bb9f9516f2b423741.mp4
4860531	2026-06-20 10:03	/home/jacobw/YTchannel/assets/media/prod_c1a325cd3ec04112b34a57a58fb0a9e0/pjob_19784352744a49a3a6e53360d95de442.mp4
4860531	2026-06-20 10:04	/home/jacobw/YTchannel/assets/media/prod_02b39d2ba4bb4fb2b16a73a3c1128c41/pjob_4e4ed286d86a4a0c9bb85a38740f4f5b.mp4
4860531	2026-06-20 10:04	/home/jacobw/YTchannel/assets/media/prod_3941980c9d364404ab9f83ba58d2afec/pjob_2b5addcd99c04192aa6b7849d73b76cf.mp4
4860531	2026-06-20 10:05	/home/jacobw/YTchannel/assets/media/prod_31258b9077684bdea768d6026d444ad1/pjob_c9f1115a75e94351a65df6d92f03976d.mp4
4860531	2026-06-20 10:05	/home/jacobw/YTchannel/assets/media/prod_49f6ea7c152140dca5d8e4e4d8ae9c59/pjob_ae89cadd54a444f182e17a3eed841960.mp4
4860531	2026-06-20 10:05	/home/jacobw/YTchannel/assets/media/prod_f50482567652409b9a6ea8d2ef775310/pjob_6c669f9c355141a8aec28fc0d3866ac4.mp4
4860531	2026-06-20 10:06	/home/jacobw/YTchannel/assets/media/prod_cb55b73372df4b1a8a2f93908c71d25b/pjob_dc422216af8244d290331fc3ee93be7e.mp4
4860531	2026-06-20 10:07	/home/jacobw/YTchannel/assets/media/prod_04619e1874274aeaa39fcdc383f5306f/pjob_b43b593652ad443ca9f459c1e7fa02d7.mp4
4860531	2026-06-20 10:07	/home/jacobw/YTchannel/assets/media/prod_86ce3ae54bce45ceafa3e47e0200ef54/pjob_30f9bd7e1a5d42f49770e12134faf472.mp4
4860531	2026-06-20 10:07	/home/jacobw/YTchannel/assets/media/prod_fdd465eb2b794d43898fb856f36c5edd/pjob_b6f062b6c9c44ca786269ab45aae265b.mp4
4860531	2026-06-20 10:08	/home/jacobw/YTchannel/assets/media/prod_d51bfde573f448bcb45f0b42aa777388/pjob_61adbf26fc1c4286b3a6a7ad7ee48088.mp4
4860531	2026-06-20 10:08	/home/jacobw/YTchannel/assets/media/prod_ec691b02bc17448197ddc8c61fc6531f/pjob_169491e4f7174d9c980a089e2fdeb7e9.mp4
4860531	2026-06-20 10:09	/home/jacobw/YTchannel/assets/media/prod_1b9750aadc394d5ab919295214d383ea/pjob_fe036635146140ef9004d29425eb31e3.mp4
4860531	2026-06-20 10:09	/home/jacobw/YTchannel/assets/media/prod_6424e08007e8427380c7338d864381bc/pjob_fd2e840dddde4138bac178a856be9aff.mp4
4860531	2026-06-20 10:09	/home/jacobw/YTchannel/assets/media/prod_c29286260b5b4b4eac8e275b1820d9bf/pjob_f20749616af2468a8970b5bf93c5a3fb.mp4
4860531	2026-06-20 10:10	/home/jacobw/YTchannel/assets/media/prod_5d76262e84c64f5d9adc2c91760ff98d/pjob_61ec0ed09cb343099297c80e0f8a2e6d.mp4
4860531	2026-06-20 10:10	/home/jacobw/YTchannel/assets/media/prod_cd0f1bbe731d4852b70fa3bd1f64150d/pjob_846e8e9f243a46499e5cb2ea6c3be74d.mp4
4860531	2026-06-20 10:11	/home/jacobw/YTchannel/assets/media/prod_4b0a85c982744c98903eb3d36da2c9ff/pjob_fdd6c8358e6547a38e07c3a241d07bcc.mp4
4860531	2026-06-20 10:11	/home/jacobw/YTchannel/assets/media/prod_b89e63b9c8c44e3fbaf3eecb52705b94/pjob_3607335ca0ae47aab6aaa81d1e42daa4.mp4
4860531	2026-06-20 10:12	/home/jacobw/YTchannel/assets/media/prod_7a5da6873ec64442aa80aea17dc915eb/pjob_15e3006a8648412bbc5d648a7651ef18.mp4
4860531	2026-06-20 10:12	/home/jacobw/YTchannel/assets/media/prod_9b583ac32bf44b1898eab2b6fc309c10/pjob_dc8b24ef1aa4447b95da0359f8286bca.mp4
4860531	2026-06-20 10:12	/home/jacobw/YTchannel/assets/media/prod_cc951ede102440579696fc5c531377b6/pjob_a478e833f18548f5b77a64ce71ede067.mp4
4860531	2026-06-20 10:13	/home/jacobw/YTchannel/assets/media/prod_5f4d91cc68e94051aa77410f56005383/pjob_6648445bb8304896a8d34d5a83aa9e63.mp4
4860531	2026-06-20 10:13	/home/jacobw/YTchannel/assets/media/prod_f032d4ef2ef846139f772c5f6e032e8e/pjob_b0217581b8514e5b9f72a8fc0111f184.mp4
4860531	2026-06-20 10:13	/home/jacobw/YTchannel/assets/media/prod_f18818f435694305b81ab6ac310e5c7f/pjob_4d49f7aef242480daed7ffc3c7cde028.mp4
4860531	2026-06-20 10:14	/home/jacobw/YTchannel/assets/media/prod_0804e2bca15749f495f0cc7c930d40bc/pjob_75149142a283451497230b5aef790b2a.mp4
4860531	2026-06-20 10:14	/home/jacobw/YTchannel/assets/media/prod_38c0d49f24ef49ee8aba457814305259/pjob_4b01837bfd214c0199e7f52d0377a42a.mp4
4860531	2026-06-20 10:38	/home/jacobw/YTchannel/assets/media/prod_a8c740152bac4d15b165b8c6a9cf7d5a/pjob_0d0d1d4d6ed74218b15cdf4bc42e7db3.mp4
4860531	2026-06-20 10:39	/home/jacobw/YTchannel/assets/media/prod_90632ecfd28f46faa244a4eff593bec9/pjob_fe6580f4719249999fba75ecc9334e4d.mp4
4860531	2026-06-20 10:39	/home/jacobw/YTchannel/assets/media/prod_c7c345f06d9a46caaf7c201b4fd74e04/pjob_7e61488027cd406da0fd3bda8f4815e9.mp4
4860531	2026-06-20 10:40	/home/jacobw/YTchannel/assets/media/prod_e80d780c4b144127b8802fc92d2785ca/pjob_609789d08a5e4220970b16db8e09a133.mp4
4860531	2026-06-20 10:41	/home/jacobw/YTchannel/assets/media/prod_94551e5dbe8049a882735d0bdef67ea3/pjob_abc01eae99f541249a860d9211cd0d4f.mp4
4860531	2026-06-20 10:41	/home/jacobw/YTchannel/assets/media/prod_c5a20a8587c64360bc14b4d54c84b695/pjob_ebd895263f384cd28202936c09be2807.mp4
4860531	2026-06-20 10:42	/home/jacobw/YTchannel/assets/media/prod_6ac42e19946e442f9c7a1d43b743b100/pjob_6e2da9dfaf31412db1f2d464fb51cc88.mp4
4860531	2026-06-20 10:43	/home/jacobw/YTchannel/assets/media/prod_9826604a2ccf4ac5bfcf51707620beac/pjob_bdedb7b689f8452b91c70aca16ae6277.mp4
4860531	2026-06-20 10:43	/home/jacobw/YTchannel/assets/media/prod_a7993b7252754902ac5979e3192cdb2b/pjob_e18fc1d6aa3045b1a7ee361d48ee87f1.mp4
4860531	2026-06-20 10:44	/home/jacobw/YTchannel/assets/media/prod_0fd8e1355cb94f11825ca38e39095021/pjob_b414b13cdeea49adad30ce47bee8bb27.mp4
4860531	2026-06-20 10:44	/home/jacobw/YTchannel/assets/media/prod_6dd1cf431aee4373a2f5191f6fd15a6c/pjob_e965ef1c08cd4f268d8a03ed3d985d62.mp4
4860531	2026-06-20 10:44	/home/jacobw/YTchannel/assets/media/prod_911b51c63bbb4b7ab66595660a5f5a51/pjob_53bf79a50c0746c9b2010b7e6e964984.mp4
4860531	2026-06-20 10:45	/home/jacobw/YTchannel/assets/media/prod_60173d0a5f5040a8ada01b707150e901/pjob_221093148a604f239e4902fe30215114.mp4
4860531	2026-06-20 10:45	/home/jacobw/YTchannel/assets/media/prod_a31dcee0fe1e45bd995667659747b9c9/pjob_b50fcf11578a4e6c93a448718d6aa3ae.mp4
4860531	2026-06-20 10:45	/home/jacobw/YTchannel/assets/media/prod_da141984e2c1468fa671887b59534a15/pjob_63a162119db64194a374461c61d4ef46.mp4
4860531	2026-06-20 10:46	/home/jacobw/YTchannel/assets/media/prod_362899a8e0184293821c283e744569e4/pjob_e86d1f2384c2421695efec4b3b9d651a.mp4
4860531	2026-06-20 12:04	/home/jacobw/YTchannel/assets/media/prod_a2efa550033a45d09494911825d0fe89/pjob_b051c95235ec4f5f8ddf62d52bea6261.mp4
4860531	2026-06-20 12:04	/home/jacobw/YTchannel/assets/media/prod_df9c339a75ab407698f3f248ce61eea6/pjob_0913e8c15b074365ad22f0096a82e88c.mp4
4860531	2026-06-20 12:04	/home/jacobw/YTchannel/assets/media/prod_e4281e8aacac41a38a5be20b563a1830/pjob_7e7ed39f8de2443d80a319f0b4928349.mp4
4860531	2026-06-20 12:06	/home/jacobw/YTchannel/assets/media/prod_1780cd0901504cfba60e538f691512cc/pjob_b6b4ba04ad7f473c9f9c9e9913bafd85.mp4
4860531	2026-06-20 12:06	/home/jacobw/YTchannel/assets/media/prod_80a26baed9e34550afb1e5eb05906205/pjob_0d3123cfe3c7418faeec8dd467dac528.mp4
4860531	2026-06-20 12:07	/home/jacobw/YTchannel/assets/media/prod_17a746d6f26c41df9266007a05d79f5c/pjob_a322f13678a34298aa372791e93128ac.mp4
4860531	2026-06-20 12:07	/home/jacobw/YTchannel/assets/media/prod_4445fd9ec6e0445d8d0004c9c332d933/pjob_b2b508e1e265406e889e949ba73d1ab2.mp4
4860531	2026-06-20 12:07	/home/jacobw/YTchannel/assets/media/prod_6d7fbfbbfd684448858074c34198a86a/pjob_d5076475958244c1aeddd9ba14b5af99.mp4
4860531	2026-06-20 12:08	/home/jacobw/YTchannel/assets/media/prod_4314c88a63e94af1a460b15899ca769b/pjob_641bc23e27474118a4e63268137d2619.mp4
4860531	2026-06-20 12:08	/home/jacobw/YTchannel/assets/media/prod_680328eb51324863be73943f7078ffea/pjob_3cdefe00fe9b4c099d0a09427e7dabea.mp4
4860531	2026-06-20 12:08	/home/jacobw/YTchannel/assets/media/prod_b64ebbede17f4475b053203e9ab18771/pjob_938656b57f60440db239b0262a4f09ae.mp4
4860531	2026-06-20 12:09	/home/jacobw/YTchannel/assets/media/prod_64eac0c0570f40dc947fc9e444c16fd3/pjob_54132ea1f0454574bad5a9961c3e7f03.mp4
4860531	2026-06-20 12:09	/home/jacobw/YTchannel/assets/media/prod_bbb4d7e99e6e44cd88fe2466a7988088/pjob_81e33f9a7481487394e87e533dd29e97.mp4
4860531	2026-06-20 12:25	/home/jacobw/YTchannel/assets/media/prod_78a90ab5ed2f4c8494d2b1f6d98e868b/pjob_f36b5e8ef35245b2bef856fc8e1e9b78.mp4
4860531	2026-06-20 12:25	/home/jacobw/YTchannel/assets/media/prod_e4fc11f9b5024c1da36c6511716345e4/pjob_43442514516f44b9ba4c63d809d067ae.mp4
4860531	2026-06-20 12:26	/home/jacobw/YTchannel/assets/media/prod_e0083fb871f64b79a34f53829908cb38/pjob_721d3a1a1549410d949d4d635b2b6102.mp4
4860531	2026-06-20 12:27	/home/jacobw/YTchannel/assets/media/prod_3e63a337a5d34874a30e9aebdc9dc53c/pjob_695620b8a32740f881c88989294e396a.mp4
4860531	2026-06-20 12:27	/home/jacobw/YTchannel/assets/media/prod_c871f6e8cb29428588407d92a54c4325/pjob_3a6d6cc45f0e47f1a1bdeb09ae28bf6f.mp4
4860531	2026-06-20 12:28	/home/jacobw/YTchannel/assets/media/prod_2a6ed34648384a0cb800c0a146691f1c/pjob_617e6e5be9c140dbbe618be98728c933.mp4
4860531	2026-06-20 12:28	/home/jacobw/YTchannel/assets/media/prod_2fdf2a5989b545d7be58210ebc969e29/pjob_e8815e66e0a948739404c1cb3e4a2817.mp4
4860531	2026-06-20 12:28	/home/jacobw/YTchannel/assets/media/prod_548bda61e4824121850c96283fdb50eb/pjob_d1a6d357a0724ab5893b70ab56490c11.mp4
4860531	2026-06-20 12:29	/home/jacobw/YTchannel/assets/media/prod_66fc5dfe045b460ca4cea6ff942bedf0/pjob_507d843c797e4a4b8f652df6f0f04613.mp4
4860531	2026-06-20 12:29	/home/jacobw/YTchannel/assets/media/prod_f7c5f307c90e41838de499c176535f34/pjob_4dfa69db8d124fd7934027a77dbbfcb5.mp4
4860531	2026-06-20 12:30	/home/jacobw/YTchannel/assets/media/prod_846945b9b913479782cf925eec47033d/pjob_7266a34b3c3f42268cc1ea6f7e69a3f2.mp4
4860531	2026-06-20 12:30	/home/jacobw/YTchannel/assets/media/prod_d25c3a3d8a4748e684de4becc2884194/pjob_e52d9507fe824d238a69f766d9d152c6.mp4
4860531	2026-06-20 12:30	/home/jacobw/YTchannel/assets/media/prod_e72b81c82300492dbb5c5c0d3578984f/pjob_babe9e3242f648b7b652e2e477a49f09.mp4
4860531	2026-06-20 12:56	/home/jacobw/YTchannel/assets/media/prod_47344dad39a9461fb015c28bc0b15b82/pjob_d4fb00eda01441b29d1a75c496370013.mp4
4860531	2026-06-20 13:04	/home/jacobw/YTchannel/assets/media/prod_f74962c0f308432c9e3a3df3422c0a4e/pjob_9921b7b8e2824d9f9fb20def8c669bc5.mp4
4860531	2026-06-20 13:05	/home/jacobw/YTchannel/assets/media/prod_613f20d7ca5e4c61ae50c0f3714ebe5d/pjob_64582b4bcbdb49239ed5535dffb4f114.mp4
4860531	2026-06-20 13:06	/home/jacobw/YTchannel/assets/media/prod_3ee3bde01ba44234b683c407bbec84b0/pjob_5728f7b57ef64c798f9ba84531b0aa65.mp4
4860531	2026-06-20 13:07	/home/jacobw/YTchannel/assets/media/prod_a66c3866b0ad4d9fa34539adac92824b/pjob_4e962c5168d0405d988d78912aff69da.mp4
4860531	2026-06-20 13:08	/home/jacobw/YTchannel/assets/media/prod_eacebca84f98469b9f339158a6997200/pjob_98b0348d1a594cfdbd2730f9c811a10f.mp4
4860531	2026-06-20 13:09	/home/jacobw/YTchannel/assets/media/prod_543ef8b9f6d54a65bcdb2a5558208411/pjob_04bd19d215f14d8f9fab64dc72f25905.mp4
4860531	2026-06-20 13:09	/home/jacobw/YTchannel/assets/media/prod_d0032e0ec4cb41e5a30db42e51d951ed/pjob_0e55aafc2c2c40daa561c8c48cd4f045.mp4
4860531	2026-06-20 13:10	/home/jacobw/YTchannel/assets/media/prod_b4dd6920a010465d83d9e9a670c8e3a5/pjob_556b525bb3f643ecbb74ead75fc21293.mp4
4860531	2026-06-20 13:11	/home/jacobw/YTchannel/assets/media/prod_743aa1bbb80349fe9463274cd09b464f/pjob_77e45a200f454645ae43d7ba986ca948.mp4
4860531	2026-06-20 13:12	/home/jacobw/YTchannel/assets/media/prod_4c152e14e7ef4343be77cf98c1057cdf/pjob_27a74a77edd442df9aec1caa22ee1219.mp4
4860531	2026-06-20 13:13	/home/jacobw/YTchannel/assets/media/prod_2fbe3db0fa134b94905280db0277b2b2/pjob_9d2eb7bc6fda4952b692e2dd715f7244.mp4
4860531	2026-06-20 13:47	/home/jacobw/YTchannel/assets/media/prod_844aabba0a7b40f38da9f5582abbe737/pjob_ae20bda6bdd047f394b795c2f06be02f.mp4
4860531	2026-06-20 13:48	/home/jacobw/YTchannel/assets/media/prod_d601b7a549e9486ca3e76fb9786f3f24/pjob_185968689ae7445495c7a7f0ff1778f8.mp4
4860531	2026-06-20 13:49	/home/jacobw/YTchannel/assets/media/prod_4070e06189014e27b92d053049a026b1/pjob_c736ea28284546cb887b1442c4b9cca2.mp4
4860531	2026-06-20 13:50	/home/jacobw/YTchannel/assets/media/prod_49f0294ae49946b98130df95402448d2/pjob_54e58045c941432192daa2d3e379da54.mp4
4860531	2026-06-20 13:51	/home/jacobw/YTchannel/assets/media/prod_c335847ae57847308e7f837a0abee796/pjob_73da2fe812974a098dd5762312864c45.mp4
4860531	2026-06-20 13:51	/home/jacobw/YTchannel/assets/media/prod_d8c33097802b4f0fbee88506ac1e82c5/pjob_96f8ffdb46d440f280c763fa09bc84d7.mp4
4860531	2026-06-20 13:52	/home/jacobw/YTchannel/assets/media/prod_433ccccbbd6146d8ba7e9c04ae1ffff9/pjob_3465c1e833d94d0fb269f757208a215a.mp4
4860531	2026-06-20 13:53	/home/jacobw/YTchannel/assets/media/prod_7ffdd61bb45a4541860f39926d7f025e/pjob_5414c5a3865f4347af60051cc2e6cb32.mp4
4860531	2026-06-20 13:54	/home/jacobw/YTchannel/assets/media/prod_df86c74be45f454fa617c5d8b8c72154/pjob_c4e2a939ccfb4dca94f2885546d0e6b5.mp4
4860531	2026-06-20 13:55	/home/jacobw/YTchannel/assets/media/prod_941c27d2efb84c87a4032a7095a42e96/pjob_5488757f1c41444491bb32cdade362d4.mp4
4860531	2026-06-20 13:56	/home/jacobw/YTchannel/assets/media/prod_0d486b7c062a47e6bf9204c407e1c4c3/pjob_6e2d1176028440988455f3906ae40700.mp4
4860531	2026-06-20 16:56	/home/jacobw/YTchannel/assets/media/prod_003f2541c79649c6a4cd03eb9c005b34/pjob_4b7c2bc0adfb48029f2c0c183ce61a7e.mp4
4860531	2026-06-20 16:57	/home/jacobw/YTchannel/assets/media/prod_2bb86b48ae3d44cdaa4878c31571305b/pjob_1d38f65490974da88c18f404d2a6fbce.mp4
4860531	2026-06-20 16:58	/home/jacobw/YTchannel/assets/media/prod_3ee5770219344df78cbb224b8665914b/pjob_ec4783a5c4674ef1973637f4c6d3b911.mp4
4860531	2026-06-20 16:59	/home/jacobw/YTchannel/assets/media/prod_39e34cd0d4674c088eddde67100a6be4/pjob_0c93cb28b790473aad77dff406780e22.mp4
4860531	2026-06-20 17:00	/home/jacobw/YTchannel/assets/media/prod_020e53e741734588ba55978db1534b68/pjob_59cd1a8fa60147b495267aca5dae5a9f.mp4
4860531	2026-06-20 17:00	/home/jacobw/YTchannel/assets/media/prod_4f9fc1716dc94c5ba1d05843f9e72e58/pjob_7fc848d1acca4e97a983afe69eb1eb45.mp4
4860531	2026-06-20 20:55	/home/jacobw/YTchannel/assets/media/prod_9767dee9166f4101ad9eaed95dab77fe/pjob_bcac9bd613ca4cffa5ec2f1a3afbd2a9.mp4
4860531	2026-06-20 20:55	/home/jacobw/YTchannel/assets/media/prod_a5fb9c3226374d3d89fc6757c5551488/pjob_fcde5ceb2999474caec3652e82842963.mp4
4860531	2026-06-20 20:56	/home/jacobw/YTchannel/assets/media/prod_2832c329f05a4ca0a7c34cf4993a1052/pjob_caa408f6276440bb95601363b04eb519.mp4
4860531	2026-06-20 20:56	/home/jacobw/YTchannel/assets/media/prod_5bc7e49f323f41a1830cdaa7348a2255/pjob_3a226e41673d48079a72ae55e291adea.mp4
4860531	2026-06-20 20:56	/home/jacobw/YTchannel/assets/media/prod_7cdbc5f95cce470ca99981ccfd6f82ce/pjob_5a2db3d70dd2477eb2231a548fe203a5.mp4
4860531	2026-06-20 20:56	/home/jacobw/YTchannel/assets/media/prod_c90d1788aabf40e4b32d04175a8703dc/pjob_65911089bafc4304ba9b9ccf5ec22500.mp4
4860531	2026-06-20 20:56	/home/jacobw/YTchannel/assets/media/prod_d0feb04e88ca4acf9f6a194b0c23a85e/pjob_9a80c9503c6643dc9e42fa1fef7e55c3.mp4
4860531	2026-06-20 21:02	/home/jacobw/YTchannel/assets/media/prod_08582b0e66e24c3abc08a5e8fb8aec41/pjob_9f375a0dff624edca2f05ce8e4b787f8.mp4
4860531	2026-06-20 21:02	/home/jacobw/YTchannel/assets/media/prod_3ecba6bb20e24ee3a9e8f40d669fcf40/pjob_7d937dc416ac47a5babf8f221685e828.mp4
4860531	2026-06-20 21:02	/home/jacobw/YTchannel/assets/media/prod_447485ad16cd4ad58767b41d5bdef23a/pjob_a64bc24427124f1e8c21d5da39e5198b.mp4
4860531	2026-06-20 21:02	/home/jacobw/YTchannel/assets/media/prod_55dc9889c755422e90062b653b3dbff0/pjob_19358d34e2a844f0be5b827d553a3f44.mp4
4860531	2026-06-20 21:02	/home/jacobw/YTchannel/assets/media/prod_f9c17e979ba74766819ad6d2df427232/pjob_facececa610f4a1e8ca35d122e90afb1.mp4
4860531	2026-06-20 21:03	/home/jacobw/YTchannel/assets/media/prod_47e53a56d61041b0b5b84465cc3a4c6a/pjob_165cf80644b3496f865cd43385451795.mp4
4860531	2026-06-20 21:03	/home/jacobw/YTchannel/assets/media/prod_6d96cd4bcbd7406285a26b99aa4fceba/pjob_e925a2f8ba6945878d19d2fb53db08e9.mp4
4860531	2026-06-20 21:08	/home/jacobw/YTchannel/assets/media/prod_077f1f05e6424381b054fadfc3d08a78/pjob_dc098bd1eeec4249b67c96c91049df45.mp4
5033441	2026-06-09 00:11	/home/jacobw/YTchannel/assets/media/james_teaser/001_hook.mp4
5052052	2026-06-12 23:49	/home/jacobw/YTchannel/assets/media/003_biology/B012.mp4
5185934	2026-06-13 01:12	/home/jacobw/YTchannel/assets/media/008_ai_layer/B075.mp4
5265145	2026-06-12 23:41	/home/jacobw/YTchannel/assets/media/003_biology/B010.mp4
5307267	2026-06-15 13:37	/home/jacobw/YTchannel/assets/media/how_to_use_ai_to_better_organize_your_de_short/004_cta/B011a.mp4
5327228	2026-06-18 15:29	/home/jacobw/YTchannel/assets/media/prod_92605736e62e40899b77ab9ea314be23/pjob_903774864faf48f98f224d03b72e35d2.mp4
5327228	2026-06-18 15:30	/home/jacobw/YTchannel/assets/media/prod_5ccbc0124eb047b8ae63be04e20a9865/pjob_16389b43506c49a5931c241c0f1d662a.mp4
5327228	2026-06-18 15:31	/home/jacobw/YTchannel/assets/media/prod_01ddfd49b72f4a94a4d14c957a7e284b/pjob_ded7f5806f09439bb2d6f69c07511f22.mp4
5327228	2026-06-18 15:33	/home/jacobw/YTchannel/assets/media/prod_731c57b3c7b449098538732d4ea7d133/pjob_692389792df447b89035855e40ef8149.mp4
5327228	2026-06-18 15:36	/home/jacobw/YTchannel/assets/media/prod_b040534ee9c54720840ca03e56e08962/pjob_a8d1c875f1944552ba6097ff97a06f6d.mp4
5327228	2026-06-18 15:38	/home/jacobw/YTchannel/assets/media/prod_0bced67a9ff243bbad6410ce2599f8cb/pjob_f796359eb02147a7b9c30c4fa7f72c8d.mp4
5327228	2026-06-18 15:39	/home/jacobw/YTchannel/assets/media/prod_e37dc8799ddc475dbff54bccca95b3b7/pjob_ca231617718942c48f343bc895769e70.mp4
5327228	2026-06-18 15:39	/home/jacobw/YTchannel/assets/media/prod_e37dc8799ddc475dbff54bccca95b3b7/pjob_d1cd71d7bcf04e93bd4e2b0b3e41197f.mp4
5327228	2026-06-18 15:41	/home/jacobw/YTchannel/assets/media/prod_d91002b99be148718acb6a1bb013e172/pjob_95d0ff43a8264e7aa5feb4c02646182b.mp4
5327228	2026-06-18 15:45	/home/jacobw/YTchannel/assets/media/prod_e7a087697bd145f2b4e3653b2802b939/pjob_2196fb79e6da4e8d8d2c3f6cd398d65a.mp4
5327228	2026-06-18 15:46	/home/jacobw/YTchannel/assets/media/prod_629a2237f6cd4a91bed095c56147d778/pjob_5a32ac1c3feb422fac34577a08da5dde.mp4
5327228	2026-06-18 15:46	/home/jacobw/YTchannel/assets/media/prod_ed60e7661fab497d8e080351d728bcd5/pjob_70571f1f9279479c94e17e096ed2422a.mp4
5327228	2026-06-18 15:47	/home/jacobw/YTchannel/assets/media/prod_72691471f3e04296a990147b65dd7635/pjob_8c8f5d3a68aa45189218c0bbb063b8e2.mp4
5327228	2026-06-18 15:47	/home/jacobw/YTchannel/assets/media/prod_e5cdda87ba3c439b8e275a5904ff7bc0/pjob_6c490599f0f74e00b350d078d77081dc.mp4
5327228	2026-06-18 15:48	/home/jacobw/YTchannel/assets/media/prod_2af83c84df1041ccab08c11378467142/pjob_f0e82a2e5b05488c9af5785cd32072c9.mp4
5327228	2026-06-18 15:48	/home/jacobw/YTchannel/assets/media/prod_9fc604145b96477e8115a5bc1ad42fb2/pjob_f6b98ca6c972419fae510e487be6e732.mp4
5327228	2026-06-18 15:48	/home/jacobw/YTchannel/assets/media/prod_fec71ef724d649cc8da0f3a1dccb2def/pjob_dfcf68b92a8046889cb3fce56d37864b.mp4
5327228	2026-06-18 15:49	/home/jacobw/YTchannel/assets/media/prod_92b7aa5856134c35bc8098ce95762fbc/pjob_4194ac1cc5be46efa6bf8ade9384ca51.mp4
5327228	2026-06-18 15:49	/home/jacobw/YTchannel/assets/media/prod_a779c5ef5d9e4664b36ba8721092e27b/pjob_6f8d15bd2e5441a1b36d37f650ee910a.mp4
5327228	2026-06-18 15:50	/home/jacobw/YTchannel/assets/media/prod_c7cdf43cf6d2400e99850ed283e273c5/pjob_5af7a0e237ec49f1ad5c81e64f1bc007.mp4
5327228	2026-06-18 15:51	/home/jacobw/YTchannel/assets/media/prod_e872819917eb417d9de222925d25de03/pjob_f2121dd86a724fc09485521a5aa7223c.mp4
5327228	2026-06-18 15:52	/home/jacobw/YTchannel/assets/media/prod_7998c98f54fc4256afa84d1814920bc8/pjob_727f1fb0bb1849b187a47691b3c39330.mp4
5327228	2026-06-18 15:52	/home/jacobw/YTchannel/assets/media/prod_ead8ff7f11754c6ba44c39db8b8eed32/pjob_b450697c995b49a9b1515054a36b01f0.mp4
5327228	2026-06-18 15:53	/home/jacobw/YTchannel/assets/media/prod_984771539b2d4f4b9c706775b1b8b413/pjob_1d5c122f7ddd43e593003ce292317098.mp4
5327228	2026-06-18 15:53	/home/jacobw/YTchannel/assets/media/prod_d6d335e2b9df4aa68f2c41c77781a35c/pjob_6bd0c3449ed04e18aaefd4730ff1a7cc.mp4
5327228	2026-06-18 15:53	/home/jacobw/YTchannel/assets/media/prod_f36d8a8bb7fe4a3fae628b00037e2f8f/pjob_46709995bfae46f7a53466fe75657ff9.mp4
5327228	2026-06-18 15:54	/home/jacobw/YTchannel/assets/media/prod_4020cdc3567b45f49111b9523c2fc360/pjob_dc57aee67a454cab9ccdd7adeeca9668.mp4
5327228	2026-06-18 15:54	/home/jacobw/YTchannel/assets/media/prod_50dbd7a7a9c04fe3970ce963e4ae632f/pjob_fab7e99f496a4dbfbc8a1beebebb760f.mp4
5327228	2026-06-18 15:54	/home/jacobw/YTchannel/assets/media/prod_61c4bd4522184d47bf0a6eca6f080769/pjob_790b5c81d58a49dea66a7ac2f387d51a.mp4
5327228	2026-06-18 15:55	/home/jacobw/YTchannel/assets/media/prod_eed729ace0df4953b94e50d331d68d80/pjob_f749d5091c3a45c5a560577be74644a5.mp4
5327228	2026-06-18 20:42	/home/jacobw/YTchannel/assets/media/prod_e727b1c1a58642eeb2f03cf4ee1d651d/pjob_ca3aba7e54284886a414de015b77a335.mp4
5327228	2026-06-18 22:15	/home/jacobw/YTchannel/assets/media/prod_9a44407be0884fd0b9646932fa3a4653/pjob_c193b18fae054fcc85685822528e5efb.mp4
5327228	2026-06-18 22:15	/home/jacobw/YTchannel/assets/media/prod_dddea302002642dea824d52778908b72/pjob_99ac94fb61fa4b1880b92207cf977d9c.mp4
5327228	2026-06-18 22:16	/home/jacobw/YTchannel/assets/media/prod_8570f117bbd3480386fed01152f0e70e/pjob_bf280782cb9741c28b095430e51d3e6d.mp4
5327228	2026-06-18 22:16	/home/jacobw/YTchannel/assets/media/prod_e018e872c8bd43c0a870fa1bf6ebe168/pjob_f3fc9a5cb8c1468ebee81922c0708df5.mp4
5327228	2026-06-18 22:17	/home/jacobw/YTchannel/assets/media/prod_0237c58c2d5c4e8a8079f82fc7aa0781/pjob_eb8c04797a8f4bf18ccc60d2d5900521.mp4
5327228	2026-06-18 22:17	/home/jacobw/YTchannel/assets/media/prod_a87095ec9d774454b82ce86e1032f815/pjob_bf86cc5d0b3a4bffbe31a50e259767f4.mp4
5327228	2026-06-18 22:17	/home/jacobw/YTchannel/assets/media/prod_f36bcfd4ca3a4fefaad5e94ac20aef39/pjob_0cf0ba58a92b43a9b1c91486ed78154a.mp4
5327228	2026-06-18 22:18	/home/jacobw/YTchannel/assets/media/prod_867e103a663c4aa7b5d277ef206b1acb/pjob_0eb7fd4e10d1467eabd20d1367c341ad.mp4
5327228	2026-06-18 22:18	/home/jacobw/YTchannel/assets/media/prod_e34cb8f1b07242a7bf59428184a5d486/pjob_ed7674888b244e1da3af53014cd167fb.mp4
5327228	2026-06-18 22:18	/home/jacobw/YTchannel/assets/media/prod_ed21b4251e1f492f96afbb03427ae90f/pjob_b26202e0f0e242f1b3192524509e9bd3.mp4
5327228	2026-06-18 22:54	/home/jacobw/YTchannel/assets/media/prod_b7d357368b854f09ab2b1e51fb6755af/pjob_fa398e43d3bf414cb90d392d3fcbe836.mp4
5327228	2026-06-18 22:55	/home/jacobw/YTchannel/assets/media/prod_4b35c4a3e2c74fe98af667a7f0538c3c/pjob_4b91bd3ee38e47c29110eb40f5115431.mp4
5327228	2026-06-18 22:56	/home/jacobw/YTchannel/assets/media/prod_737fcc3f5acb45c291035057d1237e65/pjob_7a9fed79b12042888b73a27c86b9cae7.mp4
5327228	2026-06-18 22:58	/home/jacobw/YTchannel/assets/media/prod_2e49c8856f1945aa8e9bd9394a72380e/pjob_8fb6b534db79433d8843be0975857b9f.mp4
5327228	2026-06-18 22:58	/home/jacobw/YTchannel/assets/media/prod_7375f0abcf64475e8962e34aae5186e1/pjob_9cdae3b2021d44c186ad070ddaeeacb3.mp4
5327228	2026-06-18 22:59	/home/jacobw/YTchannel/assets/media/prod_16cddc99a1994feeb9113d189fa01ad4/pjob_97ff9e63e5434a158d25385f524a8d90.mp4
5327228	2026-06-18 22:59	/home/jacobw/YTchannel/assets/media/prod_6a1c0626f824496796435d75606c7be0/pjob_b7118156f4c142d7ab28a5ff62c30169.mp4
5327228	2026-06-18 22:59	/home/jacobw/YTchannel/assets/media/prod_b167e40b02c243498aa23effd8683ff8/pjob_88743e63f75a49548157cabff783aace.mp4
5327228	2026-06-18 23:00	/home/jacobw/YTchannel/assets/media/prod_79338b995dc6487dbd4abe6822418b68/pjob_acbe9405a72042a4a71d3528caa8ac44.mp4
5327228	2026-06-18 23:00	/home/jacobw/YTchannel/assets/media/prod_9efc18c614f241ef86e76b06659bdae8/pjob_f76f4cfd04f54d37803d6820ec50a067.mp4
5327228	2026-06-18 23:01	/home/jacobw/YTchannel/assets/media/prod_3efdd2e2113445c3b526165ba717f9fd/pjob_dd340ed8480043f6bb6cb9fbe20c17ef.mp4
5327228	2026-06-18 23:01	/home/jacobw/YTchannel/assets/media/prod_49d080e4b2184cbfac4dc655582efc3e/pjob_a00a775dbccd4d4986d9f2a517a6a499.mp4
5327228	2026-06-18 23:01	/home/jacobw/YTchannel/assets/media/prod_4fb859af4f3547f2af7e76df3f1ffe87/pjob_ef9928bcea654160bfb15ca8f18269f9.mp4
5327228	2026-06-18 23:12	/home/jacobw/YTchannel/assets/media/prod_6652c31420564ba58d276b22007cb8fa/pjob_1044f1f4d103406bac58a5607fd6a1c2.mp4
5327228	2026-06-18 23:12	/home/jacobw/YTchannel/assets/media/prod_9cdabc71b002430aac4a049f46a3dd72/pjob_cbe0ac7f2d2d4b4393904ebc7bf9d61a.mp4
5327228	2026-06-18 23:12	/home/jacobw/YTchannel/assets/media/prod_ea2bead949cd4098a5781ebee78b3bea/pjob_2a37a65b2fc047c4b1292a4c90062b46.mp4
5327228	2026-06-18 23:13	/home/jacobw/YTchannel/assets/media/prod_40b2f9d2904341c58488ac21ea337986/pjob_ebc5a563475045be940a3a4ab9f6ad4e.mp4
5327228	2026-06-18 23:13	/home/jacobw/YTchannel/assets/media/prod_475eff1a9f634a22a3d6174f0eb753ec/pjob_f93b432a6a15478d892cc06f3aeb843b.mp4
5327228	2026-06-18 23:13	/home/jacobw/YTchannel/assets/media/prod_a13585846dd5400cbb2a41924986fdba/pjob_f5f67478f6c24661b1e7ecc3aca26fe0.mp4
5327228	2026-06-18 23:14	/home/jacobw/YTchannel/assets/media/prod_0bea10879f6d4d778daffc01ae634f91/pjob_23558ece661743fd82ed5498f605efab.mp4
5327228	2026-06-18 23:14	/home/jacobw/YTchannel/assets/media/prod_6cba656e5d0740199940c7fcaf1b922a/pjob_9370e28d720945949a4c4bcb286c6cbb.mp4
5327228	2026-06-18 23:15	/home/jacobw/YTchannel/assets/media/prod_4ad58158c2a147d8966e201111fb9e82/pjob_b038e92c61234b7eb586f123c67cd5f6.mp4
5327228	2026-06-18 23:15	/home/jacobw/YTchannel/assets/media/prod_f354504a50fd4c2c8c84d52917f60ee0/pjob_0c4439336df748038e37f804416c6f47.mp4
5327228	2026-06-18 23:25	/home/jacobw/YTchannel/assets/media/prod_69a2c309c7b64c9b8499af2df4a3cebd/pjob_4ea0f324a36543389aa67abce96f142b.mp4
5327228	2026-06-18 23:25	/home/jacobw/YTchannel/assets/media/prod_99333fb362f847cbacda9d68691dee35/pjob_e39e822dc568416393332b2ef4d446f6.mp4
5327228	2026-06-18 23:25	/home/jacobw/YTchannel/assets/media/prod_db5da16735f941f2b4909d0e05ebf919/pjob_c18187789a074486baeb954e75843932.mp4
5327228	2026-06-18 23:26	/home/jacobw/YTchannel/assets/media/prod_7f910cddf19243969df68c97dc93b323/pjob_4b5b366fbf86469796fa9bf045a58f7d.mp4
5327228	2026-06-18 23:26	/home/jacobw/YTchannel/assets/media/prod_df62dcd0215f44719ff52efd7372138c/pjob_1c5bed21da2443f7a5625b1477f7e662.mp4
5327228	2026-06-18 23:27	/home/jacobw/YTchannel/assets/media/prod_1d081de0921e43958d72e72e0a440199/pjob_d483a586477e4a46b22c7f5a7b6cb03b.mp4
5327228	2026-06-18 23:27	/home/jacobw/YTchannel/assets/media/prod_57bfb668970646cba19c3a9e89f71e3f/pjob_bcea3f6b390b4cff92e7a7c7fb7656cc.mp4
5327228	2026-06-18 23:27	/home/jacobw/YTchannel/assets/media/prod_a8ef94f38ef04b66a2234febfafed1c0/pjob_e0ab74557d5c4d03b4ba65711d930eee.mp4
5327228	2026-06-18 23:28	/home/jacobw/YTchannel/assets/media/prod_45a2571564a84b18b2e3cde11923e340/pjob_a2c3503aa0dd41a89260c3c1cb675d62.mp4
5327228	2026-06-18 23:28	/home/jacobw/YTchannel/assets/media/prod_7652df036c1542ca8e24fcbd4d11e206/pjob_388f68e857f34ab3b9a8a450493d51ec.mp4
5327228	2026-06-18 23:40	/home/jacobw/YTchannel/assets/media/prod_4d81d170d13c4008a67262918323df0e/pjob_478a131fc0314e86b7abd50e824a9620.mp4
5327228	2026-06-18 23:40	/home/jacobw/YTchannel/assets/media/prod_53c3ac032c0749dc990604ae52ddd170/pjob_1e42fd4528b345b39b8b1175951fff78.mp4
5327228	2026-06-18 23:41	/home/jacobw/YTchannel/assets/media/prod_1ffeee5cc4084ce1be0169db2f2251e8/pjob_9239d205c2304f8c8a3986355923f91f.mp4
5327228	2026-06-18 23:41	/home/jacobw/YTchannel/assets/media/prod_49a1513de5eb497586cd5d57d1c5a776/pjob_728111f7ddd245eaa07a0b7a2365653d.mp4
5327228	2026-06-18 23:41	/home/jacobw/YTchannel/assets/media/prod_c9ac4d5ef82b4a768a72a94d724f5ea7/pjob_220eefaf820b4ec0bfbb67d0f1550c4f.mp4
5327228	2026-06-18 23:42	/home/jacobw/YTchannel/assets/media/prod_30a3ecdc64b14829a9e7a852c2d613e4/pjob_33c3f8e72b2b4e68b88ead18719230b4.mp4
5327228	2026-06-18 23:42	/home/jacobw/YTchannel/assets/media/prod_332bce2d2b5b4e75bb3f972a64dcd934/pjob_9420d22e133547e1a7fa760380530e34.mp4
5327228	2026-06-18 23:42	/home/jacobw/YTchannel/assets/media/prod_cc2780bdcab24d5e920bce74965cbaa1/pjob_dcc07042cf604c20aad0e9c92b3d1764.mp4
5327228	2026-06-18 23:43	/home/jacobw/YTchannel/assets/media/prod_00835f2a12124b48a9e8a530fff19568/pjob_b90231b598ce4fde932fa003135bbc71.mp4
5327228	2026-06-18 23:43	/home/jacobw/YTchannel/assets/media/prod_4178f27a7efb473192c9f8c878eba2ed/pjob_ec218e9161ef4f44ab26fbae808a1612.mp4
5327228	2026-06-19 08:08	/home/jacobw/YTchannel/assets/media/prod_5ea4f1b31cd94462892e7bcd47e2bb01/pjob_2e1b4c40bbdb48fa9ecb8d096d6e459c.mp4
5327228	2026-06-19 08:08	/home/jacobw/YTchannel/assets/media/prod_c6882b847b2d4ae585c68c0d3411259e/pjob_8f32ffb24c304141af85fcdb7c7c7fac.mp4
5327228	2026-06-19 08:09	/home/jacobw/YTchannel/assets/media/prod_6e47988edffb4df9b4f34f3a93e3cd07/pjob_46ad1c0338ab45c6a0485215b7e22330.mp4
5327228	2026-06-19 08:09	/home/jacobw/YTchannel/assets/media/prod_6ec56def1f854254a5a56a01a7464827/pjob_205ccd5255a74a71b51bae5b779520cb.mp4
5327228	2026-06-19 08:09	/home/jacobw/YTchannel/assets/media/prod_777c06918d834824b2993395005e2f05/pjob_cd001b83c83043dea1eb3a6641741bc1.mp4
5327228	2026-06-19 08:10	/home/jacobw/YTchannel/assets/media/prod_40d11d1b465f4337870a8edece099358/pjob_b164df1c53734520bffcbe7e89e6fb50.mp4
5327228	2026-06-19 08:10	/home/jacobw/YTchannel/assets/media/prod_749fb2f19f9245b3a82fe6e43995f9ac/pjob_9493e82f23c64534ae86c2d35fb07438.mp4
5327228	2026-06-19 08:10	/home/jacobw/YTchannel/assets/media/prod_8356a7f2a35a4512ab5dcc0c0f63ee4f/pjob_1832df5e532e4e3bbf10463d5a35a4d6.mp4
5327228	2026-06-19 08:11	/home/jacobw/YTchannel/assets/media/prod_43de7bb8cfca49dd944dbdb7d84ce006/pjob_04dc1712436c4c769ade8b844129039c.mp4
5327228	2026-06-19 08:11	/home/jacobw/YTchannel/assets/media/prod_5ff2e00656894c75a3ad9adc27b79cf7/pjob_8a9d8726ba4545bb9597f139f755fedb.mp4
5327228	2026-06-19 08:18	/home/jacobw/YTchannel/assets/media/prod_684eba46893942039b666cc67e4cd73d/pjob_815cb023bec940fdb3257b491aad6904.mp4
5327228	2026-06-19 08:18	/home/jacobw/YTchannel/assets/media/prod_6ab5a8bef46c4a4c9324a316de91e4ec/pjob_88b33e937c0c44de9343da877cbf292a.mp4
5327228	2026-06-19 08:18	/home/jacobw/YTchannel/assets/media/prod_7786a48194864ff9bd5743ae4a3c6572/pjob_df48f1baa51a47948274e62ae888bcd2.mp4
5327228	2026-06-19 08:19	/home/jacobw/YTchannel/assets/media/prod_6fd0edbd4b824c03b219cdd2395682c3/pjob_bd0a9fd0e67c43cd864f8febc9468dd4.mp4
5327228	2026-06-19 08:19	/home/jacobw/YTchannel/assets/media/prod_e27f6b7b5ebb4e8397d10978bf9e931e/pjob_cbe76217769a43c782eaf9152664de79.mp4
5327228	2026-06-19 08:20	/home/jacobw/YTchannel/assets/media/prod_ba8726eaa50f43369050d571aa6e71d7/pjob_62af971904f94e0d987ada02e9e91791.mp4
5327228	2026-06-19 08:20	/home/jacobw/YTchannel/assets/media/prod_c344d6b654484962a98a50963579c8ee/pjob_ca3d33dce2fc40d4b8f6859570d05e82.mp4
5327228	2026-06-19 08:20	/home/jacobw/YTchannel/assets/media/prod_e5cb898a186c49a7abb428221138c852/pjob_763c0057de0744c9a5c0f0a00526a558.mp4
5327228	2026-06-19 08:21	/home/jacobw/YTchannel/assets/media/prod_84fa6358c51e4998a3d1d93afe70446f/pjob_03bda3426f924374bae1e2c1f6677aad.mp4
5327228	2026-06-19 08:21	/home/jacobw/YTchannel/assets/media/prod_ab14b740e97843c5b61c7a6271d8878f/pjob_8ed8e48d16ec4cd987f76a773eadae01.mp4
5327228	2026-06-19 08:21	/home/jacobw/YTchannel/assets/media/prod_de963fdeaa42443685e8dc2c08b5321d/pjob_9a67643d891e4e9cb37e358c81e04248.mp4
5327228	2026-06-19 08:22	/home/jacobw/YTchannel/assets/media/prod_5dea1df5413a4776bea6c0ae453e610b/pjob_6d8f15eae8084143a743b9015610244c.mp4
5327228	2026-06-19 08:22	/home/jacobw/YTchannel/assets/media/prod_8e2b77e8d7134b328430a0c0673d274a/pjob_24cbc3883193457abea810bf69c514a9.mp4
5327228	2026-06-19 08:23	/home/jacobw/YTchannel/assets/media/prod_225cbc6d67194a3a822c95bde705ca4f/pjob_78e76eae6f8d4e04bcb1b05d88b14b6d.mp4
5327228	2026-06-19 12:46	/home/jacobw/YTchannel/assets/media/prod_20b418d1c0934d39a06230e4931379d9/pjob_ede30d6ec7b444afb36c887b3679ad51.mp4
5327228	2026-06-19 12:46	/home/jacobw/YTchannel/assets/media/prod_894800f9c86c4eeea9b9c45e03612968/pjob_16743a19c2404e4c9ca200a247162f7c.mp4
5327228	2026-06-19 12:47	/home/jacobw/YTchannel/assets/media/prod_283d100ac1b44859977077b29bca4e5b/pjob_38c8673caee64be29e31146659f3f7e2.mp4
5327228	2026-06-19 12:47	/home/jacobw/YTchannel/assets/media/prod_9cc6c9ed6a9d43119c9ac4d6b3a14dc1/pjob_f98eb734ffc84e48acb5d9eb921e4724.mp4
5327228	2026-06-19 12:48	/home/jacobw/YTchannel/assets/media/prod_3af7333f3e4749d09dedf73f2d55bd6c/pjob_05b80c2f10d14c37a08f6ad028b3a62d.mp4
5327228	2026-06-19 12:48	/home/jacobw/YTchannel/assets/media/prod_6c3aec3b34e54923a710a81c0e82d892/pjob_b5733db52a5b49e2aa27e61ef24157d0.mp4
5327228	2026-06-19 12:49	/home/jacobw/YTchannel/assets/media/prod_1c713aefdad948e19db81c4af7d8660f/pjob_b9c13a0611b246bea1e081c4ba7a0c6a.mp4
5327228	2026-06-19 12:49	/home/jacobw/YTchannel/assets/media/prod_3de7c84c619741c4816b9ea773b235f9/pjob_dc4e2a3304f0410aaa94d9bd6a192539.mp4
5327228	2026-06-19 12:49	/home/jacobw/YTchannel/assets/media/prod_a4d18fe3d1c64380afaa016779362234/pjob_6df852a435044b328df64f44c0a48076.mp4
5327228	2026-06-19 12:50	/home/jacobw/YTchannel/assets/media/prod_bd5e4438ea574dcf98aa75395f64a85e/pjob_db6009429435416faa94d9ea259c191b.mp4
5327228	2026-06-19 12:50	/home/jacobw/YTchannel/assets/media/prod_e6c5c0bf88504a65b12b0aae92f6c5bc/pjob_cbfaad66e6cc4d83be73399eced03ba8.mp4
5327228	2026-06-19 12:51	/home/jacobw/YTchannel/assets/media/prod_6db0d6ed395e4506b228eb636cb0efa3/pjob_fe3e1ec657de451eb4ba95272f44e0e9.mp4
5327228	2026-06-19 12:51	/home/jacobw/YTchannel/assets/media/prod_e705567c019647939eb068ef1fbb4945/pjob_65c96f6f361a42169079cf3a13e568ef.mp4
5327228	2026-06-19 12:52	/home/jacobw/YTchannel/assets/media/prod_2c3f4342aaf74b38a5f7db01a47667d9/pjob_e690c158a0624b5384b05ee9bf55db3f.mp4
5327228	2026-06-19 12:52	/home/jacobw/YTchannel/assets/media/prod_d425c8dc33d445679827c4490cc6b616/pjob_77a284988ddb4836aa7c6fb6284505b2.mp4
5327228	2026-06-19 12:53	/home/jacobw/YTchannel/assets/media/prod_4d8e007a6d254163b294532671abf981/pjob_693d835ad40a4ff3922d200b7fef5d58.mp4
5327228	2026-06-19 12:53	/home/jacobw/YTchannel/assets/media/prod_9b94da2f795047e39de31f63f361a036/pjob_e68e64e6fa4b494d8f5a4ac6cd7333a1.mp4
5327228	2026-06-19 12:53	/home/jacobw/YTchannel/assets/media/prod_b3f10fcb72ee49f788190ebc8910602b/pjob_d9149f43bff44bb08e2da489b5344a37.mp4
5327228	2026-06-19 12:54	/home/jacobw/YTchannel/assets/media/prod_162d66ad0916407d97de7baae5c0ff80/pjob_b7a8d84d7f2e45218c9184c1f4cfac7f.mp4
5327228	2026-06-19 12:54	/home/jacobw/YTchannel/assets/media/prod_d1bdc807f7d04f7590b85d2c2af9af26/pjob_a0a6fd3fad704d97b769c8f3fec0ac38.mp4
5327228	2026-06-19 12:54	/home/jacobw/YTchannel/assets/media/prod_f5a406af9cc34f9680522a04d191ce75/pjob_607deabb7a2b4d76bbc2aacf2be5f822.mp4
5327228	2026-06-19 13:07	/home/jacobw/YTchannel/assets/media/prod_162ac258871b41c7982b6488a733ad49/pjob_d45cef22878c4f3e96284c979bbfeedc.mp4
5327228	2026-06-19 13:16	/home/jacobw/YTchannel/assets/media/prod_80ef425d9ea44d1cb922b80145ced67f/pjob_59b929181a4d4731a3f88053ac9a65b7.mp4
5327228	2026-06-19 13:16	/home/jacobw/YTchannel/assets/media/prod_ec243bb9f158420b9b89ae701ad37e17/pjob_bcdac371a67c4b039ad23add62f0ac38.mp4
5327228	2026-06-19 13:19	/home/jacobw/YTchannel/assets/media/prod_aab5be43dd114148b2ccd59dcddf7e2a/pjob_5cc3a73a54c84649b19f1d7b2db6cef1.mp4
5327228	2026-06-19 13:19	/home/jacobw/YTchannel/assets/media/prod_d4b6cc0fda77443a9e5135d583dcd413/pjob_a5067bc0c12e40c1ab4e5de9373fe9f8.mp4
5327228	2026-06-19 13:20	/home/jacobw/YTchannel/assets/media/prod_0565fe46d74c485da9e4e18aeb3a6807/pjob_bb7d3bc591784de9a8a9534dd4d91696.mp4
5327228	2026-06-19 13:20	/home/jacobw/YTchannel/assets/media/prod_75c4747071ad448680beb993573656b8/pjob_e95fdfa91fdb499aa1e895b5fe196c90.mp4
5327228	2026-06-19 13:20	/home/jacobw/YTchannel/assets/media/prod_c9c6fcbb747248998ffb3ab78c286640/pjob_20b568c6debd4a188fbe90a6c23e4c30.mp4
5327228	2026-06-19 13:21	/home/jacobw/YTchannel/assets/media/prod_20959ffb5ff941808d9a60e9a3c96883/pjob_476ba17fa52e456ebc0d38380368aca6.mp4
5327228	2026-06-19 13:21	/home/jacobw/YTchannel/assets/media/prod_5d852200f6914d2eb533816343275105/pjob_2ced4d73de8f4b8fab44d95d1b76e73b.mp4
5327228	2026-06-19 13:21	/home/jacobw/YTchannel/assets/media/prod_f136cc36268444f98275a311129fa722/pjob_37bc08ce88a84f0ab53adca5af3cae50.mp4
5327228	2026-06-19 13:22	/home/jacobw/YTchannel/assets/media/prod_671ce60ad3c04990ac8d5113134d4029/pjob_25b838e6fbac4c18b88ca0eaaec129b2.mp4
5327228	2026-06-19 13:22	/home/jacobw/YTchannel/assets/media/prod_c8ed6368c8444999bd496c7eb0e80f09/pjob_22202766b2b943aa967ac393632f5d6b.mp4
5327228	2026-06-19 18:53	/home/jacobw/YTchannel/assets/media/prod_08c6ea48f0e941fea0a02781bc551237/pjob_a9899cb52d5d4319adcddb0ea6a68c88.mp4
5327228	2026-06-19 18:53	/home/jacobw/YTchannel/assets/media/prod_95a4e65183194339830cb98dd02db0bf/pjob_15f0b118c04e448c92ad6d7f0ae56f6f.mp4
5327228	2026-06-19 18:53	/home/jacobw/YTchannel/assets/media/prod_c129b57b422c45f98717365bb86dd7e6/pjob_c3c2cf08d67742779d070c133bf606aa.mp4
5327228	2026-06-19 18:54	/home/jacobw/YTchannel/assets/media/prod_71490612656a4ccf88929ede6c524c1d/pjob_89e026cdb2a64e29b28615216286f03e.mp4
5327228	2026-06-19 18:54	/home/jacobw/YTchannel/assets/media/prod_9a744a6c113f4fcf972da14f2bfe4dc8/pjob_11e9cfee7ae040f9ac167c683460893d.mp4
5327228	2026-06-19 18:54	/home/jacobw/YTchannel/assets/media/prod_dcccae74ac9d4f60a4f289a85cf51ddd/pjob_9d8bf1844317466fbeaf783c83989511.mp4
5327228	2026-06-19 18:55	/home/jacobw/YTchannel/assets/media/prod_00125b262f1145d9a4cb8ce445c57ab6/pjob_d773de21d41540b79737cfdc6373d26e.mp4
5327228	2026-06-19 18:55	/home/jacobw/YTchannel/assets/media/prod_0ba3590d19ce4c24adbf93089fddfce9/pjob_3e51cb0ed615453fb651c2359a0c4b05.mp4
5327228	2026-06-19 18:55	/home/jacobw/YTchannel/assets/media/prod_cf86f52be60443e09c0e82952e00cc54/pjob_5fd3073e7f8549a093bb6e3e27daa2db.mp4
5327228	2026-06-19 18:56	/home/jacobw/YTchannel/assets/media/prod_555232fb7e86405e84ab21f8498aa5d8/pjob_ca1abe1fb4474d0cb8b5613d4cbd1730.mp4
5327228	2026-06-19 19:03	/home/jacobw/YTchannel/assets/media/prod_0e367de93d9d4243ab309cc4fd8336ef/pjob_7c48163f50064668a720e282a2e88022.mp4
5327228	2026-06-19 19:03	/home/jacobw/YTchannel/assets/media/prod_57d6fe096d6242ab961d5a7f492b0465/pjob_111d35fc57204b8eb682f01ec00cc1c5.mp4
5327228	2026-06-19 19:04	/home/jacobw/YTchannel/assets/media/prod_6d6733fac48540148d8f7c31f85b0c44/pjob_786640923bba4a58af4a9637f7318f6a.mp4
5327228	2026-06-19 19:04	/home/jacobw/YTchannel/assets/media/prod_98f9e243122e4e279ccbe50e330fe95f/pjob_26ab86fcec774543a9fcc7906934a317.mp4
5327228	2026-06-19 19:05	/home/jacobw/YTchannel/assets/media/prod_0a07dbde902643a298fee020f2fda680/pjob_4b80ae6a8d634b438e0a4e5170549c42.mp4
5327228	2026-06-19 19:05	/home/jacobw/YTchannel/assets/media/prod_a3aa680c8ba34d1c81959db4b6fe0309/pjob_5009d34865cf4c778ec63502db2a836a.mp4
5327228	2026-06-19 19:05	/home/jacobw/YTchannel/assets/media/prod_e4d34c2f40f04a8bb78c9f21440bf788/pjob_f25552b623d94970b37b63c6b986d5bb.mp4
5327228	2026-06-19 19:06	/home/jacobw/YTchannel/assets/media/prod_28271ef8f4624e6295f793c3369e14df/pjob_5176845d7be048b993dbded1f93cc3de.mp4
5327228	2026-06-19 19:06	/home/jacobw/YTchannel/assets/media/prod_6770b8024aa9421b92e4d6945e12b806/pjob_8a660894a7ad424bbf743d31f2357a46.mp4
5327228	2026-06-19 19:07	/home/jacobw/YTchannel/assets/media/prod_0a95a5fd39ba47b8b64086b6148c6ad6/pjob_73b9778d2d444f859424994dd2e85d1a.mp4
5327228	2026-06-19 19:17	/home/jacobw/YTchannel/assets/media/prod_4453ec8e6f8b462487b4447d09b5ff60/pjob_004fdaf488d6417ca24a40c5125c7bbe.mp4
5327228	2026-06-19 19:17	/home/jacobw/YTchannel/assets/media/prod_bc6cea42f956485a8ceecd80455a0543/pjob_006bb8fc32694762a0a7ac1e52f2a813.mp4
5327228	2026-06-19 19:18	/home/jacobw/YTchannel/assets/media/prod_39c4e58227f4400dadc4e84d1d3b4227/pjob_3c3a2df0e0a142bebd2ab56a400c06ce.mp4
5327228	2026-06-19 19:18	/home/jacobw/YTchannel/assets/media/prod_b0b702d0f2fe452f8358fd2c79de6368/pjob_e2a95c76a74b44d4a2c3f8883de8883b.mp4
5327228	2026-06-19 19:18	/home/jacobw/YTchannel/assets/media/prod_dadafce6e70f472bb74b1a5e1827a12f/pjob_c74cda4bb98e4498a69b052256a761ae.mp4
5327228	2026-06-19 19:19	/home/jacobw/YTchannel/assets/media/prod_76aa7211e0d7486eb72ea44e8a36780a/pjob_7fc241a9b8f94ecfa402b53d43b4afc3.mp4
5327228	2026-06-19 19:19	/home/jacobw/YTchannel/assets/media/prod_f6747b4b6f184f37adc7639c26a23431/pjob_5361a4d56b3542538ba537f69c5199ff.mp4
5327228	2026-06-19 19:20	/home/jacobw/YTchannel/assets/media/prod_2043fd54473d4811a9d47d57be56d6ed/pjob_20659168de154d37abc8ed5c11e8b5df.mp4
5327228	2026-06-19 19:20	/home/jacobw/YTchannel/assets/media/prod_3d7bf9d1973543ab896394338e8a1b1b/pjob_a3259d782115483bba4022476f64bf80.mp4
5327228	2026-06-19 19:20	/home/jacobw/YTchannel/assets/media/prod_ecb22ee185dc4374b468deced21fbcfc/pjob_d0319da4a0014e76b31bb00edc98ab32.mp4
5327228	2026-06-19 19:39	/home/jacobw/YTchannel/assets/media/prod_220300aa770d4c14b4bc9e6574c2b54c/pjob_9262594e71e5404486f168b7bc96949a.mp4
5327228	2026-06-19 19:40	/home/jacobw/YTchannel/assets/media/prod_2796a3fce6c142de86e19fb2d5f67818/pjob_389ba01049f44a149a9c86d79e49bf9f.mp4
5327228	2026-06-19 19:40	/home/jacobw/YTchannel/assets/media/prod_3aa59068fc3145279e8f4578e6207c72/pjob_ecde1780b88a4f0bbf511e984342c2af.mp4
5327228	2026-06-19 19:40	/home/jacobw/YTchannel/assets/media/prod_4ed19df225814b6b9638589fc1fa5af7/pjob_ea3f1ea12d4045bfb0cfde05871cbd42.mp4
5327228	2026-06-19 19:41	/home/jacobw/YTchannel/assets/media/prod_42c0de4c8dd840b897b286d51edfae49/pjob_ca5e9bbde10846a380f839ea5ed64593.mp4
5327228	2026-06-19 19:41	/home/jacobw/YTchannel/assets/media/prod_c4f413693b344fc28b50663c84e51dd1/pjob_9c651129c4204aebbbb8afc2293f116f.mp4
5327228	2026-06-19 19:42	/home/jacobw/YTchannel/assets/media/prod_1e233ed85b174658bcf44f5935358143/pjob_4571fe11821c4c6880ae450884e7d73f.mp4
5327228	2026-06-19 19:42	/home/jacobw/YTchannel/assets/media/prod_93133568867345f1a9a9aa51e16dd36b/pjob_339c653dacba4c318a19c2b262bd32cf.mp4
5327228	2026-06-19 19:42	/home/jacobw/YTchannel/assets/media/prod_ebff8bf5665d4fe3acff4ce556ea7ad5/pjob_de5617c15a184cd6b00b340f44cdfa13.mp4
5327228	2026-06-19 19:43	/home/jacobw/YTchannel/assets/media/prod_0808982affb746e381de3e910c30d17b/pjob_d699ea224b404f84b5ea10ec87280a99.mp4
5327228	2026-06-19 19:49	/home/jacobw/YTchannel/assets/media/prod_e02f7e8abf674ece817787c8b514fed7/pjob_8a438726caaa4ae5b143ce7d1660ea0f.mp4
5327228	2026-06-19 19:50	/home/jacobw/YTchannel/assets/media/prod_493da69f47c94d5bb72379ec51551fe6/pjob_80668b50a99c426cab9ec8ace8979775.mp4
5327228	2026-06-19 19:50	/home/jacobw/YTchannel/assets/media/prod_983848972bf248569ede549142badb95/pjob_625b6ace3aad4c828c7e470886a77cc3.mp4
5327228	2026-06-19 19:50	/home/jacobw/YTchannel/assets/media/prod_d13c0138d1154baa96a7a94e2dd6e6d5/pjob_5075e9e9ae0549e48f4568a02f6b60ed.mp4
5327228	2026-06-19 19:51	/home/jacobw/YTchannel/assets/media/prod_12dfe650881e401097938c271ce947ea/pjob_06ed0a99c68f4b4c9ea73c5ebc7f1caa.mp4
5327228	2026-06-19 19:51	/home/jacobw/YTchannel/assets/media/prod_267feb24ced442e78c98d417603ce8c3/pjob_427b1bcb9d54467bbbb28eb37c59d06a.mp4
5327228	2026-06-19 19:52	/home/jacobw/YTchannel/assets/media/prod_025f66afcc744bfba81a67a6969c4457/pjob_5ebd9be646b64c239ab9893823b7d4cc.mp4
5327228	2026-06-19 19:52	/home/jacobw/YTchannel/assets/media/prod_5439dde64f3a42558530d30a479c3bbd/pjob_e6a04d09856140afa57baa0288e0ed91.mp4
5327228	2026-06-19 19:52	/home/jacobw/YTchannel/assets/media/prod_a083e53e5e8f42549912f5fdfc433251/pjob_bde76c62ade548beb4a94871a8bea580.mp4
5327228	2026-06-19 19:53	/home/jacobw/YTchannel/assets/media/prod_14bbe2538d1645fbbe58d1fa60352da5/pjob_062dcebb8229419e884b1a2b0d57096f.mp4
5327228	2026-06-19 19:57	/home/jacobw/YTchannel/assets/media/prod_519dc4a8cf7f47f0a5de02a83e8c3a71/pjob_97aa44e11e8d4866b901cc755a08c321.mp4
5327228	2026-06-19 19:57	/home/jacobw/YTchannel/assets/media/prod_a0f03a606d2945e7be7a34471a66909e/pjob_8564be5409ab4105a2c574f04749e49c.mp4
5327228	2026-06-19 19:57	/home/jacobw/YTchannel/assets/media/prod_e93e110688bf4cde9d4f3f7930fcc526/pjob_c85f6d085e894a519c2663526e4fafdc.mp4
5327228	2026-06-19 19:58	/home/jacobw/YTchannel/assets/media/prod_1c44026f08c74f11a65a50ba6bd0c485/pjob_b2fdde49305e4a78a387ef8c404fd14d.mp4
5327228	2026-06-19 19:58	/home/jacobw/YTchannel/assets/media/prod_760cd5086fd9487d8932cc9c8698cb3a/pjob_7b72dcaee9704c82b9a240660f18cd46.mp4
5327228	2026-06-19 19:59	/home/jacobw/YTchannel/assets/media/prod_049a38a44a284fdca776fb4615b4d69d/pjob_a88bfb6a25c640db9b557f5859f6d600.mp4
5327228	2026-06-19 19:59	/home/jacobw/YTchannel/assets/media/prod_73dc967131684eb4afdb7aadebfbb370/pjob_c9be489fe5414a2dbc6ad9cf36d53d73.mp4
5327228	2026-06-19 19:59	/home/jacobw/YTchannel/assets/media/prod_9ccb0eec2206406595d3881d9d5993bf/pjob_fd63080d87a84a299ef4016a401c1497.mp4
5327228	2026-06-19 20:00	/home/jacobw/YTchannel/assets/media/prod_1e345fbb1e8b4a05a1fbf51bc578cf41/pjob_5a4813040fd54e4ba3625e600af0d406.mp4
5327228	2026-06-19 20:00	/home/jacobw/YTchannel/assets/media/prod_32481839eec2401fac0a93149bb18a71/pjob_6161eba2bd6b4c7e8e49891dc626cce2.mp4
5327228	2026-06-19 20:02	/home/jacobw/YTchannel/assets/media/prod_c31f31b90df3479484a4d913bdcb317a/pjob_811cb10d290b4beea74727c5d396cce9.mp4
5327228	2026-06-19 20:03	/home/jacobw/YTchannel/assets/media/prod_33957c2a2ed44348a13c1ff3248f3621/pjob_b581f9a735b145e68259573bc97f64c9.mp4
5327228	2026-06-19 20:03	/home/jacobw/YTchannel/assets/media/prod_903cea29580d4a83a2f4c03a71f4518c/pjob_c843fefaa5584e40bf1181d04531f6e6.mp4
5327228	2026-06-19 20:03	/home/jacobw/YTchannel/assets/media/prod_9de114e18d51471187f5ef0b50e2f55f/pjob_88b1a636d71a4edc80cce282a7a3d210.mp4
5327228	2026-06-19 20:04	/home/jacobw/YTchannel/assets/media/prod_3efc876016ab4eeeb7e250855f8e9b62/pjob_3be8729f310d4c7fa22709f9158b319f.mp4
5327228	2026-06-19 20:04	/home/jacobw/YTchannel/assets/media/prod_6ac7d1431ad2472aa7d4aa3d679ea417/pjob_dff8a7e51a514aa6bb85af1f42e65586.mp4
5327228	2026-06-19 20:05	/home/jacobw/YTchannel/assets/media/prod_805753db7b614693b82fe1d7727a1dcc/pjob_4ff80c0265b94f3988a12c687cd6a167.mp4
5327228	2026-06-19 20:05	/home/jacobw/YTchannel/assets/media/prod_a85748e521984a34840b88bbb772a9e4/pjob_719eee4a520e4cbb8d0b69779c3ba007.mp4
5327228	2026-06-19 20:05	/home/jacobw/YTchannel/assets/media/prod_ca31abc946c54a22813c294f683db460/pjob_2193181c6f6e4ef49ea5cce68ecec385.mp4
5327228	2026-06-19 20:06	/home/jacobw/YTchannel/assets/media/prod_6a5092adeda94738a07adbb3a064929e/pjob_fd2fa212d40f4424aef581d34e77180a.mp4
5327228	2026-06-19 20:09	/home/jacobw/YTchannel/assets/media/prod_692321caf5654d399dfd39a4b888b770/pjob_2fc1d3a0821b453cb098722fff20d6c6.mp4
5327228	2026-06-19 20:09	/home/jacobw/YTchannel/assets/media/prod_bc31c361e4fa4ae78b511adbd4cf6b93/pjob_6c55e00550724087a322aaae7219e8fd.mp4
5327228	2026-06-19 20:09	/home/jacobw/YTchannel/assets/media/prod_ffd94a0c51a24e1b921b8f9452e7edd6/pjob_bacf51392e224f5489920eb04bd4521b.mp4
5327228	2026-06-19 20:10	/home/jacobw/YTchannel/assets/media/prod_2c700e67bd724b58bb43c35acbf0f2da/pjob_21214c6aea7c4da7b3b2fbff8538f91b.mp4
5327228	2026-06-19 20:10	/home/jacobw/YTchannel/assets/media/prod_a1035338b7e94134b753745ad68a898e/pjob_d8d5a5d142d04844a1d8dab853dc9b88.mp4
5327228	2026-06-19 20:11	/home/jacobw/YTchannel/assets/media/prod_895f29390b8545c4a4b64c4b3ed76216/pjob_48691dd5425e4308928a2c3104667d0a.mp4
5327228	2026-06-19 20:11	/home/jacobw/YTchannel/assets/media/prod_8a93a833990d46e394065a37acc2682e/pjob_5b88d2c1068a4bf69daee7350ea7ce04.mp4
5327228	2026-06-19 20:11	/home/jacobw/YTchannel/assets/media/prod_efc17259c89443c9a3b7b7cd7a1607a8/pjob_21b4d904c63d4d368c9774b83483d713.mp4
5327228	2026-06-19 20:12	/home/jacobw/YTchannel/assets/media/prod_1778b1138c8944fb8b97ce739c70035d/pjob_0db0d55d723b418ab6f95b9ea3cc7fce.mp4
5327228	2026-06-19 20:12	/home/jacobw/YTchannel/assets/media/prod_2799d2809f56439097f05ba396d38600/pjob_ecb8cb3b5d5f410bb23743057c2ef249.mp4
5327228	2026-06-19 20:22	/home/jacobw/YTchannel/assets/media/prod_a67aa61adfaf452a97cc201b32198d35/pjob_b50a980a3a0b40c8ae07798698885206.mp4
5327228	2026-06-19 20:22	/home/jacobw/YTchannel/assets/media/prod_ca9c0218cb0543fd89166f3bc248b165/pjob_6bff213906e944048d4f892dd53ef56f.mp4
5327228	2026-06-19 20:24	/home/jacobw/YTchannel/assets/media/prod_2c2c47cca6ca446b8a5b7231d1aefe65/pjob_1d90bd1dacf24b81b8626a0ee69741d1.mp4
5327228	2026-06-19 20:24	/home/jacobw/YTchannel/assets/media/prod_e0cd0254d68a4b21847fd9590fb0d449/pjob_e68da2ad2160498e87a27c781f47f5db.mp4
5327228	2026-06-19 20:25	/home/jacobw/YTchannel/assets/media/prod_4a5b862c6a9b4967833661c2dd99c7de/pjob_b68282210b294e859b71f098f0d5f110.mp4
5327228	2026-06-19 20:25	/home/jacobw/YTchannel/assets/media/prod_61fed504fc0046c782fbcbf8b2dadf53/pjob_e3e784fad90e49f98a5626424e466fd5.mp4
5327228	2026-06-19 20:25	/home/jacobw/YTchannel/assets/media/prod_858ef20990524298ac201ac8b4d2aecd/pjob_4c9c33780a4c438da065a6382fef9039.mp4
5327228	2026-06-19 20:26	/home/jacobw/YTchannel/assets/media/prod_aef52c4ebaf442aca3f9e210298c0e2f/pjob_3dc33cb707cb4df18d9d834d45a96169.mp4
5327228	2026-06-19 20:26	/home/jacobw/YTchannel/assets/media/prod_c725c285e0f14ed7b01effb9ff36a357/pjob_d3607a3d3be5414288e54740bcd3e3f3.mp4
5327228	2026-06-19 20:26	/home/jacobw/YTchannel/assets/media/prod_fde19c883a704160bb9cc38df243c1c2/pjob_90dbb5ddce264212acaa247302204f77.mp4
5327228	2026-06-19 20:27	/home/jacobw/YTchannel/assets/media/prod_0ad7840465fb414ca61ed01960f55013/pjob_761a804e2e5940789147d31b875d74a3.mp4
5327228	2026-06-19 20:27	/home/jacobw/YTchannel/assets/media/prod_aaba4acb5fd8454eaf9811f40b717c62/pjob_39a4c73824c74be0bf4e342ae5adadae.mp4
5327228	2026-06-19 20:36	/home/jacobw/YTchannel/assets/media/prod_13fa37fcfb784eb3840cdadb7f5dc98b/pjob_c3c5703d9cd449519f745d057b9979b2.mp4
5327228	2026-06-19 20:36	/home/jacobw/YTchannel/assets/media/prod_7411eef494644be4a8b27e5bd0a4f924/pjob_67db5973c34e46e19dc8483b494e467a.mp4
5327228	2026-06-19 20:38	/home/jacobw/YTchannel/assets/media/prod_1812d3a886f149f984b42c9b99715e5b/pjob_f674741f75854a86abd362c61241e4f2.mp4
5327228	2026-06-19 20:38	/home/jacobw/YTchannel/assets/media/prod_7a2207f53a434a78b0a4843b80b5ad46/pjob_48da16efeee840cea528d76315dd43e4.mp4
5327228	2026-06-19 20:39	/home/jacobw/YTchannel/assets/media/prod_2ce6583fd9cf4629a4019ebc641baa18/pjob_7e8fe7300a884006ae49caebaaceabc6.mp4
5327228	2026-06-19 20:39	/home/jacobw/YTchannel/assets/media/prod_8a12bf0ca4c643b6a24c613fb41db1ab/pjob_63b26fccc2c94071ab64135f4d8d4dfe.mp4
5327228	2026-06-19 20:39	/home/jacobw/YTchannel/assets/media/prod_c90cdb1475844d50bb0414776690adaa/pjob_5ea187d74b2049959fadbc785d335371.mp4
5327228	2026-06-19 20:40	/home/jacobw/YTchannel/assets/media/prod_20fcb00a9ccf41e1b5fadb42471d34ec/pjob_e75ed296d05c483b9f2d8ed80e48499c.mp4
5327228	2026-06-19 20:40	/home/jacobw/YTchannel/assets/media/prod_ba43fa07486f4ad2b8556d3571430521/pjob_5453c3642d864ef0983f61afc651b6c0.mp4
5327228	2026-06-19 20:41	/home/jacobw/YTchannel/assets/media/prod_30d67b5affc54818b14919623e2ea90f/pjob_4a45fa0963a54528a73f0509cfbacd28.mp4
5327228	2026-06-19 20:41	/home/jacobw/YTchannel/assets/media/prod_35cfe0a0823b41f4ac0f5b75d768a6bf/pjob_5669e97357264060b99362dd9e0de4a7.mp4
5327228	2026-06-19 20:41	/home/jacobw/YTchannel/assets/media/prod_aa101554b9d840a6b85c881a472da126/pjob_3a2a57c2454149cc85e7393081b25599.mp4
5327228	2026-06-19 21:14	/home/jacobw/YTchannel/assets/media/prod_2a0d613df2204ee1937630f801a1cf1f/pjob_4ad8c23dcadb4eea82f591d1258aaf18.mp4
5327228	2026-06-19 21:15	/home/jacobw/YTchannel/assets/media/prod_5b6c3c75e7874ba8a26d4489b9960c97/pjob_f84e111232cc4d7d9990bf7d686897d3.mp4
5327228	2026-06-19 21:15	/home/jacobw/YTchannel/assets/media/prod_b3a96d4ecdec4ef0a409aa998f647b27/pjob_53e25660931040859c5182410dbf5ed3.mp4
5327228	2026-06-19 21:15	/home/jacobw/YTchannel/assets/media/prod_f7ee3c918e594f739333c9e137a7ae51/pjob_a82b9a83732d4e41b8dd587c59cdaef5.mp4
5327228	2026-06-19 21:16	/home/jacobw/YTchannel/assets/media/prod_83c4bcdfd74f4ab6b9022923f91466d1/pjob_27edd850ef8646a4bad3bd2f67a886d6.mp4
5327228	2026-06-19 21:16	/home/jacobw/YTchannel/assets/media/prod_94502a8d336e4515bb8a82fe108b0f51/pjob_59c0ccf68fd54b2d9989bb5e83586feb.mp4
5327228	2026-06-19 21:17	/home/jacobw/YTchannel/assets/media/prod_94de3c2f416e4092a238de417d9581ac/pjob_4e2e794e83f84a988ab10372145f6c21.mp4
5327228	2026-06-19 21:17	/home/jacobw/YTchannel/assets/media/prod_a924fa3486b1444d93aa5d4cc34b8732/pjob_cafa40bcfccc4cdd9173fbd26f539ede.mp4
5327228	2026-06-19 21:17	/home/jacobw/YTchannel/assets/media/prod_f38e021ac5a0475bbadc98c0e6c61826/pjob_972af8e1e07946ad940b34f2d1c83745.mp4
5327228	2026-06-19 21:18	/home/jacobw/YTchannel/assets/media/prod_6254acbe63d449f3b0cc39760144411f/pjob_55afec5f3ec84381ac56e708097be8a9.mp4
5327228	2026-06-19 21:27	/home/jacobw/YTchannel/assets/media/prod_d5e48fba1ff44a6a8384fd7e2cd3eba8/pjob_71301300bdfd410981234f9dd161b237.mp4
5327228	2026-06-19 21:28	/home/jacobw/YTchannel/assets/media/prod_47dbf6922ca74f3a897a7370f1a37429/pjob_f09c9178548c41c785d88f3cdf0588e8.mp4
5327228	2026-06-19 21:28	/home/jacobw/YTchannel/assets/media/prod_9c15aac3e4294e0285799583363cbdf1/pjob_86cd5f57535e4a39a0749bc7d6c171c8.mp4
5327228	2026-06-19 21:28	/home/jacobw/YTchannel/assets/media/prod_bfb0bd597bdb491aa6d87d6bc46c8385/pjob_d4e485705aee416a9cbd96b46a328b66.mp4
5327228	2026-06-19 21:29	/home/jacobw/YTchannel/assets/media/prod_a6262762cfad4aa29fabefe5804d1701/pjob_1d8edfefa22b4208b8b4d500074b66ad.mp4
5327228	2026-06-19 23:17	/home/jacobw/YTchannel/assets/media/prod_d5c82bb4961241beaedf0fa862fa49e1/pjob_0bcf879a69e949edac99c2d4eb0f4fa0.mp4
5327228	2026-06-19 23:18	/home/jacobw/YTchannel/assets/media/prod_5e2f54fba2594da49d7297fa437cb28e/pjob_99475f523ea4470aad08ec8ead7ace07.mp4
5327228	2026-06-19 23:18	/home/jacobw/YTchannel/assets/media/prod_5f0b2790eb8649269c71f9ec9be90531/pjob_69ff8fb03a144400b944084eb4691d87.mp4
5327228	2026-06-19 23:18	/home/jacobw/YTchannel/assets/media/prod_9b353b76def64e26bc4233e3714a0493/pjob_0a16ed78900b40e0b7fde9d15bd23215.mp4
5327228	2026-06-19 23:19	/home/jacobw/YTchannel/assets/media/prod_1106b39e5ff94640a6e88d9a6f936053/pjob_448bb0ec80be4676b11086f0ea5ca288.mp4
5327228	2026-06-19 23:19	/home/jacobw/YTchannel/assets/media/prod_54c45fdceb774de891daf37331f67a71/pjob_1c68ca4c9a2e487dacbd15d7d9edb316.mp4
5327228	2026-06-19 23:19	/home/jacobw/YTchannel/assets/media/prod_7904a1dbbd50438f8995e168db022647/pjob_43141f47619048aaad58c76438c73dee.mp4
5327228	2026-06-19 23:20	/home/jacobw/YTchannel/assets/media/prod_00a16f9349194fb3a07cceb67175e173/pjob_5f91a43d471445a6a4d93bbe856249c2.mp4
5327228	2026-06-19 23:20	/home/jacobw/YTchannel/assets/media/prod_c9d4c9f6e906433f9d0983087e8e1898/pjob_3cf10e6b20c745f187f0dd6828b2c9bf.mp4
5327228	2026-06-19 23:21	/home/jacobw/YTchannel/assets/media/prod_a52daa8d8e6e4143a200f798d43d80c0/pjob_79aa5a305dd94f03a873970e103be32c.mp4
5327228	2026-06-20 00:13	/home/jacobw/YTchannel/assets/media/prod_7c378cef6d6c4d37a5444c35920ac39e/pjob_47ad05ef3456431087d10bd61fa85b6c.mp4
5327228	2026-06-20 00:14	/home/jacobw/YTchannel/assets/media/prod_8e449e5d698b47098799304beb7e0500/pjob_3ef986434c934eb4bad8bf085e4fbced.mp4
5327228	2026-06-20 00:14	/home/jacobw/YTchannel/assets/media/prod_d52f872d75b64aca99df77efbb741e90/pjob_4f2bff88318b4f25a39bb22c18d28be6.mp4
5327228	2026-06-20 00:15	/home/jacobw/YTchannel/assets/media/prod_26acbfcf2ea149b68b5c617792256dbc/pjob_34f10cd36a5f4ff5b9c5afcfd4115ead.mp4
5327228	2026-06-20 00:15	/home/jacobw/YTchannel/assets/media/prod_9d268e172b7b44f78020ea995d24b679/pjob_d5c5bf2b7de840c48692dcf736bacc33.mp4
5327228	2026-06-20 00:15	/home/jacobw/YTchannel/assets/media/prod_d6c48a4ce7f14ca3835d026d8355734c/pjob_104b8199ae0d490ea8ea7427337acc3b.mp4
5327228	2026-06-20 00:16	/home/jacobw/YTchannel/assets/media/prod_094b8ce7e5b94cdbbbb55b1ddb8cb3d4/pjob_96812d100a7844868d05f6e8337cbaf2.mp4
5327228	2026-06-20 00:16	/home/jacobw/YTchannel/assets/media/prod_2174a42e9b8f4e0e947851843209fd51/pjob_2596eebd1c444f54a7a4342ecbeccdca.mp4
5327228	2026-06-20 00:16	/home/jacobw/YTchannel/assets/media/prod_99c5dbdd471a4e2880fc99fd1de4b4e9/pjob_544aae3330a1405c9c69326853699be9.mp4
5327228	2026-06-20 00:17	/home/jacobw/YTchannel/assets/media/prod_c3aea06949084ba0922f6f03744c95ac/pjob_de0b1129dc524257be10f872caa37302.mp4
5327228	2026-06-20 09:57	/home/jacobw/YTchannel/assets/media/prod_f0b6aafd5b5b4e348fb18481b56b591b/pjob_6dafe078f8e34396a6047bc1a3ed5e89.mp4
5327228	2026-06-20 10:00	/home/jacobw/YTchannel/assets/media/prod_898b73d50f294f36ba090b717588a470/pjob_e4e45c3ff7854b1dab5b630f8c3964d4.mp4
5327228	2026-06-20 10:00	/home/jacobw/YTchannel/assets/media/prod_d6b460e9b63c48b48e8870fb954f9afc/pjob_c65149a23ce94507a05e81dcdc248ea3.mp4
5327228	2026-06-20 10:01	/home/jacobw/YTchannel/assets/media/prod_52fb1bb14cf044f6ad97a57b27c49fc4/pjob_8ced88e2ecab497ab02404adbd05363b.mp4
5327228	2026-06-20 10:01	/home/jacobw/YTchannel/assets/media/prod_ca6f1bc4b3b240a293d3ab4d7404f320/pjob_6f4ed304fef4409da6a0f2de74f40a12.mp4
5327228	2026-06-20 10:02	/home/jacobw/YTchannel/assets/media/prod_2f08276a534a4ee6a1039c7d4615250b/pjob_b6e56631eeb04d0abce2460b905b3f26.mp4
5327228	2026-06-20 10:02	/home/jacobw/YTchannel/assets/media/prod_3ada3609c11b4d0c8c5f075b26faecbc/pjob_c2b778ffa7f343849ec848aeea40be1e.mp4
5327228	2026-06-20 10:03	/home/jacobw/YTchannel/assets/media/prod_17c4be16ef4c471ebe9c1e3f1888287b/pjob_45453d2178e5408791ec51337285ceba.mp4
5327228	2026-06-20 10:03	/home/jacobw/YTchannel/assets/media/prod_c1a325cd3ec04112b34a57a58fb0a9e0/pjob_251b1ea32fae499aa8d1b83b74fc9786.mp4
5327228	2026-06-20 10:03	/home/jacobw/YTchannel/assets/media/prod_e8a19a4160c94de089949cef823fa6a0/pjob_a68bc23d8c954e81b29051691735846f.mp4
5327228	2026-06-20 10:04	/home/jacobw/YTchannel/assets/media/prod_02b39d2ba4bb4fb2b16a73a3c1128c41/pjob_9bac2b9de6d641bca96a934ddc2eb494.mp4
5327228	2026-06-20 10:04	/home/jacobw/YTchannel/assets/media/prod_3941980c9d364404ab9f83ba58d2afec/pjob_d73b4d41000f4c7595efb48280b6a5a3.mp4
5327228	2026-06-20 10:05	/home/jacobw/YTchannel/assets/media/prod_31258b9077684bdea768d6026d444ad1/pjob_fc97bdb940744cbcbdea8742491f5b31.mp4
5327228	2026-06-20 10:05	/home/jacobw/YTchannel/assets/media/prod_49f6ea7c152140dca5d8e4e4d8ae9c59/pjob_28fd65148d2a47fba571b9557799d39c.mp4
5327228	2026-06-20 10:05	/home/jacobw/YTchannel/assets/media/prod_f50482567652409b9a6ea8d2ef775310/pjob_47c238c0a491497a886ab057afedcc47.mp4
5327228	2026-06-20 10:06	/home/jacobw/YTchannel/assets/media/prod_cb55b73372df4b1a8a2f93908c71d25b/pjob_57453fc2053b416fa61ef82b1e1fd821.mp4
5327228	2026-06-20 10:07	/home/jacobw/YTchannel/assets/media/prod_04619e1874274aeaa39fcdc383f5306f/pjob_1d3462fbd4334eb69246572f88b202bf.mp4
5327228	2026-06-20 10:07	/home/jacobw/YTchannel/assets/media/prod_86ce3ae54bce45ceafa3e47e0200ef54/pjob_02d50266857147c88515badd5bfee51c.mp4
5327228	2026-06-20 10:07	/home/jacobw/YTchannel/assets/media/prod_fdd465eb2b794d43898fb856f36c5edd/pjob_c9ad2516d0d5430182776379bd7b7375.mp4
5327228	2026-06-20 10:08	/home/jacobw/YTchannel/assets/media/prod_d51bfde573f448bcb45f0b42aa777388/pjob_f47e2c0cc1894babbb90f754fd548966.mp4
5327228	2026-06-20 10:08	/home/jacobw/YTchannel/assets/media/prod_ec691b02bc17448197ddc8c61fc6531f/pjob_f0b40f383612426eb94668e65a0e4af1.mp4
5327228	2026-06-20 10:09	/home/jacobw/YTchannel/assets/media/prod_1b9750aadc394d5ab919295214d383ea/pjob_5edce62d55ad4ef68d43bee035eabf01.mp4
5327228	2026-06-20 10:09	/home/jacobw/YTchannel/assets/media/prod_6424e08007e8427380c7338d864381bc/pjob_4b50d580e40d4ab0a220dd7b80dd365c.mp4
5327228	2026-06-20 10:09	/home/jacobw/YTchannel/assets/media/prod_c29286260b5b4b4eac8e275b1820d9bf/pjob_072e8772b3874e3a858b3e53549483e7.mp4
5327228	2026-06-20 10:10	/home/jacobw/YTchannel/assets/media/prod_5d76262e84c64f5d9adc2c91760ff98d/pjob_3b827e1b4cc045b8b3a310f49eb667ac.mp4
5327228	2026-06-20 10:10	/home/jacobw/YTchannel/assets/media/prod_cd0f1bbe731d4852b70fa3bd1f64150d/pjob_8900cbda206c4b6294742653cafc15d1.mp4
5327228	2026-06-20 10:11	/home/jacobw/YTchannel/assets/media/prod_4b0a85c982744c98903eb3d36da2c9ff/pjob_877dc6a24230486ebd713ec7455736a5.mp4
5327228	2026-06-20 10:11	/home/jacobw/YTchannel/assets/media/prod_b89e63b9c8c44e3fbaf3eecb52705b94/pjob_cab0f4bc334948f5bc5831517e116ef6.mp4
5327228	2026-06-20 10:12	/home/jacobw/YTchannel/assets/media/prod_7a5da6873ec64442aa80aea17dc915eb/pjob_5df1fbcab6814939b06809334a7d1842.mp4
5327228	2026-06-20 10:12	/home/jacobw/YTchannel/assets/media/prod_9b583ac32bf44b1898eab2b6fc309c10/pjob_7f43dd424e57483f8b86b63b794e3301.mp4
5327228	2026-06-20 10:12	/home/jacobw/YTchannel/assets/media/prod_cc951ede102440579696fc5c531377b6/pjob_9c7202b8db4e4df581ee9952c0f3d162.mp4
5327228	2026-06-20 10:13	/home/jacobw/YTchannel/assets/media/prod_5f4d91cc68e94051aa77410f56005383/pjob_d27e291ffbce49b5b80b56bb976cc1d4.mp4
5327228	2026-06-20 10:13	/home/jacobw/YTchannel/assets/media/prod_f032d4ef2ef846139f772c5f6e032e8e/pjob_12bd3ded992140449a8ff487f892cfed.mp4
5327228	2026-06-20 10:14	/home/jacobw/YTchannel/assets/media/prod_0804e2bca15749f495f0cc7c930d40bc/pjob_8b0ae750fff84ca6a2fd8c61fff8ae8d.mp4
5327228	2026-06-20 10:14	/home/jacobw/YTchannel/assets/media/prod_38c0d49f24ef49ee8aba457814305259/pjob_923180485a5e409a947234ecd280e222.mp4
5327228	2026-06-20 10:14	/home/jacobw/YTchannel/assets/media/prod_f18818f435694305b81ab6ac310e5c7f/pjob_063d4aadbc8b4317801efeadcb9bd407.mp4
5327228	2026-06-20 10:38	/home/jacobw/YTchannel/assets/media/prod_a8c740152bac4d15b165b8c6a9cf7d5a/pjob_ca872c64e02b41e6ba66264174d73de2.mp4
5327228	2026-06-20 10:39	/home/jacobw/YTchannel/assets/media/prod_90632ecfd28f46faa244a4eff593bec9/pjob_9ddce5b90d684276ae52bde11bd0a5a2.mp4
5327228	2026-06-20 10:39	/home/jacobw/YTchannel/assets/media/prod_c7c345f06d9a46caaf7c201b4fd74e04/pjob_dc363c4bca99408d84e4e28dfba62541.mp4
5327228	2026-06-20 10:40	/home/jacobw/YTchannel/assets/media/prod_e80d780c4b144127b8802fc92d2785ca/pjob_bade594a5eb74473974e81a3201cd783.mp4
5327228	2026-06-20 10:41	/home/jacobw/YTchannel/assets/media/prod_94551e5dbe8049a882735d0bdef67ea3/pjob_d33e9e6c1aae483fb84a9c96a9a61aa7.mp4
5327228	2026-06-20 10:41	/home/jacobw/YTchannel/assets/media/prod_c5a20a8587c64360bc14b4d54c84b695/pjob_f97a85deb7ff48c88c6c8f7284cdabb6.mp4
5327228	2026-06-20 10:42	/home/jacobw/YTchannel/assets/media/prod_6ac42e19946e442f9c7a1d43b743b100/pjob_1494bda6028e40a1b4b86bde37449ce0.mp4
5327228	2026-06-20 10:43	/home/jacobw/YTchannel/assets/media/prod_9826604a2ccf4ac5bfcf51707620beac/pjob_a7641af662c64a37b70545cf728a358d.mp4
5327228	2026-06-20 10:43	/home/jacobw/YTchannel/assets/media/prod_a7993b7252754902ac5979e3192cdb2b/pjob_d509488fe57f4efaa622f30761f186f2.mp4
5327228	2026-06-20 10:44	/home/jacobw/YTchannel/assets/media/prod_0fd8e1355cb94f11825ca38e39095021/pjob_00a795f766aa4563a02b044c8fbbf397.mp4
5327228	2026-06-20 10:44	/home/jacobw/YTchannel/assets/media/prod_6dd1cf431aee4373a2f5191f6fd15a6c/pjob_6bcd5eb65e2d4e65b8b8f92edb77aab4.mp4
5327228	2026-06-20 10:44	/home/jacobw/YTchannel/assets/media/prod_911b51c63bbb4b7ab66595660a5f5a51/pjob_25beba812ada4623b88cefafcd53436e.mp4
5327228	2026-06-20 10:45	/home/jacobw/YTchannel/assets/media/prod_a31dcee0fe1e45bd995667659747b9c9/pjob_dd78a01adf1940e18f61ded63296f0e2.mp4
5327228	2026-06-20 10:45	/home/jacobw/YTchannel/assets/media/prod_da141984e2c1468fa671887b59534a15/pjob_5b2a870b31104695b0ee1fa8cb46c365.mp4
5327228	2026-06-20 10:46	/home/jacobw/YTchannel/assets/media/prod_362899a8e0184293821c283e744569e4/pjob_e4daaf0dcaaa400991634a21c4d4d063.mp4
5327228	2026-06-20 10:46	/home/jacobw/YTchannel/assets/media/prod_60173d0a5f5040a8ada01b707150e901/pjob_9c7a75f3bba2428da24ba29940e03622.mp4
5327228	2026-06-20 12:04	/home/jacobw/YTchannel/assets/media/prod_a2efa550033a45d09494911825d0fe89/pjob_a0f9e0c7c80549d58baf179e496f5767.mp4
5327228	2026-06-20 12:04	/home/jacobw/YTchannel/assets/media/prod_df9c339a75ab407698f3f248ce61eea6/pjob_c738301756994c36a64c31408c0225b9.mp4
5327228	2026-06-20 12:04	/home/jacobw/YTchannel/assets/media/prod_e4281e8aacac41a38a5be20b563a1830/pjob_ae3d5f3eb14e4175903fe3816258d787.mp4
5327228	2026-06-20 12:06	/home/jacobw/YTchannel/assets/media/prod_1780cd0901504cfba60e538f691512cc/pjob_0c7283e6bb074f9d8ddc51317b395a34.mp4
5327228	2026-06-20 12:06	/home/jacobw/YTchannel/assets/media/prod_80a26baed9e34550afb1e5eb05906205/pjob_22ee71af5de943739a668d85ff309b00.mp4
5327228	2026-06-20 12:07	/home/jacobw/YTchannel/assets/media/prod_17a746d6f26c41df9266007a05d79f5c/pjob_09674432dd12447da3a2989cce34a3c1.mp4
5327228	2026-06-20 12:07	/home/jacobw/YTchannel/assets/media/prod_4445fd9ec6e0445d8d0004c9c332d933/pjob_791cf88653254c7fb6ae1086bf35700c.mp4
5327228	2026-06-20 12:07	/home/jacobw/YTchannel/assets/media/prod_6d7fbfbbfd684448858074c34198a86a/pjob_17a5a14a274b471bbaa786906a931f38.mp4
5327228	2026-06-20 12:08	/home/jacobw/YTchannel/assets/media/prod_4314c88a63e94af1a460b15899ca769b/pjob_81103d079d014e988ff8c1b63eec99b0.mp4
5327228	2026-06-20 12:08	/home/jacobw/YTchannel/assets/media/prod_680328eb51324863be73943f7078ffea/pjob_b8186626d95e42f88891f220d0f8ee63.mp4
5327228	2026-06-20 12:08	/home/jacobw/YTchannel/assets/media/prod_b64ebbede17f4475b053203e9ab18771/pjob_4fe658792e544491a597d02d775160f7.mp4
5327228	2026-06-20 12:09	/home/jacobw/YTchannel/assets/media/prod_64eac0c0570f40dc947fc9e444c16fd3/pjob_e68883f9956c43328d97e4af0c4517da.mp4
5327228	2026-06-20 12:09	/home/jacobw/YTchannel/assets/media/prod_bbb4d7e99e6e44cd88fe2466a7988088/pjob_74823b76727945aaa05a0ba9c86875a3.mp4
5327228	2026-06-20 12:25	/home/jacobw/YTchannel/assets/media/prod_78a90ab5ed2f4c8494d2b1f6d98e868b/pjob_06b65b2b4a424459b67ef807810dd67e.mp4
5327228	2026-06-20 12:25	/home/jacobw/YTchannel/assets/media/prod_e4fc11f9b5024c1da36c6511716345e4/pjob_e06496eb509d466582717095262a47e4.mp4
5327228	2026-06-20 12:26	/home/jacobw/YTchannel/assets/media/prod_e0083fb871f64b79a34f53829908cb38/pjob_9ba9037430814cb289c78dd0e4c1ecbe.mp4
5327228	2026-06-20 12:27	/home/jacobw/YTchannel/assets/media/prod_3e63a337a5d34874a30e9aebdc9dc53c/pjob_557994ae0a3542b4913128354af78e38.mp4
5327228	2026-06-20 12:27	/home/jacobw/YTchannel/assets/media/prod_c871f6e8cb29428588407d92a54c4325/pjob_fa28f6f225a74d0d8cafe8f94ab3ba0a.mp4
5327228	2026-06-20 12:28	/home/jacobw/YTchannel/assets/media/prod_2a6ed34648384a0cb800c0a146691f1c/pjob_28346b7eb41e4be58a4518a37bdb6e80.mp4
5327228	2026-06-20 12:28	/home/jacobw/YTchannel/assets/media/prod_548bda61e4824121850c96283fdb50eb/pjob_8d92a046e43f4c16a0feec72c72561d9.mp4
5327228	2026-06-20 12:29	/home/jacobw/YTchannel/assets/media/prod_2fdf2a5989b545d7be58210ebc969e29/pjob_c4225f9318494faea13088989eebb801.mp4
5327228	2026-06-20 12:29	/home/jacobw/YTchannel/assets/media/prod_66fc5dfe045b460ca4cea6ff942bedf0/pjob_10a84b27cd27440e8f1f0962ea4cbd85.mp4
5327228	2026-06-20 12:29	/home/jacobw/YTchannel/assets/media/prod_f7c5f307c90e41838de499c176535f34/pjob_21d58d9a9a194dd298389313ba158a2b.mp4
5327228	2026-06-20 12:30	/home/jacobw/YTchannel/assets/media/prod_846945b9b913479782cf925eec47033d/pjob_a24dbe62152e43229e47d80b1bc6ddf8.mp4
5327228	2026-06-20 12:30	/home/jacobw/YTchannel/assets/media/prod_d25c3a3d8a4748e684de4becc2884194/pjob_e1d6dcd67e514c4996283a2d3e552c98.mp4
5327228	2026-06-20 12:30	/home/jacobw/YTchannel/assets/media/prod_e72b81c82300492dbb5c5c0d3578984f/pjob_e66b702461c1495f8e7794f6a0e68810.mp4
5327228	2026-06-20 12:56	/home/jacobw/YTchannel/assets/media/prod_47344dad39a9461fb015c28bc0b15b82/pjob_9435a7378ecd489b991730fad0bfca6b.mp4
5327228	2026-06-20 13:04	/home/jacobw/YTchannel/assets/media/prod_f74962c0f308432c9e3a3df3422c0a4e/pjob_902875154e4b4befaee261dbf832a9f2.mp4
5327228	2026-06-20 13:05	/home/jacobw/YTchannel/assets/media/prod_613f20d7ca5e4c61ae50c0f3714ebe5d/pjob_5961f7d0fde645f090171638cbc8a37b.mp4
5327228	2026-06-20 13:06	/home/jacobw/YTchannel/assets/media/prod_3ee3bde01ba44234b683c407bbec84b0/pjob_38642ffb30bc496d908300c3f6b5d485.mp4
5327228	2026-06-20 13:07	/home/jacobw/YTchannel/assets/media/prod_a66c3866b0ad4d9fa34539adac92824b/pjob_6c5c11bd27e04238a3c4682f20c22d72.mp4
5327228	2026-06-20 13:08	/home/jacobw/YTchannel/assets/media/prod_eacebca84f98469b9f339158a6997200/pjob_ac148875feab4279b7f62f45490c3153.mp4
5327228	2026-06-20 13:09	/home/jacobw/YTchannel/assets/media/prod_543ef8b9f6d54a65bcdb2a5558208411/pjob_30408429e95a4a8dadef41bdd72f5dc9.mp4
5327228	2026-06-20 13:09	/home/jacobw/YTchannel/assets/media/prod_d0032e0ec4cb41e5a30db42e51d951ed/pjob_6547c1f619834e3995c233ab76a76245.mp4
5327228	2026-06-20 13:10	/home/jacobw/YTchannel/assets/media/prod_b4dd6920a010465d83d9e9a670c8e3a5/pjob_0275e9400d3e4412a715e2eb680c7644.mp4
5327228	2026-06-20 13:11	/home/jacobw/YTchannel/assets/media/prod_743aa1bbb80349fe9463274cd09b464f/pjob_ba699d6f00ab4a9b93fafbd7c4dcf232.mp4
5327228	2026-06-20 13:12	/home/jacobw/YTchannel/assets/media/prod_4c152e14e7ef4343be77cf98c1057cdf/pjob_07798fbce30a41e58c61ea4e392cc348.mp4
5327228	2026-06-20 13:13	/home/jacobw/YTchannel/assets/media/prod_2fbe3db0fa134b94905280db0277b2b2/pjob_443dc85731d641feb0dc0dc998f48ee2.mp4
5327228	2026-06-20 13:47	/home/jacobw/YTchannel/assets/media/prod_844aabba0a7b40f38da9f5582abbe737/pjob_048bccce4ed94dccafc594024d8eb61a.mp4
5327228	2026-06-20 13:48	/home/jacobw/YTchannel/assets/media/prod_d601b7a549e9486ca3e76fb9786f3f24/pjob_7cf0772bf7fc436aa602ceedecfe80f5.mp4
5327228	2026-06-20 13:49	/home/jacobw/YTchannel/assets/media/prod_4070e06189014e27b92d053049a026b1/pjob_eca5fc8b853e43a3891a619f2ba4bb56.mp4
5327228	2026-06-20 13:50	/home/jacobw/YTchannel/assets/media/prod_49f0294ae49946b98130df95402448d2/pjob_9114c13203954550a17e485b8fce7b9b.mp4
5327228	2026-06-20 13:51	/home/jacobw/YTchannel/assets/media/prod_c335847ae57847308e7f837a0abee796/pjob_889787b202ce4b63875dd3d63bb14df1.mp4
5327228	2026-06-20 13:51	/home/jacobw/YTchannel/assets/media/prod_d8c33097802b4f0fbee88506ac1e82c5/pjob_0f841284a32f4901af03d44712c7ac92.mp4
5327228	2026-06-20 13:52	/home/jacobw/YTchannel/assets/media/prod_433ccccbbd6146d8ba7e9c04ae1ffff9/pjob_1d09b2583e704f18bd0b99e393ec2ebf.mp4
5327228	2026-06-20 13:53	/home/jacobw/YTchannel/assets/media/prod_7ffdd61bb45a4541860f39926d7f025e/pjob_36e679707b7d4ed59a16676c40348117.mp4
5327228	2026-06-20 13:54	/home/jacobw/YTchannel/assets/media/prod_df86c74be45f454fa617c5d8b8c72154/pjob_8447710b35944330b054639973e75ee2.mp4
5327228	2026-06-20 13:55	/home/jacobw/YTchannel/assets/media/prod_941c27d2efb84c87a4032a7095a42e96/pjob_c0940dc8229c42cf8ed7333ac3bc6d84.mp4
5327228	2026-06-20 13:56	/home/jacobw/YTchannel/assets/media/prod_0d486b7c062a47e6bf9204c407e1c4c3/pjob_96dfd33ca3e5498bbfd09b27f544f030.mp4
5327228	2026-06-20 16:56	/home/jacobw/YTchannel/assets/media/prod_003f2541c79649c6a4cd03eb9c005b34/pjob_779472c9581540dcbc0830d7bd61771a.mp4
5327228	2026-06-20 16:57	/home/jacobw/YTchannel/assets/media/prod_2bb86b48ae3d44cdaa4878c31571305b/pjob_07cfbeb8bc6f400d94aa4ad01747f425.mp4
5327228	2026-06-20 16:58	/home/jacobw/YTchannel/assets/media/prod_3ee5770219344df78cbb224b8665914b/pjob_371de5bc23544e95bb01831c7c0e0fa8.mp4
5327228	2026-06-20 16:59	/home/jacobw/YTchannel/assets/media/prod_39e34cd0d4674c088eddde67100a6be4/pjob_7e52a850eaee477ab8849a70ea23db97.mp4
5327228	2026-06-20 17:00	/home/jacobw/YTchannel/assets/media/prod_020e53e741734588ba55978db1534b68/pjob_fe84df8f8da7444ba413f580620c5308.mp4
5327228	2026-06-20 17:00	/home/jacobw/YTchannel/assets/media/prod_4f9fc1716dc94c5ba1d05843f9e72e58/pjob_868bc2f1d5b4460181e448a9c7380598.mp4
5327228	2026-06-20 20:55	/home/jacobw/YTchannel/assets/media/prod_9767dee9166f4101ad9eaed95dab77fe/pjob_08e30f3540fa4dd5af1658a8c4edc51d.mp4
5327228	2026-06-20 20:55	/home/jacobw/YTchannel/assets/media/prod_a5fb9c3226374d3d89fc6757c5551488/pjob_05a97ec3d3b54fd088b3082061b2fe06.mp4
5327228	2026-06-20 20:56	/home/jacobw/YTchannel/assets/media/prod_2832c329f05a4ca0a7c34cf4993a1052/pjob_3ea74de244a045aeaf7b4fb0866658e5.mp4
5327228	2026-06-20 20:56	/home/jacobw/YTchannel/assets/media/prod_5bc7e49f323f41a1830cdaa7348a2255/pjob_ecd6e303144f430eb2d7e2e0c15c863a.mp4
5327228	2026-06-20 20:56	/home/jacobw/YTchannel/assets/media/prod_7cdbc5f95cce470ca99981ccfd6f82ce/pjob_f78a880670b64e979d4d5effc658ff07.mp4
5327228	2026-06-20 20:56	/home/jacobw/YTchannel/assets/media/prod_c90d1788aabf40e4b32d04175a8703dc/pjob_1331885f9e3f48d3b87db72d3823ab4a.mp4
5327228	2026-06-20 20:56	/home/jacobw/YTchannel/assets/media/prod_d0feb04e88ca4acf9f6a194b0c23a85e/pjob_2f91b82a1ace49e7a19909250b761702.mp4
5327228	2026-06-20 21:02	/home/jacobw/YTchannel/assets/media/prod_08582b0e66e24c3abc08a5e8fb8aec41/pjob_3c834309b8f645c88423a062408548f6.mp4
5327228	2026-06-20 21:02	/home/jacobw/YTchannel/assets/media/prod_3ecba6bb20e24ee3a9e8f40d669fcf40/pjob_ebdea7d8ac334eeda0b438eb7df219f5.mp4
5327228	2026-06-20 21:02	/home/jacobw/YTchannel/assets/media/prod_447485ad16cd4ad58767b41d5bdef23a/pjob_94a0a495b9aa4a8a874ad3bb772bb8d4.mp4
5327228	2026-06-20 21:02	/home/jacobw/YTchannel/assets/media/prod_55dc9889c755422e90062b653b3dbff0/pjob_6e4ae9eda8ef492d90d99c58540d8151.mp4
5327228	2026-06-20 21:02	/home/jacobw/YTchannel/assets/media/prod_f9c17e979ba74766819ad6d2df427232/pjob_495cbcfa21d04625a24d0794dd6c5630.mp4
5327228	2026-06-20 21:03	/home/jacobw/YTchannel/assets/media/prod_47e53a56d61041b0b5b84465cc3a4c6a/pjob_b0e5e32248ac4978b7e6b6f66e9f9d54.mp4
5327228	2026-06-20 21:03	/home/jacobw/YTchannel/assets/media/prod_6d96cd4bcbd7406285a26b99aa4fceba/pjob_5edf2888a1a741059959b9158bce18c8.mp4
5327228	2026-06-20 21:08	/home/jacobw/YTchannel/assets/media/prod_077f1f05e6424381b054fadfc3d08a78/pjob_3e760381c423403d9c96198e1cd0c38f.mp4
5384565	2026-06-13 14:39	/home/jacobw/YTchannel/assets/media/002_promise/B004.mp4
5506288	2026-06-13 01:16	/home/jacobw/YTchannel/assets/media/008_ai_layer/B078.mp4
5612741	2026-06-13 00:09	/home/jacobw/YTchannel/assets/media/004_wrong_approach/B022.mp4
5748645	2026-06-18 15:29	/home/jacobw/YTchannel/assets/media/prod_92605736e62e40899b77ab9ea314be23/pjob_a30ff801aef7463aa67cb2aa3cd4e4ab.mp4
5748645	2026-06-18 15:30	/home/jacobw/YTchannel/assets/media/prod_5ccbc0124eb047b8ae63be04e20a9865/pjob_2ac7a581f1564216ace245140a496a41.mp4
5748645	2026-06-18 15:31	/home/jacobw/YTchannel/assets/media/prod_01ddfd49b72f4a94a4d14c957a7e284b/pjob_76c32d3f2e914acf967884e725c9467a.mp4
5748645	2026-06-18 15:33	/home/jacobw/YTchannel/assets/media/prod_731c57b3c7b449098538732d4ea7d133/pjob_cd4b6ade5ab247348fcbe90a9f1b47f3.mp4
5748645	2026-06-18 15:36	/home/jacobw/YTchannel/assets/media/prod_b040534ee9c54720840ca03e56e08962/pjob_3497010ee83540b88e28348774e3cd1f.mp4
5748645	2026-06-18 15:38	/home/jacobw/YTchannel/assets/media/prod_0bced67a9ff243bbad6410ce2599f8cb/pjob_0bf5d9ec321a4d50aa500d91eac2cde9.mp4
5748645	2026-06-18 15:39	/home/jacobw/YTchannel/assets/media/prod_e37dc8799ddc475dbff54bccca95b3b7/pjob_2d5d00a2781b4078ac763ddd153c5254.mp4
5748645	2026-06-18 15:39	/home/jacobw/YTchannel/assets/media/prod_e37dc8799ddc475dbff54bccca95b3b7/pjob_d400aa2e7e7c4a2c8be373c068c393b8.mp4
5748645	2026-06-18 15:41	/home/jacobw/YTchannel/assets/media/prod_d91002b99be148718acb6a1bb013e172/pjob_ebf30ae5461f485e8081f9ec2469a65b.mp4
5748645	2026-06-18 15:45	/home/jacobw/YTchannel/assets/media/prod_e7a087697bd145f2b4e3653b2802b939/pjob_11dd734dac3c44e3a02eadc2b89120d1.mp4
5748645	2026-06-18 15:46	/home/jacobw/YTchannel/assets/media/prod_629a2237f6cd4a91bed095c56147d778/pjob_4abeb6dabbd94a289efd8d28aeabe29d.mp4
5748645	2026-06-18 15:46	/home/jacobw/YTchannel/assets/media/prod_ed60e7661fab497d8e080351d728bcd5/pjob_dce9c3c30a5540149f3a558d79555708.mp4
5748645	2026-06-18 15:47	/home/jacobw/YTchannel/assets/media/prod_72691471f3e04296a990147b65dd7635/pjob_2d28114c41dd4170bc2bf875f46e1bf7.mp4
5748645	2026-06-18 15:47	/home/jacobw/YTchannel/assets/media/prod_e5cdda87ba3c439b8e275a5904ff7bc0/pjob_2075a5551fdf4842b3e780b961466c92.mp4
5748645	2026-06-18 15:48	/home/jacobw/YTchannel/assets/media/prod_9fc604145b96477e8115a5bc1ad42fb2/pjob_3de0aeef1ede404ba3681b573ded6057.mp4
5748645	2026-06-18 15:48	/home/jacobw/YTchannel/assets/media/prod_fec71ef724d649cc8da0f3a1dccb2def/pjob_f9175db378d24c4ca228abe91f3b98d6.mp4
5748645	2026-06-18 15:49	/home/jacobw/YTchannel/assets/media/prod_2af83c84df1041ccab08c11378467142/pjob_1ea5b3a24a4c486d9ddd9611f3df1359.mp4
5748645	2026-06-18 15:49	/home/jacobw/YTchannel/assets/media/prod_92b7aa5856134c35bc8098ce95762fbc/pjob_39c3d903cc1f4a5c99b52b256724e2f6.mp4
5748645	2026-06-18 15:49	/home/jacobw/YTchannel/assets/media/prod_a779c5ef5d9e4664b36ba8721092e27b/pjob_5c71e47154cb4e5080a29e1b63a654f2.mp4
5748645	2026-06-18 15:50	/home/jacobw/YTchannel/assets/media/prod_c7cdf43cf6d2400e99850ed283e273c5/pjob_a7488c9e68c04daaa119c4cac5843e96.mp4
5748645	2026-06-18 15:51	/home/jacobw/YTchannel/assets/media/prod_e872819917eb417d9de222925d25de03/pjob_7ac2c114d95a4c6f873fd73373dff69b.mp4
5748645	2026-06-18 15:52	/home/jacobw/YTchannel/assets/media/prod_7998c98f54fc4256afa84d1814920bc8/pjob_f61189e568cb41dcaf250c918fe47926.mp4
5748645	2026-06-18 15:52	/home/jacobw/YTchannel/assets/media/prod_ead8ff7f11754c6ba44c39db8b8eed32/pjob_5dd8531a703d490eb8eee95e5d9eb383.mp4
5748645	2026-06-18 15:53	/home/jacobw/YTchannel/assets/media/prod_984771539b2d4f4b9c706775b1b8b413/pjob_88cabcf2ac63493c8f788e5a77b9a467.mp4
5748645	2026-06-18 15:53	/home/jacobw/YTchannel/assets/media/prod_d6d335e2b9df4aa68f2c41c77781a35c/pjob_8cdf6164102748328751848309e409c0.mp4
5748645	2026-06-18 15:53	/home/jacobw/YTchannel/assets/media/prod_f36d8a8bb7fe4a3fae628b00037e2f8f/pjob_13e7e01f0c5040c69aaedba7e448feb8.mp4
5748645	2026-06-18 15:54	/home/jacobw/YTchannel/assets/media/prod_4020cdc3567b45f49111b9523c2fc360/pjob_bc89b600413a496e847b8206974e9633.mp4
5748645	2026-06-18 15:54	/home/jacobw/YTchannel/assets/media/prod_50dbd7a7a9c04fe3970ce963e4ae632f/pjob_23ba216258c34db4bf61dad85b30fd54.mp4
5748645	2026-06-18 15:54	/home/jacobw/YTchannel/assets/media/prod_61c4bd4522184d47bf0a6eca6f080769/pjob_ae4529d4abfb46dcbc1f4e42cc0bb882.mp4
5748645	2026-06-18 15:55	/home/jacobw/YTchannel/assets/media/prod_eed729ace0df4953b94e50d331d68d80/pjob_b7f9f925444b41e2bd43c81ecf37125a.mp4
5748645	2026-06-18 20:42	/home/jacobw/YTchannel/assets/media/prod_e727b1c1a58642eeb2f03cf4ee1d651d/pjob_599b3836548149569f4ab8f8bb011eff.mp4
5748645	2026-06-18 22:15	/home/jacobw/YTchannel/assets/media/prod_9a44407be0884fd0b9646932fa3a4653/pjob_40ce441e83df4b3db65bce0f14a00d3b.mp4
5748645	2026-06-18 22:15	/home/jacobw/YTchannel/assets/media/prod_dddea302002642dea824d52778908b72/pjob_20e302100a8540a7a8ce4934ede72acd.mp4
5748645	2026-06-18 22:16	/home/jacobw/YTchannel/assets/media/prod_8570f117bbd3480386fed01152f0e70e/pjob_ca5ec57f277946d7b13d2567d751b09e.mp4
5748645	2026-06-18 22:16	/home/jacobw/YTchannel/assets/media/prod_e018e872c8bd43c0a870fa1bf6ebe168/pjob_8d28bd67913c43c69f97a6374a9ea495.mp4
5748645	2026-06-18 22:17	/home/jacobw/YTchannel/assets/media/prod_0237c58c2d5c4e8a8079f82fc7aa0781/pjob_8cbb1402c4d44598b974fd634c3557c2.mp4
5748645	2026-06-18 22:17	/home/jacobw/YTchannel/assets/media/prod_a87095ec9d774454b82ce86e1032f815/pjob_1ec660ae5ff24b3394b68d97cf5299a9.mp4
5748645	2026-06-18 22:17	/home/jacobw/YTchannel/assets/media/prod_f36bcfd4ca3a4fefaad5e94ac20aef39/pjob_9cb7b92913414a33b3d0b0c2cc631e7f.mp4
5748645	2026-06-18 22:18	/home/jacobw/YTchannel/assets/media/prod_867e103a663c4aa7b5d277ef206b1acb/pjob_f35644323f1946fe8478fb974bd739cf.mp4
5748645	2026-06-18 22:18	/home/jacobw/YTchannel/assets/media/prod_ed21b4251e1f492f96afbb03427ae90f/pjob_4857b90006824800a3c520ed17f3ee61.mp4
5748645	2026-06-18 22:19	/home/jacobw/YTchannel/assets/media/prod_e34cb8f1b07242a7bf59428184a5d486/pjob_6f9780fb159842cdac10eca8b55079c5.mp4
5748645	2026-06-18 22:54	/home/jacobw/YTchannel/assets/media/prod_b7d357368b854f09ab2b1e51fb6755af/pjob_12bf902164034a66a43e732fcfbb9299.mp4
5748645	2026-06-18 22:55	/home/jacobw/YTchannel/assets/media/prod_4b35c4a3e2c74fe98af667a7f0538c3c/pjob_6849ebbfceec46058e3668c0e91621fa.mp4
5748645	2026-06-18 22:56	/home/jacobw/YTchannel/assets/media/prod_737fcc3f5acb45c291035057d1237e65/pjob_d90057b1235a4435b332e9797d0d64c2.mp4
5748645	2026-06-18 22:58	/home/jacobw/YTchannel/assets/media/prod_2e49c8856f1945aa8e9bd9394a72380e/pjob_ab4e98ba9bbb4839a85e7a933cfb4157.mp4
5748645	2026-06-18 22:58	/home/jacobw/YTchannel/assets/media/prod_7375f0abcf64475e8962e34aae5186e1/pjob_270d876c6c6b40d4aefe0088691ababb.mp4
5748645	2026-06-18 22:59	/home/jacobw/YTchannel/assets/media/prod_16cddc99a1994feeb9113d189fa01ad4/pjob_54c96f67c4b2430e9318d068e7edc414.mp4
5748645	2026-06-18 22:59	/home/jacobw/YTchannel/assets/media/prod_6a1c0626f824496796435d75606c7be0/pjob_5da7be1af8c94e91a4bba3136d5c4b87.mp4
5748645	2026-06-18 22:59	/home/jacobw/YTchannel/assets/media/prod_b167e40b02c243498aa23effd8683ff8/pjob_2935aa7af7734724b29bda4c3ca7b6c1.mp4
5748645	2026-06-18 23:00	/home/jacobw/YTchannel/assets/media/prod_79338b995dc6487dbd4abe6822418b68/pjob_8a754e2e7ade43cc9c8b11cc258a8fc2.mp4
5748645	2026-06-18 23:00	/home/jacobw/YTchannel/assets/media/prod_9efc18c614f241ef86e76b06659bdae8/pjob_5b88cda636c846d9bbd15ad3a36f378e.mp4
5748645	2026-06-18 23:01	/home/jacobw/YTchannel/assets/media/prod_3efdd2e2113445c3b526165ba717f9fd/pjob_3fb17fd0529e4ecb86bb714483153253.mp4
5748645	2026-06-18 23:01	/home/jacobw/YTchannel/assets/media/prod_49d080e4b2184cbfac4dc655582efc3e/pjob_1c4f5735b8644dc1beec84de1d8201dc.mp4
5748645	2026-06-18 23:01	/home/jacobw/YTchannel/assets/media/prod_4fb859af4f3547f2af7e76df3f1ffe87/pjob_6cb7e9c35b394fdb80b084fe67d0d474.mp4
5748645	2026-06-18 23:12	/home/jacobw/YTchannel/assets/media/prod_6652c31420564ba58d276b22007cb8fa/pjob_8f0d685da8954867a77fc3cfbbb488e1.mp4
5748645	2026-06-18 23:12	/home/jacobw/YTchannel/assets/media/prod_9cdabc71b002430aac4a049f46a3dd72/pjob_df9982694f584282a182254c236ae2c1.mp4
5748645	2026-06-18 23:12	/home/jacobw/YTchannel/assets/media/prod_ea2bead949cd4098a5781ebee78b3bea/pjob_805b79d1afa64720b35887d4ff39535b.mp4
5748645	2026-06-18 23:13	/home/jacobw/YTchannel/assets/media/prod_40b2f9d2904341c58488ac21ea337986/pjob_bcbef2ca07ff47068e29774cd8702d6e.mp4
5748645	2026-06-18 23:13	/home/jacobw/YTchannel/assets/media/prod_475eff1a9f634a22a3d6174f0eb753ec/pjob_2d28c4a40a8e4c1594ffce43357a3dc1.mp4
5748645	2026-06-18 23:13	/home/jacobw/YTchannel/assets/media/prod_a13585846dd5400cbb2a41924986fdba/pjob_1bb3d31ba2aa4e41b8c3b4c18194828a.mp4
5748645	2026-06-18 23:14	/home/jacobw/YTchannel/assets/media/prod_0bea10879f6d4d778daffc01ae634f91/pjob_29711ae5794e4bae8062b13b7ba23db3.mp4
5748645	2026-06-18 23:14	/home/jacobw/YTchannel/assets/media/prod_6cba656e5d0740199940c7fcaf1b922a/pjob_29ad9b22f7ef4f2e9d6465e1e6e5eecb.mp4
5748645	2026-06-18 23:15	/home/jacobw/YTchannel/assets/media/prod_4ad58158c2a147d8966e201111fb9e82/pjob_cd5ec136708a46188bac613254f59a99.mp4
5748645	2026-06-18 23:15	/home/jacobw/YTchannel/assets/media/prod_f354504a50fd4c2c8c84d52917f60ee0/pjob_b01e6f213b42497d9030a5d1fff1bfc2.mp4
5748645	2026-06-18 23:25	/home/jacobw/YTchannel/assets/media/prod_99333fb362f847cbacda9d68691dee35/pjob_7aa8329afc1e49ae8b8d6aae1101d797.mp4
5748645	2026-06-18 23:25	/home/jacobw/YTchannel/assets/media/prod_db5da16735f941f2b4909d0e05ebf919/pjob_6422d905de35473a84e8d7da80d99c90.mp4
5748645	2026-06-18 23:26	/home/jacobw/YTchannel/assets/media/prod_69a2c309c7b64c9b8499af2df4a3cebd/pjob_005b1c07dcf44d4e877c8034ef4e9edb.mp4
5748645	2026-06-18 23:26	/home/jacobw/YTchannel/assets/media/prod_7f910cddf19243969df68c97dc93b323/pjob_630a0fdd014347d5806d9b673066ae49.mp4
5748645	2026-06-18 23:26	/home/jacobw/YTchannel/assets/media/prod_df62dcd0215f44719ff52efd7372138c/pjob_5aef0a3fd40041bf83196b4c838438e7.mp4
5748645	2026-06-18 23:27	/home/jacobw/YTchannel/assets/media/prod_1d081de0921e43958d72e72e0a440199/pjob_d1e7eacedc7040b495f92009951aec37.mp4
5748645	2026-06-18 23:27	/home/jacobw/YTchannel/assets/media/prod_57bfb668970646cba19c3a9e89f71e3f/pjob_32097b8b6c86441c90cdb771753a50dd.mp4
5748645	2026-06-18 23:27	/home/jacobw/YTchannel/assets/media/prod_a8ef94f38ef04b66a2234febfafed1c0/pjob_da95dcf623e94d50bcb8cdb6bb3cf247.mp4
5748645	2026-06-18 23:28	/home/jacobw/YTchannel/assets/media/prod_45a2571564a84b18b2e3cde11923e340/pjob_6c96b0f55d0a48f4ad296b89d6e61f06.mp4
5748645	2026-06-18 23:28	/home/jacobw/YTchannel/assets/media/prod_7652df036c1542ca8e24fcbd4d11e206/pjob_503c305dff3c4a5481bdc413b2840e2d.mp4
5748645	2026-06-18 23:40	/home/jacobw/YTchannel/assets/media/prod_4d81d170d13c4008a67262918323df0e/pjob_022dc84bbfd74050a8a1738ed8c15fdd.mp4
5748645	2026-06-18 23:40	/home/jacobw/YTchannel/assets/media/prod_53c3ac032c0749dc990604ae52ddd170/pjob_7acfa876093742378099dc3e767f2058.mp4
5748645	2026-06-18 23:41	/home/jacobw/YTchannel/assets/media/prod_1ffeee5cc4084ce1be0169db2f2251e8/pjob_f2527016036840a7be4f25eacddd7978.mp4
5748645	2026-06-18 23:41	/home/jacobw/YTchannel/assets/media/prod_49a1513de5eb497586cd5d57d1c5a776/pjob_12e1299a329e476489258da5b28ec182.mp4
5748645	2026-06-18 23:41	/home/jacobw/YTchannel/assets/media/prod_c9ac4d5ef82b4a768a72a94d724f5ea7/pjob_4efa6a68134d4775a692053778bd889c.mp4
5748645	2026-06-18 23:42	/home/jacobw/YTchannel/assets/media/prod_30a3ecdc64b14829a9e7a852c2d613e4/pjob_badc31b2eb10456abec0ff3a74b9be03.mp4
5748645	2026-06-18 23:42	/home/jacobw/YTchannel/assets/media/prod_332bce2d2b5b4e75bb3f972a64dcd934/pjob_dd11ea7f77334573a026e0e3f224ac01.mp4
5748645	2026-06-18 23:42	/home/jacobw/YTchannel/assets/media/prod_cc2780bdcab24d5e920bce74965cbaa1/pjob_f75e2c7221c742618938812e050f5d26.mp4
5748645	2026-06-18 23:43	/home/jacobw/YTchannel/assets/media/prod_00835f2a12124b48a9e8a530fff19568/pjob_70c2731d20d5426d83623dd292c194e5.mp4
5748645	2026-06-18 23:43	/home/jacobw/YTchannel/assets/media/prod_4178f27a7efb473192c9f8c878eba2ed/pjob_44192dfb1ba340a19aa47dd1ae58b051.mp4
5748645	2026-06-19 08:08	/home/jacobw/YTchannel/assets/media/prod_5ea4f1b31cd94462892e7bcd47e2bb01/pjob_ecf313c841c14c21bfc69bef55cd2eaa.mp4
5748645	2026-06-19 08:08	/home/jacobw/YTchannel/assets/media/prod_c6882b847b2d4ae585c68c0d3411259e/pjob_be362a8ef4c447eca271aed125f5c729.mp4
5748645	2026-06-19 08:09	/home/jacobw/YTchannel/assets/media/prod_6e47988edffb4df9b4f34f3a93e3cd07/pjob_61654389e12a48598f72af97e510e6b5.mp4
5748645	2026-06-19 08:09	/home/jacobw/YTchannel/assets/media/prod_6ec56def1f854254a5a56a01a7464827/pjob_5fce614a215a43d6a8b53806850ea530.mp4
5748645	2026-06-19 08:09	/home/jacobw/YTchannel/assets/media/prod_777c06918d834824b2993395005e2f05/pjob_d10c56afef924844945d4d31906b1f5a.mp4
5748645	2026-06-19 08:10	/home/jacobw/YTchannel/assets/media/prod_40d11d1b465f4337870a8edece099358/pjob_a08d5e0d05e64a29b48ff323212666eb.mp4
5748645	2026-06-19 08:10	/home/jacobw/YTchannel/assets/media/prod_749fb2f19f9245b3a82fe6e43995f9ac/pjob_11fc9bca64e34af09421a7bf6e8bb6e3.mp4
5748645	2026-06-19 08:11	/home/jacobw/YTchannel/assets/media/prod_43de7bb8cfca49dd944dbdb7d84ce006/pjob_1af04e3cd3004e18b813d780790f04e7.mp4
5748645	2026-06-19 08:11	/home/jacobw/YTchannel/assets/media/prod_5ff2e00656894c75a3ad9adc27b79cf7/pjob_a181618ad09a4a6c85cb826905830571.mp4
5748645	2026-06-19 08:11	/home/jacobw/YTchannel/assets/media/prod_8356a7f2a35a4512ab5dcc0c0f63ee4f/pjob_3be267b7ee3e45cba93d464d4cb3d274.mp4
5748645	2026-06-19 08:18	/home/jacobw/YTchannel/assets/media/prod_684eba46893942039b666cc67e4cd73d/pjob_d5417444367d4d18ab5a0cab56f79ffa.mp4
5748645	2026-06-19 08:18	/home/jacobw/YTchannel/assets/media/prod_6ab5a8bef46c4a4c9324a316de91e4ec/pjob_5b6afefcc7c947f1a34894438b1d56c5.mp4
5748645	2026-06-19 08:18	/home/jacobw/YTchannel/assets/media/prod_7786a48194864ff9bd5743ae4a3c6572/pjob_8426cd917a744ab5a14ec9014390d437.mp4
5748645	2026-06-19 08:19	/home/jacobw/YTchannel/assets/media/prod_6fd0edbd4b824c03b219cdd2395682c3/pjob_1fef4c9ab0d94754a36489e625cc2e8c.mp4
5748645	2026-06-19 08:19	/home/jacobw/YTchannel/assets/media/prod_e27f6b7b5ebb4e8397d10978bf9e931e/pjob_5124c37e44b946bea9e3f07d6fc1ce73.mp4
5748645	2026-06-19 08:20	/home/jacobw/YTchannel/assets/media/prod_ba8726eaa50f43369050d571aa6e71d7/pjob_36bfcd3bb92b4cf98ba0913cbe5d43bb.mp4
5748645	2026-06-19 08:20	/home/jacobw/YTchannel/assets/media/prod_c344d6b654484962a98a50963579c8ee/pjob_51a356a771b847d1bd81bd75b0c91e7c.mp4
5748645	2026-06-19 08:20	/home/jacobw/YTchannel/assets/media/prod_e5cb898a186c49a7abb428221138c852/pjob_c1ad3e96776541a2833f7faf0209e764.mp4
5748645	2026-06-19 08:21	/home/jacobw/YTchannel/assets/media/prod_84fa6358c51e4998a3d1d93afe70446f/pjob_46c790275e9342eaba8897cf4bee571e.mp4
5748645	2026-06-19 08:21	/home/jacobw/YTchannel/assets/media/prod_ab14b740e97843c5b61c7a6271d8878f/pjob_b48dad1c402b48ebb255cc9d556fe1fa.mp4
5748645	2026-06-19 08:21	/home/jacobw/YTchannel/assets/media/prod_de963fdeaa42443685e8dc2c08b5321d/pjob_75b4e316dc4c45cf80d7fd8517d287f0.mp4
5748645	2026-06-19 08:22	/home/jacobw/YTchannel/assets/media/prod_5dea1df5413a4776bea6c0ae453e610b/pjob_a4feec7be57c4dc18997fe8686aebc8c.mp4
5748645	2026-06-19 08:22	/home/jacobw/YTchannel/assets/media/prod_8e2b77e8d7134b328430a0c0673d274a/pjob_5c2f72fea4ad4f7ba59f4952b60cf6bc.mp4
5748645	2026-06-19 08:23	/home/jacobw/YTchannel/assets/media/prod_225cbc6d67194a3a822c95bde705ca4f/pjob_0a3344113a604e3f825cdbb49409ffc3.mp4
5748645	2026-06-19 12:46	/home/jacobw/YTchannel/assets/media/prod_20b418d1c0934d39a06230e4931379d9/pjob_13a0ee112c8e49cb92a249b65b02cd9d.mp4
5748645	2026-06-19 12:46	/home/jacobw/YTchannel/assets/media/prod_894800f9c86c4eeea9b9c45e03612968/pjob_4f9ca34861c34d64a519d3908dcb135d.mp4
5748645	2026-06-19 12:47	/home/jacobw/YTchannel/assets/media/prod_283d100ac1b44859977077b29bca4e5b/pjob_abcc00df3da44094b941563e52ac66dc.mp4
5748645	2026-06-19 12:47	/home/jacobw/YTchannel/assets/media/prod_9cc6c9ed6a9d43119c9ac4d6b3a14dc1/pjob_7ddb17f54d1b478ea9d3fc0e3142aa42.mp4
5748645	2026-06-19 12:48	/home/jacobw/YTchannel/assets/media/prod_3af7333f3e4749d09dedf73f2d55bd6c/pjob_b8fa4f7d94b34e0c987a84fff232e4fe.mp4
5748645	2026-06-19 12:48	/home/jacobw/YTchannel/assets/media/prod_6c3aec3b34e54923a710a81c0e82d892/pjob_53e8918966074faaa57ebacef4a2caca.mp4
5748645	2026-06-19 12:49	/home/jacobw/YTchannel/assets/media/prod_1c713aefdad948e19db81c4af7d8660f/pjob_2a3edff5b1b744ac9002d841095da3a0.mp4
5748645	2026-06-19 12:49	/home/jacobw/YTchannel/assets/media/prod_3de7c84c619741c4816b9ea773b235f9/pjob_abd5142ebeb54b0ea754477119b39380.mp4
5748645	2026-06-19 12:49	/home/jacobw/YTchannel/assets/media/prod_a4d18fe3d1c64380afaa016779362234/pjob_15f17516793e48e3869c8414ba7894f4.mp4
5748645	2026-06-19 12:50	/home/jacobw/YTchannel/assets/media/prod_bd5e4438ea574dcf98aa75395f64a85e/pjob_93926a70943c4b8ca71b7bd6f91d3af2.mp4
5748645	2026-06-19 12:50	/home/jacobw/YTchannel/assets/media/prod_e6c5c0bf88504a65b12b0aae92f6c5bc/pjob_efb417c994854707bd0adfa7a69760bb.mp4
5748645	2026-06-19 12:51	/home/jacobw/YTchannel/assets/media/prod_6db0d6ed395e4506b228eb636cb0efa3/pjob_be2f509f17934991a248e0f86f8ce311.mp4
5748645	2026-06-19 12:51	/home/jacobw/YTchannel/assets/media/prod_e705567c019647939eb068ef1fbb4945/pjob_e701b9c94a8a41a3b420745475811c01.mp4
5748645	2026-06-19 12:52	/home/jacobw/YTchannel/assets/media/prod_2c3f4342aaf74b38a5f7db01a47667d9/pjob_c165bb6c5d8e4ef58e6ccf08ecd5d7b8.mp4
5748645	2026-06-19 12:52	/home/jacobw/YTchannel/assets/media/prod_d425c8dc33d445679827c4490cc6b616/pjob_53243fff93e6439aaa2dbe7f141dd998.mp4
5748645	2026-06-19 12:53	/home/jacobw/YTchannel/assets/media/prod_4d8e007a6d254163b294532671abf981/pjob_5bd6d865764649a9a988af4dfa42d84e.mp4
5748645	2026-06-19 12:53	/home/jacobw/YTchannel/assets/media/prod_9b94da2f795047e39de31f63f361a036/pjob_33846724ffc84e769b133c92723ac552.mp4
5748645	2026-06-19 12:53	/home/jacobw/YTchannel/assets/media/prod_b3f10fcb72ee49f788190ebc8910602b/pjob_26586b1248144ce89b7edc79eb727bbf.mp4
5748645	2026-06-19 12:54	/home/jacobw/YTchannel/assets/media/prod_162d66ad0916407d97de7baae5c0ff80/pjob_39c962126ca849f29c9ca5a82f464d26.mp4
5748645	2026-06-19 12:54	/home/jacobw/YTchannel/assets/media/prod_d1bdc807f7d04f7590b85d2c2af9af26/pjob_d0e283a46aad48fea06c27f269156a5b.mp4
5748645	2026-06-19 12:54	/home/jacobw/YTchannel/assets/media/prod_f5a406af9cc34f9680522a04d191ce75/pjob_115aa2b8eed24d2181516ff0a0db9a5a.mp4
5748645	2026-06-19 13:07	/home/jacobw/YTchannel/assets/media/prod_162ac258871b41c7982b6488a733ad49/pjob_7f164fa2ca2f46a1b481ee372cae5e29.mp4
5748645	2026-06-19 13:16	/home/jacobw/YTchannel/assets/media/prod_80ef425d9ea44d1cb922b80145ced67f/pjob_ebdac36794e941e8a3a376b5e57af026.mp4
5748645	2026-06-19 13:16	/home/jacobw/YTchannel/assets/media/prod_ec243bb9f158420b9b89ae701ad37e17/pjob_bc90f46af3fc4625b48e03b249e718f9.mp4
5748645	2026-06-19 13:19	/home/jacobw/YTchannel/assets/media/prod_aab5be43dd114148b2ccd59dcddf7e2a/pjob_31464f7bc3fe404b9a8611703611bb4a.mp4
5748645	2026-06-19 13:19	/home/jacobw/YTchannel/assets/media/prod_d4b6cc0fda77443a9e5135d583dcd413/pjob_5e6ce6329e014e1eb95b1d474f193b90.mp4
5748645	2026-06-19 13:20	/home/jacobw/YTchannel/assets/media/prod_0565fe46d74c485da9e4e18aeb3a6807/pjob_95be446b06a14455b36176f5b6a00493.mp4
5748645	2026-06-19 13:20	/home/jacobw/YTchannel/assets/media/prod_75c4747071ad448680beb993573656b8/pjob_8bb7b73bfd3849aeb2ace091645fc771.mp4
5748645	2026-06-19 13:20	/home/jacobw/YTchannel/assets/media/prod_c9c6fcbb747248998ffb3ab78c286640/pjob_a56f30b1e6dc4cac83cf38e882df5616.mp4
5748645	2026-06-19 13:21	/home/jacobw/YTchannel/assets/media/prod_5d852200f6914d2eb533816343275105/pjob_62d56592d179433a83bcc166a14e745d.mp4
5748645	2026-06-19 13:21	/home/jacobw/YTchannel/assets/media/prod_f136cc36268444f98275a311129fa722/pjob_f25082686ed94dc997fc1faef9c17c39.mp4
5748645	2026-06-19 13:22	/home/jacobw/YTchannel/assets/media/prod_20959ffb5ff941808d9a60e9a3c96883/pjob_a6532e117c9444a28cc6e5f44c23c3ef.mp4
5748645	2026-06-19 13:22	/home/jacobw/YTchannel/assets/media/prod_671ce60ad3c04990ac8d5113134d4029/pjob_c47f38ad8b644dd3b42fdd4cf671292e.mp4
5748645	2026-06-19 13:22	/home/jacobw/YTchannel/assets/media/prod_c8ed6368c8444999bd496c7eb0e80f09/pjob_93caefe2e2e64d24b36e3d75b5a3910f.mp4
5748645	2026-06-19 18:53	/home/jacobw/YTchannel/assets/media/prod_08c6ea48f0e941fea0a02781bc551237/pjob_1871549661e249e6b8962f7016bd5ce9.mp4
5748645	2026-06-19 18:53	/home/jacobw/YTchannel/assets/media/prod_95a4e65183194339830cb98dd02db0bf/pjob_b0ae7dc77eeb4f848927eeeb962b9b31.mp4
5748645	2026-06-19 18:53	/home/jacobw/YTchannel/assets/media/prod_c129b57b422c45f98717365bb86dd7e6/pjob_6ff8021079e04bf58c10cf44e969f963.mp4
5748645	2026-06-19 18:54	/home/jacobw/YTchannel/assets/media/prod_71490612656a4ccf88929ede6c524c1d/pjob_7ab51bf7a88340af9d30d411cbcb0431.mp4
5748645	2026-06-19 18:54	/home/jacobw/YTchannel/assets/media/prod_9a744a6c113f4fcf972da14f2bfe4dc8/pjob_6741b0bb3eb54c6fba1d6dff5ebd47ed.mp4
5748645	2026-06-19 18:54	/home/jacobw/YTchannel/assets/media/prod_dcccae74ac9d4f60a4f289a85cf51ddd/pjob_e301c2a191624e819bbf849f43649ebd.mp4
5748645	2026-06-19 18:55	/home/jacobw/YTchannel/assets/media/prod_0ba3590d19ce4c24adbf93089fddfce9/pjob_c22c0b6f0aac48babe8002948d399790.mp4
5748645	2026-06-19 18:55	/home/jacobw/YTchannel/assets/media/prod_cf86f52be60443e09c0e82952e00cc54/pjob_d16bdc3177da4a359711f86d62216941.mp4
5748645	2026-06-19 18:56	/home/jacobw/YTchannel/assets/media/prod_00125b262f1145d9a4cb8ce445c57ab6/pjob_b67b79fd150d4f8887940946e781c956.mp4
5748645	2026-06-19 18:56	/home/jacobw/YTchannel/assets/media/prod_555232fb7e86405e84ab21f8498aa5d8/pjob_8f49c4c2c0a049d4ae977d2635dc5560.mp4
5748645	2026-06-19 19:03	/home/jacobw/YTchannel/assets/media/prod_57d6fe096d6242ab961d5a7f492b0465/pjob_93cb5d992b0b4a0dafceeeacea68a850.mp4
5748645	2026-06-19 19:04	/home/jacobw/YTchannel/assets/media/prod_0e367de93d9d4243ab309cc4fd8336ef/pjob_34fca41d44744eaf8efbabf998ecf811.mp4
5748645	2026-06-19 19:04	/home/jacobw/YTchannel/assets/media/prod_6d6733fac48540148d8f7c31f85b0c44/pjob_bd20d519ac07417db78f35d5252983ea.mp4
5748645	2026-06-19 19:04	/home/jacobw/YTchannel/assets/media/prod_98f9e243122e4e279ccbe50e330fe95f/pjob_23540bc93edb433ab13568e1bf8a5be0.mp4
5748645	2026-06-19 19:05	/home/jacobw/YTchannel/assets/media/prod_0a07dbde902643a298fee020f2fda680/pjob_79a3d25242d843c3ae605bf059cc47e1.mp4
5748645	2026-06-19 19:05	/home/jacobw/YTchannel/assets/media/prod_a3aa680c8ba34d1c81959db4b6fe0309/pjob_11d825bad4e0494c9dbe5b0d29d44517.mp4
5748645	2026-06-19 19:05	/home/jacobw/YTchannel/assets/media/prod_e4d34c2f40f04a8bb78c9f21440bf788/pjob_d123ea2a0b1e4907b6f02ea9ac24437b.mp4
5748645	2026-06-19 19:06	/home/jacobw/YTchannel/assets/media/prod_28271ef8f4624e6295f793c3369e14df/pjob_2423ca8047184863ba15cb6fced32f05.mp4
5748645	2026-06-19 19:06	/home/jacobw/YTchannel/assets/media/prod_6770b8024aa9421b92e4d6945e12b806/pjob_082d09d8fb8147d98d3ca2cf4060793f.mp4
5748645	2026-06-19 19:07	/home/jacobw/YTchannel/assets/media/prod_0a95a5fd39ba47b8b64086b6148c6ad6/pjob_5cfa84b6e617437d8c350cf85f4f8460.mp4
5748645	2026-06-19 19:17	/home/jacobw/YTchannel/assets/media/prod_4453ec8e6f8b462487b4447d09b5ff60/pjob_41b14df0388b4263a45a83061bf211a6.mp4
5748645	2026-06-19 19:17	/home/jacobw/YTchannel/assets/media/prod_bc6cea42f956485a8ceecd80455a0543/pjob_27193524c7d24b0e90676dcac91a7382.mp4
5748645	2026-06-19 19:18	/home/jacobw/YTchannel/assets/media/prod_39c4e58227f4400dadc4e84d1d3b4227/pjob_08b7745d7a0e4d36bb73f6b495c83d5b.mp4
5748645	2026-06-19 19:18	/home/jacobw/YTchannel/assets/media/prod_dadafce6e70f472bb74b1a5e1827a12f/pjob_c52554673141440b9531a4fa05c30464.mp4
5748645	2026-06-19 19:19	/home/jacobw/YTchannel/assets/media/prod_76aa7211e0d7486eb72ea44e8a36780a/pjob_f3b076f1061e4297988e8a52d302b918.mp4
5748645	2026-06-19 19:19	/home/jacobw/YTchannel/assets/media/prod_b0b702d0f2fe452f8358fd2c79de6368/pjob_38a58ead90e7492e932df914b54ee167.mp4
5748645	2026-06-19 19:19	/home/jacobw/YTchannel/assets/media/prod_f6747b4b6f184f37adc7639c26a23431/pjob_8e8200088b5f4fe2819bb70f5800aa75.mp4
5748645	2026-06-19 19:20	/home/jacobw/YTchannel/assets/media/prod_2043fd54473d4811a9d47d57be56d6ed/pjob_f96bbcc1e1f74534b6473961c8549610.mp4
5748645	2026-06-19 19:20	/home/jacobw/YTchannel/assets/media/prod_3d7bf9d1973543ab896394338e8a1b1b/pjob_02c660d074094f579b49936355f87e2a.mp4
5748645	2026-06-19 19:20	/home/jacobw/YTchannel/assets/media/prod_ecb22ee185dc4374b468deced21fbcfc/pjob_ad9dbb2090b24af1befd6d56804cd753.mp4
5748645	2026-06-19 19:39	/home/jacobw/YTchannel/assets/media/prod_220300aa770d4c14b4bc9e6574c2b54c/pjob_59a35a74c8d14ea5b20d911443c8b688.mp4
5748645	2026-06-19 19:40	/home/jacobw/YTchannel/assets/media/prod_2796a3fce6c142de86e19fb2d5f67818/pjob_b22ecc9d57984355a3e0f7fa6c1447a1.mp4
5748645	2026-06-19 19:40	/home/jacobw/YTchannel/assets/media/prod_3aa59068fc3145279e8f4578e6207c72/pjob_e3334541454649f98ddccb3e2b6946dd.mp4
5748645	2026-06-19 19:40	/home/jacobw/YTchannel/assets/media/prod_4ed19df225814b6b9638589fc1fa5af7/pjob_62fbdb1a700d4de08e7f790785eabfb0.mp4
5748645	2026-06-19 19:41	/home/jacobw/YTchannel/assets/media/prod_42c0de4c8dd840b897b286d51edfae49/pjob_b2f8b5affc1f495a8b76e7173a06197c.mp4
5748645	2026-06-19 19:41	/home/jacobw/YTchannel/assets/media/prod_c4f413693b344fc28b50663c84e51dd1/pjob_a58f1abfadc340fdb67d0c6c7f4fa70f.mp4
5748645	2026-06-19 19:42	/home/jacobw/YTchannel/assets/media/prod_1e233ed85b174658bcf44f5935358143/pjob_af6fdad598dc479b8259caa9246db90d.mp4
5748645	2026-06-19 19:42	/home/jacobw/YTchannel/assets/media/prod_93133568867345f1a9a9aa51e16dd36b/pjob_0a0ebde9d4ce42ad9928fdfb28dddd8d.mp4
5748645	2026-06-19 19:42	/home/jacobw/YTchannel/assets/media/prod_ebff8bf5665d4fe3acff4ce556ea7ad5/pjob_53fdcc3a2c7f45a1bb475a2b690bbef8.mp4
5748645	2026-06-19 19:43	/home/jacobw/YTchannel/assets/media/prod_0808982affb746e381de3e910c30d17b/pjob_01b892194691451c9927c43d2a1c2f67.mp4
5748645	2026-06-19 19:49	/home/jacobw/YTchannel/assets/media/prod_e02f7e8abf674ece817787c8b514fed7/pjob_cf39d73cc1cf404d9918213c1cdac1ca.mp4
5748645	2026-06-19 19:50	/home/jacobw/YTchannel/assets/media/prod_493da69f47c94d5bb72379ec51551fe6/pjob_cd689b3751184ef9af386225560bc1e1.mp4
5748645	2026-06-19 19:50	/home/jacobw/YTchannel/assets/media/prod_983848972bf248569ede549142badb95/pjob_a2238047f3fa444b9df63ee09ef14328.mp4
5748645	2026-06-19 19:50	/home/jacobw/YTchannel/assets/media/prod_d13c0138d1154baa96a7a94e2dd6e6d5/pjob_40602d673b8348fb92d878950d414beb.mp4
5748645	2026-06-19 19:51	/home/jacobw/YTchannel/assets/media/prod_12dfe650881e401097938c271ce947ea/pjob_19f49216c2bb47208d9bd8e4b32a094b.mp4
5748645	2026-06-19 19:51	/home/jacobw/YTchannel/assets/media/prod_267feb24ced442e78c98d417603ce8c3/pjob_d16690baf7f54015aea572cd4744e8c4.mp4
5748645	2026-06-19 19:52	/home/jacobw/YTchannel/assets/media/prod_025f66afcc744bfba81a67a6969c4457/pjob_dcd96073c3cb44edbe748fa7ce48ba66.mp4
5748645	2026-06-19 19:52	/home/jacobw/YTchannel/assets/media/prod_5439dde64f3a42558530d30a479c3bbd/pjob_8e807e86b7ee42a4a8c924651098ccc9.mp4
5748645	2026-06-19 19:52	/home/jacobw/YTchannel/assets/media/prod_a083e53e5e8f42549912f5fdfc433251/pjob_ab78571ce2974e13950054b66dccb26f.mp4
5748645	2026-06-19 19:53	/home/jacobw/YTchannel/assets/media/prod_14bbe2538d1645fbbe58d1fa60352da5/pjob_b4f81608801d4e13b2c391eff96bc7e7.mp4
5748645	2026-06-19 19:57	/home/jacobw/YTchannel/assets/media/prod_519dc4a8cf7f47f0a5de02a83e8c3a71/pjob_000a112643244a2f943c4466c38be6f1.mp4
5748645	2026-06-19 19:57	/home/jacobw/YTchannel/assets/media/prod_a0f03a606d2945e7be7a34471a66909e/pjob_1e92298a05484957a24f07651ce2683a.mp4
5748645	2026-06-19 19:57	/home/jacobw/YTchannel/assets/media/prod_e93e110688bf4cde9d4f3f7930fcc526/pjob_8f29a31d83f84103bf82dd71c7a63b9e.mp4
5748645	2026-06-19 19:58	/home/jacobw/YTchannel/assets/media/prod_1c44026f08c74f11a65a50ba6bd0c485/pjob_2e5ecf3cbac6446085ff90375d290ef9.mp4
5748645	2026-06-19 19:58	/home/jacobw/YTchannel/assets/media/prod_760cd5086fd9487d8932cc9c8698cb3a/pjob_00024360152542fc849452fd4f49b1e7.mp4
5748645	2026-06-19 19:59	/home/jacobw/YTchannel/assets/media/prod_049a38a44a284fdca776fb4615b4d69d/pjob_ef5855ed0ee64fe698517a6d2ae142d1.mp4
5748645	2026-06-19 19:59	/home/jacobw/YTchannel/assets/media/prod_73dc967131684eb4afdb7aadebfbb370/pjob_649d8e9b570346a3a3a4f37c53a770a4.mp4
5748645	2026-06-19 19:59	/home/jacobw/YTchannel/assets/media/prod_9ccb0eec2206406595d3881d9d5993bf/pjob_9030cb0dfab34926b0a7e92e9b0f28e6.mp4
5748645	2026-06-19 20:00	/home/jacobw/YTchannel/assets/media/prod_1e345fbb1e8b4a05a1fbf51bc578cf41/pjob_1366d490e99d481c9820316e8183e22f.mp4
5748645	2026-06-19 20:00	/home/jacobw/YTchannel/assets/media/prod_32481839eec2401fac0a93149bb18a71/pjob_fb9f370a04714f93bc192e0734d9fda2.mp4
5748645	2026-06-19 20:02	/home/jacobw/YTchannel/assets/media/prod_c31f31b90df3479484a4d913bdcb317a/pjob_16980e1f22944cd08c6361e11045a8a2.mp4
5748645	2026-06-19 20:03	/home/jacobw/YTchannel/assets/media/prod_903cea29580d4a83a2f4c03a71f4518c/pjob_c0473e1dc05c411b9d5c4bba585dc136.mp4
5748645	2026-06-19 20:03	/home/jacobw/YTchannel/assets/media/prod_9de114e18d51471187f5ef0b50e2f55f/pjob_d4735f8697104b5c9d47d54e08694781.mp4
5748645	2026-06-19 20:04	/home/jacobw/YTchannel/assets/media/prod_33957c2a2ed44348a13c1ff3248f3621/pjob_8d5331e3d1e0473caa663841af55f1d9.mp4
5748645	2026-06-19 20:04	/home/jacobw/YTchannel/assets/media/prod_3efc876016ab4eeeb7e250855f8e9b62/pjob_f26139c180c04c76b25f1b6f0236ae8e.mp4
5748645	2026-06-19 20:04	/home/jacobw/YTchannel/assets/media/prod_6ac7d1431ad2472aa7d4aa3d679ea417/pjob_e9a2a1fce94e4f4f9eccc075e5ab6bc0.mp4
5748645	2026-06-19 20:05	/home/jacobw/YTchannel/assets/media/prod_805753db7b614693b82fe1d7727a1dcc/pjob_7ff795070b3b4897b35d9b4c5b108b37.mp4
5748645	2026-06-19 20:05	/home/jacobw/YTchannel/assets/media/prod_a85748e521984a34840b88bbb772a9e4/pjob_741e25cb34f74996bc8279986be93dc8.mp4
5748645	2026-06-19 20:05	/home/jacobw/YTchannel/assets/media/prod_ca31abc946c54a22813c294f683db460/pjob_89de940f01744df7b5ba4608085e36c3.mp4
5748645	2026-06-19 20:06	/home/jacobw/YTchannel/assets/media/prod_6a5092adeda94738a07adbb3a064929e/pjob_05b7d8084f034d0bb75ff6c1d1a20722.mp4
5748645	2026-06-19 20:09	/home/jacobw/YTchannel/assets/media/prod_692321caf5654d399dfd39a4b888b770/pjob_8e04f350efdb46a0979045b0018aef30.mp4
5748645	2026-06-19 20:09	/home/jacobw/YTchannel/assets/media/prod_ffd94a0c51a24e1b921b8f9452e7edd6/pjob_14444481c9894930ac4ee0f1cc515031.mp4
5748645	2026-06-19 20:10	/home/jacobw/YTchannel/assets/media/prod_2c700e67bd724b58bb43c35acbf0f2da/pjob_03a5e9deec05485e84aca60168739026.mp4
5748645	2026-06-19 20:10	/home/jacobw/YTchannel/assets/media/prod_a1035338b7e94134b753745ad68a898e/pjob_1908a14746e748f3a8a2d6178e4135b6.mp4
5748645	2026-06-19 20:10	/home/jacobw/YTchannel/assets/media/prod_bc31c361e4fa4ae78b511adbd4cf6b93/pjob_2d62303cf7ef48388c6907c1ed992157.mp4
5748645	2026-06-19 20:11	/home/jacobw/YTchannel/assets/media/prod_895f29390b8545c4a4b64c4b3ed76216/pjob_f3ac5c32a70042efb5e53d4483e7116f.mp4
5748645	2026-06-19 20:11	/home/jacobw/YTchannel/assets/media/prod_8a93a833990d46e394065a37acc2682e/pjob_2f41af14d91240cdb8ac161ff3f042ff.mp4
5748645	2026-06-19 20:11	/home/jacobw/YTchannel/assets/media/prod_efc17259c89443c9a3b7b7cd7a1607a8/pjob_6124fb6586124c0ba5b2b8202525bd7d.mp4
5748645	2026-06-19 20:12	/home/jacobw/YTchannel/assets/media/prod_1778b1138c8944fb8b97ce739c70035d/pjob_0353339c1a0b49fd8c55143413908694.mp4
5748645	2026-06-19 20:12	/home/jacobw/YTchannel/assets/media/prod_2799d2809f56439097f05ba396d38600/pjob_517aaee8156441c797959ea50ec96c91.mp4
5748645	2026-06-19 20:22	/home/jacobw/YTchannel/assets/media/prod_a67aa61adfaf452a97cc201b32198d35/pjob_6ad8c6e0c9e54f9f955398a6cd9ef15c.mp4
5748645	2026-06-19 20:22	/home/jacobw/YTchannel/assets/media/prod_ca9c0218cb0543fd89166f3bc248b165/pjob_84a14376bbb544689d0e0afd09c1c521.mp4
5748645	2026-06-19 20:24	/home/jacobw/YTchannel/assets/media/prod_2c2c47cca6ca446b8a5b7231d1aefe65/pjob_0a52f6e3a4dd473e81aafa470d6df83e.mp4
5748645	2026-06-19 20:24	/home/jacobw/YTchannel/assets/media/prod_e0cd0254d68a4b21847fd9590fb0d449/pjob_8ab36dfc8d384ef3975549d917d5ced3.mp4
5748645	2026-06-19 20:25	/home/jacobw/YTchannel/assets/media/prod_4a5b862c6a9b4967833661c2dd99c7de/pjob_95cf13eaa47e48f4b7039bd73612090c.mp4
5748645	2026-06-19 20:25	/home/jacobw/YTchannel/assets/media/prod_61fed504fc0046c782fbcbf8b2dadf53/pjob_787329ea6fc5425c99d3a4e3d51637bb.mp4
5748645	2026-06-19 20:25	/home/jacobw/YTchannel/assets/media/prod_858ef20990524298ac201ac8b4d2aecd/pjob_155d3a26324c4180b9ebd933a789655b.mp4
5748645	2026-06-19 20:26	/home/jacobw/YTchannel/assets/media/prod_aef52c4ebaf442aca3f9e210298c0e2f/pjob_578aa6f6e2014fd699f6b4d89eb6ead2.mp4
5748645	2026-06-19 20:26	/home/jacobw/YTchannel/assets/media/prod_c725c285e0f14ed7b01effb9ff36a357/pjob_8a7831d8e97d4588a414cc596c0e2176.mp4
5748645	2026-06-19 20:26	/home/jacobw/YTchannel/assets/media/prod_fde19c883a704160bb9cc38df243c1c2/pjob_f8d9cc3407404ab3ac54717ec4cf933b.mp4
5748645	2026-06-19 20:27	/home/jacobw/YTchannel/assets/media/prod_0ad7840465fb414ca61ed01960f55013/pjob_9cfbf0dba61d40dcb157fb4c3e6a1fb8.mp4
5748645	2026-06-19 20:27	/home/jacobw/YTchannel/assets/media/prod_aaba4acb5fd8454eaf9811f40b717c62/pjob_4f3a8172bfa4444494a443c251433455.mp4
5748645	2026-06-19 20:36	/home/jacobw/YTchannel/assets/media/prod_13fa37fcfb784eb3840cdadb7f5dc98b/pjob_d56383099a9c4efbbf040540ce653495.mp4
5748645	2026-06-19 20:36	/home/jacobw/YTchannel/assets/media/prod_7411eef494644be4a8b27e5bd0a4f924/pjob_6a43a9d30bee4c428013ab5e4978f691.mp4
5748645	2026-06-19 20:38	/home/jacobw/YTchannel/assets/media/prod_1812d3a886f149f984b42c9b99715e5b/pjob_4c38be27a04641a4b6f4a8ca8b1be434.mp4
5748645	2026-06-19 20:38	/home/jacobw/YTchannel/assets/media/prod_7a2207f53a434a78b0a4843b80b5ad46/pjob_278c3ab15e6b4fe883ee30057fd44fa0.mp4
5748645	2026-06-19 20:39	/home/jacobw/YTchannel/assets/media/prod_2ce6583fd9cf4629a4019ebc641baa18/pjob_520637ac69ea407e943701be634f68e8.mp4
5748645	2026-06-19 20:39	/home/jacobw/YTchannel/assets/media/prod_8a12bf0ca4c643b6a24c613fb41db1ab/pjob_96e313a763dd4ba5bab35a8a66a038bd.mp4
5748645	2026-06-19 20:39	/home/jacobw/YTchannel/assets/media/prod_c90cdb1475844d50bb0414776690adaa/pjob_8f233b83d3764e3e95dceebc14e873d0.mp4
5748645	2026-06-19 20:40	/home/jacobw/YTchannel/assets/media/prod_20fcb00a9ccf41e1b5fadb42471d34ec/pjob_72cd9a47d5ec496ba408fbfeb9d50f3f.mp4
5748645	2026-06-19 20:40	/home/jacobw/YTchannel/assets/media/prod_ba43fa07486f4ad2b8556d3571430521/pjob_6ad29650bd5647e7931ab64e7edb8d8d.mp4
5748645	2026-06-19 20:41	/home/jacobw/YTchannel/assets/media/prod_30d67b5affc54818b14919623e2ea90f/pjob_ca1f6039f5414e8f8fa0c57f4b5a5bb9.mp4
5748645	2026-06-19 20:41	/home/jacobw/YTchannel/assets/media/prod_35cfe0a0823b41f4ac0f5b75d768a6bf/pjob_922de371495f4b1e9c5ad3487c3ed790.mp4
5748645	2026-06-19 20:41	/home/jacobw/YTchannel/assets/media/prod_aa101554b9d840a6b85c881a472da126/pjob_9c0ba013f8474334897fdcffd7ddba86.mp4
5748645	2026-06-19 21:14	/home/jacobw/YTchannel/assets/media/prod_2a0d613df2204ee1937630f801a1cf1f/pjob_95e3d8fbe71f41108c1826e1cc3cb461.mp4
5748645	2026-06-19 21:15	/home/jacobw/YTchannel/assets/media/prod_b3a96d4ecdec4ef0a409aa998f647b27/pjob_56fc87f0f8a3402a8b85be8d58f907d2.mp4
5748645	2026-06-19 21:15	/home/jacobw/YTchannel/assets/media/prod_f7ee3c918e594f739333c9e137a7ae51/pjob_e400d472fbad44ee828eb4399cd7ca53.mp4
5748645	2026-06-19 21:16	/home/jacobw/YTchannel/assets/media/prod_5b6c3c75e7874ba8a26d4489b9960c97/pjob_8881c0956dca486cbdf93331fd478f1b.mp4
5748645	2026-06-19 21:16	/home/jacobw/YTchannel/assets/media/prod_83c4bcdfd74f4ab6b9022923f91466d1/pjob_90a22e3890ee4be6a04b6981061138ac.mp4
5748645	2026-06-19 21:16	/home/jacobw/YTchannel/assets/media/prod_94502a8d336e4515bb8a82fe108b0f51/pjob_c6b221443f7a430692e01411b3a47271.mp4
5748645	2026-06-19 21:17	/home/jacobw/YTchannel/assets/media/prod_94de3c2f416e4092a238de417d9581ac/pjob_3ad478aba5094f499f2a14a560a52af1.mp4
5748645	2026-06-19 21:17	/home/jacobw/YTchannel/assets/media/prod_a924fa3486b1444d93aa5d4cc34b8732/pjob_f0585a3272b842eeb4b4cbf9425f1e8b.mp4
5748645	2026-06-19 21:17	/home/jacobw/YTchannel/assets/media/prod_f38e021ac5a0475bbadc98c0e6c61826/pjob_aa29b251ab51406a942e2024af741f6a.mp4
5748645	2026-06-19 21:18	/home/jacobw/YTchannel/assets/media/prod_6254acbe63d449f3b0cc39760144411f/pjob_d7921a5feed6460d9773029e11dba005.mp4
5748645	2026-06-19 21:27	/home/jacobw/YTchannel/assets/media/prod_d5e48fba1ff44a6a8384fd7e2cd3eba8/pjob_9d3a63575a6546b39012887ecb0a0452.mp4
5748645	2026-06-19 21:28	/home/jacobw/YTchannel/assets/media/prod_9c15aac3e4294e0285799583363cbdf1/pjob_3ed939d1245646459911735ac75566e6.mp4
5748645	2026-06-19 21:28	/home/jacobw/YTchannel/assets/media/prod_bfb0bd597bdb491aa6d87d6bc46c8385/pjob_fb2a4720b86d4368916dcfd170096af2.mp4
5748645	2026-06-19 21:29	/home/jacobw/YTchannel/assets/media/prod_47dbf6922ca74f3a897a7370f1a37429/pjob_85bee75216574ea4a3220cdfd194b60d.mp4
5748645	2026-06-19 21:29	/home/jacobw/YTchannel/assets/media/prod_a6262762cfad4aa29fabefe5804d1701/pjob_b0731a9482874ee284c73f2fe7a76ab1.mp4
5748645	2026-06-19 23:17	/home/jacobw/YTchannel/assets/media/prod_d5c82bb4961241beaedf0fa862fa49e1/pjob_04a74e9562474567acab5395ebb3142a.mp4
5748645	2026-06-19 23:18	/home/jacobw/YTchannel/assets/media/prod_5e2f54fba2594da49d7297fa437cb28e/pjob_d2750a958cc9497b8c5159a6efd80f36.mp4
5748645	2026-06-19 23:18	/home/jacobw/YTchannel/assets/media/prod_5f0b2790eb8649269c71f9ec9be90531/pjob_428765a2ed6045c880eac00268e8c5b7.mp4
5748645	2026-06-19 23:18	/home/jacobw/YTchannel/assets/media/prod_9b353b76def64e26bc4233e3714a0493/pjob_798cf0397b5249b79aa3478a89f275ea.mp4
5748645	2026-06-19 23:19	/home/jacobw/YTchannel/assets/media/prod_1106b39e5ff94640a6e88d9a6f936053/pjob_98a82593cbea4e0690638f8f17a95ab8.mp4
5748645	2026-06-19 23:19	/home/jacobw/YTchannel/assets/media/prod_54c45fdceb774de891daf37331f67a71/pjob_62466a9c58f942b6a3b0eaa07d00e6ec.mp4
5748645	2026-06-19 23:19	/home/jacobw/YTchannel/assets/media/prod_7904a1dbbd50438f8995e168db022647/pjob_b4b87ef84c58416a991f525d6c4820eb.mp4
5748645	2026-06-19 23:20	/home/jacobw/YTchannel/assets/media/prod_00a16f9349194fb3a07cceb67175e173/pjob_3ea0741052a74a4fb0a099fde72f8ef2.mp4
5748645	2026-06-19 23:20	/home/jacobw/YTchannel/assets/media/prod_c9d4c9f6e906433f9d0983087e8e1898/pjob_0a6a9cc352284ed6b71138baf5c39e4f.mp4
5748645	2026-06-19 23:21	/home/jacobw/YTchannel/assets/media/prod_a52daa8d8e6e4143a200f798d43d80c0/pjob_7fa1718b1b084eceb2cd78c57a518f8b.mp4
5748645	2026-06-20 00:13	/home/jacobw/YTchannel/assets/media/prod_7c378cef6d6c4d37a5444c35920ac39e/pjob_5fec4a44d3394afaa7e3dadc0996d85a.mp4
5748645	2026-06-20 00:14	/home/jacobw/YTchannel/assets/media/prod_8e449e5d698b47098799304beb7e0500/pjob_95df87a7405545cb8e0424ac7c20c954.mp4
5748645	2026-06-20 00:14	/home/jacobw/YTchannel/assets/media/prod_d52f872d75b64aca99df77efbb741e90/pjob_0fdbbb8ce3b442bebc531d3cb5943434.mp4
5748645	2026-06-20 00:15	/home/jacobw/YTchannel/assets/media/prod_26acbfcf2ea149b68b5c617792256dbc/pjob_fbcbb9d3219849248e8c406dd2c7786d.mp4
5748645	2026-06-20 00:15	/home/jacobw/YTchannel/assets/media/prod_9d268e172b7b44f78020ea995d24b679/pjob_2dda881b89fd4727b629409ff27233db.mp4
5748645	2026-06-20 00:15	/home/jacobw/YTchannel/assets/media/prod_d6c48a4ce7f14ca3835d026d8355734c/pjob_5cef21915ffb4670a43a5b0fc013679b.mp4
5748645	2026-06-20 00:16	/home/jacobw/YTchannel/assets/media/prod_094b8ce7e5b94cdbbbb55b1ddb8cb3d4/pjob_a179e53682ab4eda895175c39a8f3a38.mp4
5748645	2026-06-20 00:16	/home/jacobw/YTchannel/assets/media/prod_2174a42e9b8f4e0e947851843209fd51/pjob_6393caddd6db452ead6b25f1e995c75d.mp4
5748645	2026-06-20 00:16	/home/jacobw/YTchannel/assets/media/prod_99c5dbdd471a4e2880fc99fd1de4b4e9/pjob_4c7c893258634183a52b52bd3a01d950.mp4
5748645	2026-06-20 00:17	/home/jacobw/YTchannel/assets/media/prod_c3aea06949084ba0922f6f03744c95ac/pjob_468239dc80da4e09b32391c23193e85c.mp4
5748645	2026-06-20 09:57	/home/jacobw/YTchannel/assets/media/prod_f0b6aafd5b5b4e348fb18481b56b591b/pjob_6b63a46517384c26b79a51632f0f2c29.mp4
5748645	2026-06-20 10:00	/home/jacobw/YTchannel/assets/media/prod_898b73d50f294f36ba090b717588a470/pjob_d0619b4e051d41eca60342c784d778b3.mp4
5748645	2026-06-20 10:00	/home/jacobw/YTchannel/assets/media/prod_d6b460e9b63c48b48e8870fb954f9afc/pjob_54c8f5353d59452eacbdbcdacb668459.mp4
5748645	2026-06-20 10:01	/home/jacobw/YTchannel/assets/media/prod_52fb1bb14cf044f6ad97a57b27c49fc4/pjob_c1a9c3ab9dbe4eacbf6964445b5d6e31.mp4
5748645	2026-06-20 10:01	/home/jacobw/YTchannel/assets/media/prod_ca6f1bc4b3b240a293d3ab4d7404f320/pjob_feae3635cb1f4ca7ba27d784c5cce0bb.mp4
5748645	2026-06-20 10:02	/home/jacobw/YTchannel/assets/media/prod_2f08276a534a4ee6a1039c7d4615250b/pjob_953d10f5e6cd4cddb55c39c432f077c8.mp4
5748645	2026-06-20 10:02	/home/jacobw/YTchannel/assets/media/prod_3ada3609c11b4d0c8c5f075b26faecbc/pjob_014fe34c11b74c958b8060a9c17d63b0.mp4
5748645	2026-06-20 10:03	/home/jacobw/YTchannel/assets/media/prod_17c4be16ef4c471ebe9c1e3f1888287b/pjob_0a6fefcd0df84571a923e4fba9dc9aae.mp4
5748645	2026-06-20 10:03	/home/jacobw/YTchannel/assets/media/prod_c1a325cd3ec04112b34a57a58fb0a9e0/pjob_0dcf829cf96a45b997d5b20543482c60.mp4
5748645	2026-06-20 10:03	/home/jacobw/YTchannel/assets/media/prod_e8a19a4160c94de089949cef823fa6a0/pjob_d2ac1b6a69104af5bbe390ea5a07c978.mp4
5748645	2026-06-20 10:04	/home/jacobw/YTchannel/assets/media/prod_02b39d2ba4bb4fb2b16a73a3c1128c41/pjob_466f7e9f1b8b4741b7cc7986ba00beab.mp4
5748645	2026-06-20 10:04	/home/jacobw/YTchannel/assets/media/prod_3941980c9d364404ab9f83ba58d2afec/pjob_2a869d268e5c478c8c1295258bd4d5b4.mp4
5748645	2026-06-20 10:05	/home/jacobw/YTchannel/assets/media/prod_31258b9077684bdea768d6026d444ad1/pjob_b3c22808229e45789d999b295c8b3cdf.mp4
5748645	2026-06-20 10:05	/home/jacobw/YTchannel/assets/media/prod_49f6ea7c152140dca5d8e4e4d8ae9c59/pjob_097a9c21f31447be8ee35c5e0941b5cf.mp4
5748645	2026-06-20 10:05	/home/jacobw/YTchannel/assets/media/prod_f50482567652409b9a6ea8d2ef775310/pjob_53f9ea19371c4e618f91695186ea61a9.mp4
5748645	2026-06-20 10:06	/home/jacobw/YTchannel/assets/media/prod_cb55b73372df4b1a8a2f93908c71d25b/pjob_bf22a8305d78470da19f18ebf2dac168.mp4
5748645	2026-06-20 10:07	/home/jacobw/YTchannel/assets/media/prod_04619e1874274aeaa39fcdc383f5306f/pjob_fb647fc6ae9c40c7aedd62bda78f59a4.mp4
5748645	2026-06-20 10:07	/home/jacobw/YTchannel/assets/media/prod_86ce3ae54bce45ceafa3e47e0200ef54/pjob_4f1aed760a574a7a9eae616dfc38fdc0.mp4
5748645	2026-06-20 10:07	/home/jacobw/YTchannel/assets/media/prod_fdd465eb2b794d43898fb856f36c5edd/pjob_cb21f9fde68844638592a412afe86e6c.mp4
5748645	2026-06-20 10:08	/home/jacobw/YTchannel/assets/media/prod_d51bfde573f448bcb45f0b42aa777388/pjob_e97539b5311141a8a01a64e0b0b99a29.mp4
5748645	2026-06-20 10:08	/home/jacobw/YTchannel/assets/media/prod_ec691b02bc17448197ddc8c61fc6531f/pjob_bf5beaa670044029a9b24f833425aeb0.mp4
5748645	2026-06-20 10:09	/home/jacobw/YTchannel/assets/media/prod_1b9750aadc394d5ab919295214d383ea/pjob_cef097251e484e0b93b9744e114e5be4.mp4
5748645	2026-06-20 10:09	/home/jacobw/YTchannel/assets/media/prod_6424e08007e8427380c7338d864381bc/pjob_f96925191f26438da1a88d3d84f8e052.mp4
5748645	2026-06-20 10:09	/home/jacobw/YTchannel/assets/media/prod_c29286260b5b4b4eac8e275b1820d9bf/pjob_6ba961450b4c42689d846048be5c58c6.mp4
5748645	2026-06-20 10:10	/home/jacobw/YTchannel/assets/media/prod_5d76262e84c64f5d9adc2c91760ff98d/pjob_f1d067f6a8734c999370ff3d88460f2c.mp4
5748645	2026-06-20 10:10	/home/jacobw/YTchannel/assets/media/prod_cd0f1bbe731d4852b70fa3bd1f64150d/pjob_cc681a19d59247b4bf5a338ed3dbac4e.mp4
5748645	2026-06-20 10:11	/home/jacobw/YTchannel/assets/media/prod_4b0a85c982744c98903eb3d36da2c9ff/pjob_053c6ab4dbe9499aba30dac7bcc8414f.mp4
5748645	2026-06-20 10:11	/home/jacobw/YTchannel/assets/media/prod_b89e63b9c8c44e3fbaf3eecb52705b94/pjob_7d8eb83dc0964528b752ed84a72a4b9c.mp4
5748645	2026-06-20 10:12	/home/jacobw/YTchannel/assets/media/prod_7a5da6873ec64442aa80aea17dc915eb/pjob_e23ff820e397432d93d7b197f586baed.mp4
5748645	2026-06-20 10:12	/home/jacobw/YTchannel/assets/media/prod_9b583ac32bf44b1898eab2b6fc309c10/pjob_92ba68121fff4f679af02ccf1ea5aa31.mp4
5748645	2026-06-20 10:12	/home/jacobw/YTchannel/assets/media/prod_cc951ede102440579696fc5c531377b6/pjob_7a8381ca89524084b26d7e2beac321cc.mp4
5748645	2026-06-20 10:13	/home/jacobw/YTchannel/assets/media/prod_5f4d91cc68e94051aa77410f56005383/pjob_c3ca37c3407d47e39e7205f96466015a.mp4
5748645	2026-06-20 10:13	/home/jacobw/YTchannel/assets/media/prod_f032d4ef2ef846139f772c5f6e032e8e/pjob_1e2512a9475849bead6f55ca335fc851.mp4
5748645	2026-06-20 10:14	/home/jacobw/YTchannel/assets/media/prod_0804e2bca15749f495f0cc7c930d40bc/pjob_a627c74e3b1b415ea9d7c0cce74ea31e.mp4
5748645	2026-06-20 10:14	/home/jacobw/YTchannel/assets/media/prod_38c0d49f24ef49ee8aba457814305259/pjob_8f9efe8ab1d84b99b6d7649f94dc5f6e.mp4
5748645	2026-06-20 10:14	/home/jacobw/YTchannel/assets/media/prod_f18818f435694305b81ab6ac310e5c7f/pjob_8c00825eb140402bb2a6596bcb1fa978.mp4
5748645	2026-06-20 10:38	/home/jacobw/YTchannel/assets/media/prod_a8c740152bac4d15b165b8c6a9cf7d5a/pjob_96bcd49cfa274ec28e9da989fa7a83fd.mp4
5748645	2026-06-20 10:39	/home/jacobw/YTchannel/assets/media/prod_90632ecfd28f46faa244a4eff593bec9/pjob_17f84e4f516f4512aa0d95393de81b43.mp4
5748645	2026-06-20 10:39	/home/jacobw/YTchannel/assets/media/prod_c7c345f06d9a46caaf7c201b4fd74e04/pjob_f6f7e30815144797ab94dc77b766c274.mp4
5748645	2026-06-20 10:40	/home/jacobw/YTchannel/assets/media/prod_e80d780c4b144127b8802fc92d2785ca/pjob_6438ed9d3bb94d7c8dcc046c60c67ad7.mp4
5748645	2026-06-20 10:41	/home/jacobw/YTchannel/assets/media/prod_94551e5dbe8049a882735d0bdef67ea3/pjob_8560db8d69354aa3af4494233bdff96d.mp4
5748645	2026-06-20 10:41	/home/jacobw/YTchannel/assets/media/prod_c5a20a8587c64360bc14b4d54c84b695/pjob_d5ebce7085944e73bbab271ca3ff84be.mp4
5748645	2026-06-20 10:43	/home/jacobw/YTchannel/assets/media/prod_6ac42e19946e442f9c7a1d43b743b100/pjob_710a710aa8cb4722aafe2b4e6ac00b59.mp4
5748645	2026-06-20 10:43	/home/jacobw/YTchannel/assets/media/prod_9826604a2ccf4ac5bfcf51707620beac/pjob_fb7d2c2dbe86427195c4253cf93b25a7.mp4
5748645	2026-06-20 10:43	/home/jacobw/YTchannel/assets/media/prod_a7993b7252754902ac5979e3192cdb2b/pjob_6689949320d54b2d9e62442d756bc511.mp4
5748645	2026-06-20 10:44	/home/jacobw/YTchannel/assets/media/prod_0fd8e1355cb94f11825ca38e39095021/pjob_3fc69ff31a6244abb50e96bad596c834.mp4
5748645	2026-06-20 10:44	/home/jacobw/YTchannel/assets/media/prod_6dd1cf431aee4373a2f5191f6fd15a6c/pjob_ee2c639744b648f7a1ba26cf528f1210.mp4
5748645	2026-06-20 10:44	/home/jacobw/YTchannel/assets/media/prod_911b51c63bbb4b7ab66595660a5f5a51/pjob_4657d66a3ac7420589234f28e173057e.mp4
5748645	2026-06-20 10:45	/home/jacobw/YTchannel/assets/media/prod_a31dcee0fe1e45bd995667659747b9c9/pjob_0ae0f9e8071c453c8546e8e6479187ec.mp4
5748645	2026-06-20 10:45	/home/jacobw/YTchannel/assets/media/prod_da141984e2c1468fa671887b59534a15/pjob_c3771c2f363346ed9294dcacd03727cd.mp4
5748645	2026-06-20 10:46	/home/jacobw/YTchannel/assets/media/prod_362899a8e0184293821c283e744569e4/pjob_307e0ea54ec8434187144c1334ffaa18.mp4
5748645	2026-06-20 10:46	/home/jacobw/YTchannel/assets/media/prod_60173d0a5f5040a8ada01b707150e901/pjob_ed9296560c4045deac7698d18f980118.mp4
5748645	2026-06-20 12:04	/home/jacobw/YTchannel/assets/media/prod_a2efa550033a45d09494911825d0fe89/pjob_04240279d46a4d959b477705e57fba65.mp4
5748645	2026-06-20 12:04	/home/jacobw/YTchannel/assets/media/prod_df9c339a75ab407698f3f248ce61eea6/pjob_10c9f43633a740be998f41b357cbd268.mp4
5748645	2026-06-20 12:04	/home/jacobw/YTchannel/assets/media/prod_e4281e8aacac41a38a5be20b563a1830/pjob_60ae493f3e3046f98ad123f14b359fa3.mp4
5748645	2026-06-20 12:06	/home/jacobw/YTchannel/assets/media/prod_1780cd0901504cfba60e538f691512cc/pjob_3b9f32a5147645b8b5acf4427aad82db.mp4
5748645	2026-06-20 12:06	/home/jacobw/YTchannel/assets/media/prod_80a26baed9e34550afb1e5eb05906205/pjob_81dfa6790e7541afba6dd4b440db4bcd.mp4
5748645	2026-06-20 12:07	/home/jacobw/YTchannel/assets/media/prod_17a746d6f26c41df9266007a05d79f5c/pjob_25ceb4dfa33b443084a8c3f9ee14a688.mp4
5748645	2026-06-20 12:07	/home/jacobw/YTchannel/assets/media/prod_4445fd9ec6e0445d8d0004c9c332d933/pjob_58507394584f47dc99f69aecf1685e19.mp4
5748645	2026-06-20 12:07	/home/jacobw/YTchannel/assets/media/prod_6d7fbfbbfd684448858074c34198a86a/pjob_9c96ee6888504c43a281963f126ac740.mp4
5748645	2026-06-20 12:08	/home/jacobw/YTchannel/assets/media/prod_4314c88a63e94af1a460b15899ca769b/pjob_ab701cf385764b23bc037ad7731b1d95.mp4
5748645	2026-06-20 12:08	/home/jacobw/YTchannel/assets/media/prod_680328eb51324863be73943f7078ffea/pjob_7077ded9b4394691aa31fa3099b995f6.mp4
5748645	2026-06-20 12:09	/home/jacobw/YTchannel/assets/media/prod_64eac0c0570f40dc947fc9e444c16fd3/pjob_d51fb8e42ab648f88cad95ef1df2a596.mp4
5748645	2026-06-20 12:09	/home/jacobw/YTchannel/assets/media/prod_b64ebbede17f4475b053203e9ab18771/pjob_d7e6ff55cbed4a7f97cfb3a9dd4d811b.mp4
5748645	2026-06-20 12:09	/home/jacobw/YTchannel/assets/media/prod_bbb4d7e99e6e44cd88fe2466a7988088/pjob_0a7c29f155b140a29ee6b9598b2fe3a6.mp4
5748645	2026-06-20 12:25	/home/jacobw/YTchannel/assets/media/prod_78a90ab5ed2f4c8494d2b1f6d98e868b/pjob_436434c1db904eb5995c0706c8ee979a.mp4
5748645	2026-06-20 12:25	/home/jacobw/YTchannel/assets/media/prod_e4fc11f9b5024c1da36c6511716345e4/pjob_c41ed9e58f594bd78faf517ab84af0fe.mp4
5748645	2026-06-20 12:26	/home/jacobw/YTchannel/assets/media/prod_e0083fb871f64b79a34f53829908cb38/pjob_d2aa5725468f41acb1b16e2806e83669.mp4
5748645	2026-06-20 12:27	/home/jacobw/YTchannel/assets/media/prod_3e63a337a5d34874a30e9aebdc9dc53c/pjob_ad13337608c34aba9818b5d7781d3ce7.mp4
5748645	2026-06-20 12:27	/home/jacobw/YTchannel/assets/media/prod_c871f6e8cb29428588407d92a54c4325/pjob_79a0ed523d374d51ac501e2443fd9363.mp4
5748645	2026-06-20 12:28	/home/jacobw/YTchannel/assets/media/prod_2a6ed34648384a0cb800c0a146691f1c/pjob_2d5e29c6d7bd445da18526bc0b5f629b.mp4
5748645	2026-06-20 12:28	/home/jacobw/YTchannel/assets/media/prod_548bda61e4824121850c96283fdb50eb/pjob_95cfd721d0be45ea837fbcef6e44e7e5.mp4
5748645	2026-06-20 12:29	/home/jacobw/YTchannel/assets/media/prod_2fdf2a5989b545d7be58210ebc969e29/pjob_60c2a9fdd40340468bdf6d03f5c3fd08.mp4
5748645	2026-06-20 12:29	/home/jacobw/YTchannel/assets/media/prod_66fc5dfe045b460ca4cea6ff942bedf0/pjob_123515283b6347f2966eaf5f55c94467.mp4
5748645	2026-06-20 12:29	/home/jacobw/YTchannel/assets/media/prod_f7c5f307c90e41838de499c176535f34/pjob_11c6c06e97324a62a970a9bbd650a121.mp4
5748645	2026-06-20 12:30	/home/jacobw/YTchannel/assets/media/prod_846945b9b913479782cf925eec47033d/pjob_32ddc944292a4db394259bf4bde36d9c.mp4
5748645	2026-06-20 12:30	/home/jacobw/YTchannel/assets/media/prod_d25c3a3d8a4748e684de4becc2884194/pjob_20ab3091c59547c2ba7f5e9ecf14d101.mp4
5748645	2026-06-20 12:30	/home/jacobw/YTchannel/assets/media/prod_e72b81c82300492dbb5c5c0d3578984f/pjob_ccdbe556c54744cf879b50a18736573d.mp4
5748645	2026-06-20 12:56	/home/jacobw/YTchannel/assets/media/prod_47344dad39a9461fb015c28bc0b15b82/pjob_b2938e2d52eb456ba317061329a5e077.mp4
5748645	2026-06-20 13:04	/home/jacobw/YTchannel/assets/media/prod_f74962c0f308432c9e3a3df3422c0a4e/pjob_d658926da1724499aab962c61913ae70.mp4
5748645	2026-06-20 13:05	/home/jacobw/YTchannel/assets/media/prod_613f20d7ca5e4c61ae50c0f3714ebe5d/pjob_afa48b3a888844808c859aa348327522.mp4
5748645	2026-06-20 13:06	/home/jacobw/YTchannel/assets/media/prod_3ee3bde01ba44234b683c407bbec84b0/pjob_2492d46393134974a01ef6f4ec6dfc5b.mp4
5748645	2026-06-20 13:07	/home/jacobw/YTchannel/assets/media/prod_a66c3866b0ad4d9fa34539adac92824b/pjob_465b987ef08e4e46a79f0405ff7aded1.mp4
5748645	2026-06-20 13:08	/home/jacobw/YTchannel/assets/media/prod_eacebca84f98469b9f339158a6997200/pjob_e24aa48bd9b6442696bfa5f04cf20751.mp4
5748645	2026-06-20 13:09	/home/jacobw/YTchannel/assets/media/prod_543ef8b9f6d54a65bcdb2a5558208411/pjob_73d6a7dd8fa34a628b25d0b994cfb3b9.mp4
5748645	2026-06-20 13:09	/home/jacobw/YTchannel/assets/media/prod_d0032e0ec4cb41e5a30db42e51d951ed/pjob_6e948d024626404f8d80bf0895e890ee.mp4
5748645	2026-06-20 13:10	/home/jacobw/YTchannel/assets/media/prod_b4dd6920a010465d83d9e9a670c8e3a5/pjob_c28aae522766443d9ff37d8c1ef4cde0.mp4
5748645	2026-06-20 13:11	/home/jacobw/YTchannel/assets/media/prod_743aa1bbb80349fe9463274cd09b464f/pjob_ee4eb7526e094a578814f52dc4fb8765.mp4
5748645	2026-06-20 13:12	/home/jacobw/YTchannel/assets/media/prod_4c152e14e7ef4343be77cf98c1057cdf/pjob_95e0d1a2773844f5a37a9bdf67bac8f2.mp4
5748645	2026-06-20 13:13	/home/jacobw/YTchannel/assets/media/prod_2fbe3db0fa134b94905280db0277b2b2/pjob_758e4c51eb5d4bfe99293fa282cd2676.mp4
5748645	2026-06-20 13:47	/home/jacobw/YTchannel/assets/media/prod_844aabba0a7b40f38da9f5582abbe737/pjob_d84df670893d451a8b240687842e5019.mp4
5748645	2026-06-20 13:48	/home/jacobw/YTchannel/assets/media/prod_d601b7a549e9486ca3e76fb9786f3f24/pjob_6442ebaea4b04f5ba25dd1f2fb812d60.mp4
5748645	2026-06-20 13:49	/home/jacobw/YTchannel/assets/media/prod_4070e06189014e27b92d053049a026b1/pjob_24d4a256a410418ea961e23ba86ba443.mp4
5748645	2026-06-20 13:50	/home/jacobw/YTchannel/assets/media/prod_49f0294ae49946b98130df95402448d2/pjob_0728e68e564743c98a9aa8caf61faa92.mp4
5748645	2026-06-20 13:51	/home/jacobw/YTchannel/assets/media/prod_c335847ae57847308e7f837a0abee796/pjob_44271d91c39e4af2be43eb6742dabe16.mp4
5748645	2026-06-20 13:51	/home/jacobw/YTchannel/assets/media/prod_d8c33097802b4f0fbee88506ac1e82c5/pjob_9232859039a744dea2286f39ceffcfb5.mp4
5748645	2026-06-20 13:52	/home/jacobw/YTchannel/assets/media/prod_433ccccbbd6146d8ba7e9c04ae1ffff9/pjob_7b5b3b5f80504fedb1f8c5271b038b1b.mp4
5748645	2026-06-20 13:53	/home/jacobw/YTchannel/assets/media/prod_7ffdd61bb45a4541860f39926d7f025e/pjob_4da230d17bf6452c9624fa41d633f6ac.mp4
5748645	2026-06-20 13:54	/home/jacobw/YTchannel/assets/media/prod_df86c74be45f454fa617c5d8b8c72154/pjob_ce843f69b32f4e329211747869a3a156.mp4
5748645	2026-06-20 13:55	/home/jacobw/YTchannel/assets/media/prod_941c27d2efb84c87a4032a7095a42e96/pjob_3468363ed9d9454488094938cf9e871e.mp4
5748645	2026-06-20 13:56	/home/jacobw/YTchannel/assets/media/prod_0d486b7c062a47e6bf9204c407e1c4c3/pjob_7dbfc0325fa54ca9a6797e4bb862d197.mp4
5748645	2026-06-20 16:56	/home/jacobw/YTchannel/assets/media/prod_003f2541c79649c6a4cd03eb9c005b34/pjob_0774b42f08d541b8bd34d05e53ae452a.mp4
5748645	2026-06-20 16:57	/home/jacobw/YTchannel/assets/media/prod_2bb86b48ae3d44cdaa4878c31571305b/pjob_d2500768bc3942ebacef8970fd05766d.mp4
5748645	2026-06-20 16:58	/home/jacobw/YTchannel/assets/media/prod_3ee5770219344df78cbb224b8665914b/pjob_1b01c3b79d7541cd934be443454f2b5f.mp4
5748645	2026-06-20 16:59	/home/jacobw/YTchannel/assets/media/prod_39e34cd0d4674c088eddde67100a6be4/pjob_695df1be893a4d4a97f34c25422f4c78.mp4
5748645	2026-06-20 17:00	/home/jacobw/YTchannel/assets/media/prod_020e53e741734588ba55978db1534b68/pjob_ea6d315b1afb433f91900934c094247c.mp4
5748645	2026-06-20 17:00	/home/jacobw/YTchannel/assets/media/prod_4f9fc1716dc94c5ba1d05843f9e72e58/pjob_c0f471b42e004b80a7dee25b90658c3d.mp4
5786859	2026-06-13 00:24	/home/jacobw/YTchannel/assets/media/005_layered_encoding/B031.mp4
5848856	2026-06-13 20:16	/home/jacobw/YTchannel/assets/media/001_hook/B001_topaz1080.mp4
5903476	2026-06-13 14:41	/home/jacobw/YTchannel/assets/media/003_biology/B005.mp4
5939684	2026-06-13 01:26	/home/jacobw/YTchannel/assets/media/008_ai_layer/B082.mp4
5976557	2026-06-13 20:59	/home/jacobw/YTchannel/assets/media/003_realcost/B005.mp4
5983861	2026-06-13 00:08	/home/jacobw/YTchannel/assets/media/004_wrong_approach/B021.mp4
6104949	2026-06-13 00:00	/home/jacobw/YTchannel/assets/media/004_wrong_approach/B015.mp4
6130237	2026-06-09 13:49	/home/jacobw/YTchannel/assets/media/james_teaser_02/004_system_shot02.mp4
6551810	2026-06-13 01:04	/home/jacobw/YTchannel/assets/media/008_ai_layer/B061.mp4
6599558	2026-06-13 01:10	/home/jacobw/YTchannel/assets/media/008_ai_layer/B069.mp4
6603717	2026-06-18 15:29	/home/jacobw/YTchannel/assets/media/prod_92605736e62e40899b77ab9ea314be23/pjob_dd90f8f3cc89478ca9348bee731e847a.mp4
6603717	2026-06-18 15:30	/home/jacobw/YTchannel/assets/media/prod_5ccbc0124eb047b8ae63be04e20a9865/pjob_b14217933935464cb752f2abdfff35ef.mp4
6603717	2026-06-18 15:31	/home/jacobw/YTchannel/assets/media/prod_01ddfd49b72f4a94a4d14c957a7e284b/pjob_83e2f48e9a6e4293ab69630489370b61.mp4
6603717	2026-06-18 15:33	/home/jacobw/YTchannel/assets/media/prod_731c57b3c7b449098538732d4ea7d133/pjob_02bc082d685e4cdba92fbeb786b94f76.mp4
6603717	2026-06-18 15:36	/home/jacobw/YTchannel/assets/media/prod_b040534ee9c54720840ca03e56e08962/pjob_00079a6f20574be89e46ce3617f9b432.mp4
6603717	2026-06-18 15:38	/home/jacobw/YTchannel/assets/media/prod_0bced67a9ff243bbad6410ce2599f8cb/pjob_716b66b9991048bfac697ce95c01de76.mp4
6603717	2026-06-18 15:39	/home/jacobw/YTchannel/assets/media/prod_e37dc8799ddc475dbff54bccca95b3b7/pjob_374875f3db5f42529d82cd3d13ac6272.mp4
6603717	2026-06-18 15:39	/home/jacobw/YTchannel/assets/media/prod_e37dc8799ddc475dbff54bccca95b3b7/pjob_eff464feab8845a1a825e334abcffb09.mp4
6603717	2026-06-18 15:41	/home/jacobw/YTchannel/assets/media/prod_d91002b99be148718acb6a1bb013e172/pjob_c0eae82fb3f54056bcf5a362cb6ee3cd.mp4
6603717	2026-06-18 15:45	/home/jacobw/YTchannel/assets/media/prod_e7a087697bd145f2b4e3653b2802b939/pjob_269d6ea9b12f47888e2c2804839b49ab.mp4
6603717	2026-06-18 15:45	/home/jacobw/YTchannel/assets/media/prod_ed60e7661fab497d8e080351d728bcd5/pjob_4fa02338e9964d26b38be7c1b518b6de.mp4
6603717	2026-06-18 15:46	/home/jacobw/YTchannel/assets/media/prod_629a2237f6cd4a91bed095c56147d778/pjob_71a4941d907a41e6a5119be93e54ae1f.mp4
6603717	2026-06-18 15:47	/home/jacobw/YTchannel/assets/media/prod_72691471f3e04296a990147b65dd7635/pjob_ed51dba9b02c45c5928bf69e3588bace.mp4
6603717	2026-06-18 15:47	/home/jacobw/YTchannel/assets/media/prod_e5cdda87ba3c439b8e275a5904ff7bc0/pjob_d602eff610614ee398725414bdb96c39.mp4
6603717	2026-06-18 15:48	/home/jacobw/YTchannel/assets/media/prod_2af83c84df1041ccab08c11378467142/pjob_01bfc09289954d3380c8890ee9432966.mp4
6603717	2026-06-18 15:48	/home/jacobw/YTchannel/assets/media/prod_9fc604145b96477e8115a5bc1ad42fb2/pjob_0772f1b3a8ca435fa651ceae7f05b010.mp4
6603717	2026-06-18 15:48	/home/jacobw/YTchannel/assets/media/prod_fec71ef724d649cc8da0f3a1dccb2def/pjob_c18ef1c5df3e459eadd7a172c2d8a718.mp4
6603717	2026-06-18 15:49	/home/jacobw/YTchannel/assets/media/prod_92b7aa5856134c35bc8098ce95762fbc/pjob_8fe411246d83421f9a55016c9b924c6b.mp4
6603717	2026-06-18 15:49	/home/jacobw/YTchannel/assets/media/prod_a779c5ef5d9e4664b36ba8721092e27b/pjob_54e0aa10fe7740a094d314606d04977f.mp4
6603717	2026-06-18 15:50	/home/jacobw/YTchannel/assets/media/prod_c7cdf43cf6d2400e99850ed283e273c5/pjob_cce7d22afcff4bb6957321aa7207e194.mp4
6603717	2026-06-18 15:51	/home/jacobw/YTchannel/assets/media/prod_e872819917eb417d9de222925d25de03/pjob_b186ddfd0ee14d54bc7ea5bddb125849.mp4
6603717	2026-06-18 15:52	/home/jacobw/YTchannel/assets/media/prod_7998c98f54fc4256afa84d1814920bc8/pjob_c6b4ed4658d84805a1e94791dfd5824b.mp4
6603717	2026-06-18 15:52	/home/jacobw/YTchannel/assets/media/prod_ead8ff7f11754c6ba44c39db8b8eed32/pjob_055f7543ca104d8e8e21a3c9cd6451c8.mp4
6603717	2026-06-18 15:53	/home/jacobw/YTchannel/assets/media/prod_984771539b2d4f4b9c706775b1b8b413/pjob_e7059a13dacf44aea41d6d18ec76d544.mp4
6603717	2026-06-18 15:53	/home/jacobw/YTchannel/assets/media/prod_d6d335e2b9df4aa68f2c41c77781a35c/pjob_0eaeea1b2c794ffd8060527381274ecd.mp4
6603717	2026-06-18 15:53	/home/jacobw/YTchannel/assets/media/prod_f36d8a8bb7fe4a3fae628b00037e2f8f/pjob_f270679cfba8447998358f23773c0fc4.mp4
6603717	2026-06-18 15:54	/home/jacobw/YTchannel/assets/media/prod_4020cdc3567b45f49111b9523c2fc360/pjob_735b7dda68754feea950917752308906.mp4
6603717	2026-06-18 15:54	/home/jacobw/YTchannel/assets/media/prod_50dbd7a7a9c04fe3970ce963e4ae632f/pjob_d99a6764d6004cc580da209eecaa2156.mp4
6603717	2026-06-18 15:54	/home/jacobw/YTchannel/assets/media/prod_61c4bd4522184d47bf0a6eca6f080769/pjob_0a2fdbe825a34368902f8caa45ab7177.mp4
6603717	2026-06-18 15:55	/home/jacobw/YTchannel/assets/media/prod_eed729ace0df4953b94e50d331d68d80/pjob_9e8e12994d0443ba97c9a541e2ec0f6c.mp4
6603717	2026-06-18 20:42	/home/jacobw/YTchannel/assets/media/prod_e727b1c1a58642eeb2f03cf4ee1d651d/pjob_dc228f7aae16459383b0cb346c765db3.mp4
6603717	2026-06-18 22:15	/home/jacobw/YTchannel/assets/media/prod_9a44407be0884fd0b9646932fa3a4653/pjob_889cd92579fe49cebae3acffdac0df6c.mp4
6603717	2026-06-18 22:15	/home/jacobw/YTchannel/assets/media/prod_dddea302002642dea824d52778908b72/pjob_d159952079d4448baf5b02847638fe3f.mp4
6603717	2026-06-18 22:16	/home/jacobw/YTchannel/assets/media/prod_8570f117bbd3480386fed01152f0e70e/pjob_9f930e4a2a1e4243b6c1d4c357c2aab5.mp4
6603717	2026-06-18 22:16	/home/jacobw/YTchannel/assets/media/prod_e018e872c8bd43c0a870fa1bf6ebe168/pjob_b68de1d661a743c1a28650c0a0b09164.mp4
6603717	2026-06-18 22:17	/home/jacobw/YTchannel/assets/media/prod_0237c58c2d5c4e8a8079f82fc7aa0781/pjob_dd6dbe6537ae4041ad4694540f91942b.mp4
6603717	2026-06-18 22:17	/home/jacobw/YTchannel/assets/media/prod_a87095ec9d774454b82ce86e1032f815/pjob_9c670e58d57c459eb47a6be49ea1fbdd.mp4
6603717	2026-06-18 22:17	/home/jacobw/YTchannel/assets/media/prod_f36bcfd4ca3a4fefaad5e94ac20aef39/pjob_4a129f808d5c4a889869f764f76f8e7e.mp4
6603717	2026-06-18 22:18	/home/jacobw/YTchannel/assets/media/prod_867e103a663c4aa7b5d277ef206b1acb/pjob_0feaeb413c724ea5b54cdf0ba072dd0d.mp4
6603717	2026-06-18 22:18	/home/jacobw/YTchannel/assets/media/prod_e34cb8f1b07242a7bf59428184a5d486/pjob_bb07a30ea4f14cd6b3bc30333a264bed.mp4
6603717	2026-06-18 22:18	/home/jacobw/YTchannel/assets/media/prod_ed21b4251e1f492f96afbb03427ae90f/pjob_f265377cc665446d944fb6f2733f091e.mp4
6603717	2026-06-18 22:54	/home/jacobw/YTchannel/assets/media/prod_b7d357368b854f09ab2b1e51fb6755af/pjob_b92973dc305f4149a984016f308cb5dc.mp4
6603717	2026-06-18 22:55	/home/jacobw/YTchannel/assets/media/prod_4b35c4a3e2c74fe98af667a7f0538c3c/pjob_c96880cac66f41a197d996c69c72fbbe.mp4
6603717	2026-06-18 22:56	/home/jacobw/YTchannel/assets/media/prod_737fcc3f5acb45c291035057d1237e65/pjob_df934205caee49b39cf4ae72b448124f.mp4
6603717	2026-06-18 22:58	/home/jacobw/YTchannel/assets/media/prod_2e49c8856f1945aa8e9bd9394a72380e/pjob_07099142c27440039bc38dea5f6a40cd.mp4
6603717	2026-06-18 22:58	/home/jacobw/YTchannel/assets/media/prod_7375f0abcf64475e8962e34aae5186e1/pjob_6d809092bfd64539957258084119ac0c.mp4
6603717	2026-06-18 22:59	/home/jacobw/YTchannel/assets/media/prod_16cddc99a1994feeb9113d189fa01ad4/pjob_835cef451bcc46ea908e5a6451d35eca.mp4
6603717	2026-06-18 22:59	/home/jacobw/YTchannel/assets/media/prod_6a1c0626f824496796435d75606c7be0/pjob_6910a0c18a2f45d48152524c77040dd9.mp4
6603717	2026-06-18 22:59	/home/jacobw/YTchannel/assets/media/prod_b167e40b02c243498aa23effd8683ff8/pjob_4bfc5362ab47416c91df0cc96b41174e.mp4
6603717	2026-06-18 23:00	/home/jacobw/YTchannel/assets/media/prod_79338b995dc6487dbd4abe6822418b68/pjob_853b0041496a4a80833f9270b2890695.mp4
6603717	2026-06-18 23:00	/home/jacobw/YTchannel/assets/media/prod_9efc18c614f241ef86e76b06659bdae8/pjob_6f5c5aed93f8432a9e117f3766904463.mp4
6603717	2026-06-18 23:01	/home/jacobw/YTchannel/assets/media/prod_3efdd2e2113445c3b526165ba717f9fd/pjob_620ad5a796f2434398294994716813e1.mp4
6603717	2026-06-18 23:01	/home/jacobw/YTchannel/assets/media/prod_49d080e4b2184cbfac4dc655582efc3e/pjob_92215de96ff34668abf58c9acabc9445.mp4
6603717	2026-06-18 23:01	/home/jacobw/YTchannel/assets/media/prod_4fb859af4f3547f2af7e76df3f1ffe87/pjob_084d2745677744bea5909831cb30d218.mp4
6603717	2026-06-18 23:12	/home/jacobw/YTchannel/assets/media/prod_6652c31420564ba58d276b22007cb8fa/pjob_1905d5a64bb04ee1b068ee7f2c833809.mp4
6603717	2026-06-18 23:12	/home/jacobw/YTchannel/assets/media/prod_9cdabc71b002430aac4a049f46a3dd72/pjob_b8f98f3ba22c4f558e8272578cfd6a0f.mp4
6603717	2026-06-18 23:12	/home/jacobw/YTchannel/assets/media/prod_ea2bead949cd4098a5781ebee78b3bea/pjob_957e1fb45df04edab9f7d5c8e3329852.mp4
6603717	2026-06-18 23:13	/home/jacobw/YTchannel/assets/media/prod_40b2f9d2904341c58488ac21ea337986/pjob_0c85a071b1ac40b08bc1f88ecf182bb6.mp4
6603717	2026-06-18 23:13	/home/jacobw/YTchannel/assets/media/prod_475eff1a9f634a22a3d6174f0eb753ec/pjob_46b5c39b0cee4245b7c720907045d61c.mp4
6603717	2026-06-18 23:13	/home/jacobw/YTchannel/assets/media/prod_a13585846dd5400cbb2a41924986fdba/pjob_3ca29a70075048278149b04f00743ad8.mp4
6603717	2026-06-18 23:14	/home/jacobw/YTchannel/assets/media/prod_0bea10879f6d4d778daffc01ae634f91/pjob_a03e3929f460442ba367ae5becaadd9f.mp4
6603717	2026-06-18 23:14	/home/jacobw/YTchannel/assets/media/prod_6cba656e5d0740199940c7fcaf1b922a/pjob_4d16314c34ba41f8ad79abdba6cf04f7.mp4
6603717	2026-06-18 23:15	/home/jacobw/YTchannel/assets/media/prod_4ad58158c2a147d8966e201111fb9e82/pjob_296046f6ecb74dcf92c0bb0125ddab59.mp4
6603717	2026-06-18 23:15	/home/jacobw/YTchannel/assets/media/prod_f354504a50fd4c2c8c84d52917f60ee0/pjob_5b7d6269c1de4bfda14ca370cbfaa754.mp4
6603717	2026-06-18 23:25	/home/jacobw/YTchannel/assets/media/prod_69a2c309c7b64c9b8499af2df4a3cebd/pjob_b7e8010579e340f1a14c3006d10208d2.mp4
6603717	2026-06-18 23:25	/home/jacobw/YTchannel/assets/media/prod_99333fb362f847cbacda9d68691dee35/pjob_a80aceb9bf924c3088d0c8d6e3156ad4.mp4
6603717	2026-06-18 23:25	/home/jacobw/YTchannel/assets/media/prod_db5da16735f941f2b4909d0e05ebf919/pjob_d1ae4993dc7d4800adb326775a69a17a.mp4
6603717	2026-06-18 23:26	/home/jacobw/YTchannel/assets/media/prod_7f910cddf19243969df68c97dc93b323/pjob_5bbf2edb870a4b7292c497ae3b86ecf2.mp4
6603717	2026-06-18 23:26	/home/jacobw/YTchannel/assets/media/prod_df62dcd0215f44719ff52efd7372138c/pjob_fb356c52102c43279c3011681a9899c1.mp4
6603717	2026-06-18 23:27	/home/jacobw/YTchannel/assets/media/prod_1d081de0921e43958d72e72e0a440199/pjob_c25174c034054c23ac98f540963939ad.mp4
6603717	2026-06-18 23:27	/home/jacobw/YTchannel/assets/media/prod_57bfb668970646cba19c3a9e89f71e3f/pjob_7133899beb064605b87b8282b6e239fb.mp4
6603717	2026-06-18 23:27	/home/jacobw/YTchannel/assets/media/prod_a8ef94f38ef04b66a2234febfafed1c0/pjob_71337c1b540249ee993692e7feafe4b9.mp4
6603717	2026-06-18 23:28	/home/jacobw/YTchannel/assets/media/prod_45a2571564a84b18b2e3cde11923e340/pjob_d5d710194e764bfba620118a760081fe.mp4
6603717	2026-06-18 23:28	/home/jacobw/YTchannel/assets/media/prod_7652df036c1542ca8e24fcbd4d11e206/pjob_a847c58385094d8ca14f013975f02a8f.mp4
6603717	2026-06-18 23:40	/home/jacobw/YTchannel/assets/media/prod_4d81d170d13c4008a67262918323df0e/pjob_a3156d374d3444ea943578e33c029fef.mp4
6603717	2026-06-18 23:40	/home/jacobw/YTchannel/assets/media/prod_53c3ac032c0749dc990604ae52ddd170/pjob_29baff74714e4c8daddaefe1359ecdce.mp4
6603717	2026-06-18 23:41	/home/jacobw/YTchannel/assets/media/prod_1ffeee5cc4084ce1be0169db2f2251e8/pjob_a3fc12cde290472cb688b9445174328a.mp4
6603717	2026-06-18 23:41	/home/jacobw/YTchannel/assets/media/prod_49a1513de5eb497586cd5d57d1c5a776/pjob_937474f519fa4a578fb15d615c1d54cf.mp4
6603717	2026-06-18 23:41	/home/jacobw/YTchannel/assets/media/prod_c9ac4d5ef82b4a768a72a94d724f5ea7/pjob_0808ef3d16584b24b7076112b651190c.mp4
6603717	2026-06-18 23:42	/home/jacobw/YTchannel/assets/media/prod_30a3ecdc64b14829a9e7a852c2d613e4/pjob_344527a0d9224126b67177b3bdebc4ed.mp4
6603717	2026-06-18 23:42	/home/jacobw/YTchannel/assets/media/prod_332bce2d2b5b4e75bb3f972a64dcd934/pjob_4803264fa4e54f388f9c545731167888.mp4
6603717	2026-06-18 23:42	/home/jacobw/YTchannel/assets/media/prod_cc2780bdcab24d5e920bce74965cbaa1/pjob_3d643f31170a4470825be3a32cf40820.mp4
6603717	2026-06-18 23:43	/home/jacobw/YTchannel/assets/media/prod_00835f2a12124b48a9e8a530fff19568/pjob_2bd80d041f124108b1139c8970287705.mp4
6603717	2026-06-18 23:43	/home/jacobw/YTchannel/assets/media/prod_4178f27a7efb473192c9f8c878eba2ed/pjob_844b1c06af504cb1a000c1d4918d86bf.mp4
6603717	2026-06-19 08:08	/home/jacobw/YTchannel/assets/media/prod_5ea4f1b31cd94462892e7bcd47e2bb01/pjob_cdfe1b556d5f498ca615fc6c7f0c401c.mp4
6603717	2026-06-19 08:08	/home/jacobw/YTchannel/assets/media/prod_c6882b847b2d4ae585c68c0d3411259e/pjob_8a12f8a8edac493892e1acda79c59d95.mp4
6603717	2026-06-19 08:09	/home/jacobw/YTchannel/assets/media/prod_6e47988edffb4df9b4f34f3a93e3cd07/pjob_2aa4640f81f84f81bc80b373e8fcc860.mp4
6603717	2026-06-19 08:09	/home/jacobw/YTchannel/assets/media/prod_6ec56def1f854254a5a56a01a7464827/pjob_7b13a509937242a5a727f7455ef9a9f3.mp4
6603717	2026-06-19 08:09	/home/jacobw/YTchannel/assets/media/prod_777c06918d834824b2993395005e2f05/pjob_f2754c0977c74d3db7db27395a914d3d.mp4
6603717	2026-06-19 08:10	/home/jacobw/YTchannel/assets/media/prod_40d11d1b465f4337870a8edece099358/pjob_dcc6101ec42d48b1ac621e22ef0da084.mp4
6603717	2026-06-19 08:10	/home/jacobw/YTchannel/assets/media/prod_749fb2f19f9245b3a82fe6e43995f9ac/pjob_74361933715c400ab60fa50bd381ce57.mp4
6603717	2026-06-19 08:10	/home/jacobw/YTchannel/assets/media/prod_8356a7f2a35a4512ab5dcc0c0f63ee4f/pjob_270d4892f90c44c4b8e1cc6e6bda8f43.mp4
6603717	2026-06-19 08:11	/home/jacobw/YTchannel/assets/media/prod_43de7bb8cfca49dd944dbdb7d84ce006/pjob_0b52ca61049f40e5ab44aae73ee1e3a6.mp4
6603717	2026-06-19 08:11	/home/jacobw/YTchannel/assets/media/prod_5ff2e00656894c75a3ad9adc27b79cf7/pjob_073bc82883b94c8a94ab16021818f410.mp4
6603717	2026-06-19 08:18	/home/jacobw/YTchannel/assets/media/prod_684eba46893942039b666cc67e4cd73d/pjob_a9bfcce372de4c909ac794b513b34d44.mp4
6603717	2026-06-19 08:18	/home/jacobw/YTchannel/assets/media/prod_6ab5a8bef46c4a4c9324a316de91e4ec/pjob_15c4e9cfee574cb4a2cc33e9b4c3c06c.mp4
6603717	2026-06-19 08:18	/home/jacobw/YTchannel/assets/media/prod_7786a48194864ff9bd5743ae4a3c6572/pjob_bdd4754dfdf049f58ac8bb2d7dc96c7a.mp4
6603717	2026-06-19 08:19	/home/jacobw/YTchannel/assets/media/prod_6fd0edbd4b824c03b219cdd2395682c3/pjob_f5228e77cfbd4640ad02d3f3853cbec5.mp4
6603717	2026-06-19 08:19	/home/jacobw/YTchannel/assets/media/prod_e27f6b7b5ebb4e8397d10978bf9e931e/pjob_3c425ea85a684f848f55dd77307b3b0c.mp4
6603717	2026-06-19 08:20	/home/jacobw/YTchannel/assets/media/prod_ba8726eaa50f43369050d571aa6e71d7/pjob_3d4ff77639be47f1bc8fd8623a097261.mp4
6603717	2026-06-19 08:20	/home/jacobw/YTchannel/assets/media/prod_c344d6b654484962a98a50963579c8ee/pjob_c048b20c88e44aa1b109b82d27cc1d3c.mp4
6603717	2026-06-19 08:20	/home/jacobw/YTchannel/assets/media/prod_e5cb898a186c49a7abb428221138c852/pjob_58fe59f340ba4084a4cb55828ceeae72.mp4
6603717	2026-06-19 08:21	/home/jacobw/YTchannel/assets/media/prod_84fa6358c51e4998a3d1d93afe70446f/pjob_a23e03d8f0494284ad6422ec80b2dc41.mp4
6603717	2026-06-19 08:21	/home/jacobw/YTchannel/assets/media/prod_ab14b740e97843c5b61c7a6271d8878f/pjob_9450be0598f64937861784c48918d933.mp4
6603717	2026-06-19 08:21	/home/jacobw/YTchannel/assets/media/prod_de963fdeaa42443685e8dc2c08b5321d/pjob_23518855febd49a3ad93805888a0e56d.mp4
6603717	2026-06-19 08:22	/home/jacobw/YTchannel/assets/media/prod_5dea1df5413a4776bea6c0ae453e610b/pjob_196b2fb4b8644b42b4e21bbbe5eb1cbd.mp4
6603717	2026-06-19 08:22	/home/jacobw/YTchannel/assets/media/prod_8e2b77e8d7134b328430a0c0673d274a/pjob_a34b8772dd004fa0832d3820bdcca3a4.mp4
6603717	2026-06-19 08:23	/home/jacobw/YTchannel/assets/media/prod_225cbc6d67194a3a822c95bde705ca4f/pjob_6b9074c50e194ac1a7924f45a22eb2ac.mp4
6603717	2026-06-19 12:46	/home/jacobw/YTchannel/assets/media/prod_20b418d1c0934d39a06230e4931379d9/pjob_b3da538fee344e7cb9d317168e402e53.mp4
6603717	2026-06-19 12:46	/home/jacobw/YTchannel/assets/media/prod_894800f9c86c4eeea9b9c45e03612968/pjob_995efa7f61c249fa9c151eebfba78048.mp4
6603717	2026-06-19 12:47	/home/jacobw/YTchannel/assets/media/prod_283d100ac1b44859977077b29bca4e5b/pjob_f46d2a24e06e4e59b35d57507b7680c1.mp4
6603717	2026-06-19 12:47	/home/jacobw/YTchannel/assets/media/prod_9cc6c9ed6a9d43119c9ac4d6b3a14dc1/pjob_b7b602cb44134c72964e63d14f0f6626.mp4
6603717	2026-06-19 12:48	/home/jacobw/YTchannel/assets/media/prod_3af7333f3e4749d09dedf73f2d55bd6c/pjob_16dcce40585f424d95911aea37178a1f.mp4
6603717	2026-06-19 12:48	/home/jacobw/YTchannel/assets/media/prod_6c3aec3b34e54923a710a81c0e82d892/pjob_65b43f04118f440487af805031e3cc45.mp4
6603717	2026-06-19 12:48	/home/jacobw/YTchannel/assets/media/prod_a4d18fe3d1c64380afaa016779362234/pjob_7611d6fac06a43d0af85bf0e67e96310.mp4
6603717	2026-06-19 12:49	/home/jacobw/YTchannel/assets/media/prod_1c713aefdad948e19db81c4af7d8660f/pjob_fbedc02ddeb94bd481e75bdc40268e33.mp4
6603717	2026-06-19 12:49	/home/jacobw/YTchannel/assets/media/prod_3de7c84c619741c4816b9ea773b235f9/pjob_7c6eb52476f8420f85ed4038b1f0cb70.mp4
6603717	2026-06-19 12:50	/home/jacobw/YTchannel/assets/media/prod_bd5e4438ea574dcf98aa75395f64a85e/pjob_17a71e4a3b8f4a77b0b4abd003fb8e61.mp4
6603717	2026-06-19 12:50	/home/jacobw/YTchannel/assets/media/prod_e6c5c0bf88504a65b12b0aae92f6c5bc/pjob_9f70bca08d34422f84262ca2edaffce6.mp4
6603717	2026-06-19 12:51	/home/jacobw/YTchannel/assets/media/prod_6db0d6ed395e4506b228eb636cb0efa3/pjob_0a14af0cf6824fb5843289e4abf4b439.mp4
6603717	2026-06-19 12:51	/home/jacobw/YTchannel/assets/media/prod_e705567c019647939eb068ef1fbb4945/pjob_a824fcda0bcd48aca4c06de9c817f639.mp4
6603717	2026-06-19 12:52	/home/jacobw/YTchannel/assets/media/prod_2c3f4342aaf74b38a5f7db01a47667d9/pjob_bd724760e5504e0289bf48960a447e44.mp4
6603717	2026-06-19 12:52	/home/jacobw/YTchannel/assets/media/prod_9b94da2f795047e39de31f63f361a036/pjob_87d3084ee60a4dd4b20e75043121690f.mp4
6603717	2026-06-19 12:52	/home/jacobw/YTchannel/assets/media/prod_d425c8dc33d445679827c4490cc6b616/pjob_57ec5189dea74e47a4351c10e3d01f98.mp4
6603717	2026-06-19 12:53	/home/jacobw/YTchannel/assets/media/prod_4d8e007a6d254163b294532671abf981/pjob_867c07057dfd4f9388dbb37af7d42ed0.mp4
6603717	2026-06-19 12:53	/home/jacobw/YTchannel/assets/media/prod_b3f10fcb72ee49f788190ebc8910602b/pjob_5076c4387f9f4789b3802537731df060.mp4
6603717	2026-06-19 12:54	/home/jacobw/YTchannel/assets/media/prod_162d66ad0916407d97de7baae5c0ff80/pjob_4c5016a6ef084731a44abcdfd2f779d1.mp4
6603717	2026-06-19 12:54	/home/jacobw/YTchannel/assets/media/prod_d1bdc807f7d04f7590b85d2c2af9af26/pjob_4fd5936881d24ec79271b7c3fb713457.mp4
6603717	2026-06-19 12:54	/home/jacobw/YTchannel/assets/media/prod_f5a406af9cc34f9680522a04d191ce75/pjob_8a8d8816b537458ea77de91b11c6f439.mp4
6603717	2026-06-19 13:07	/home/jacobw/YTchannel/assets/media/prod_162ac258871b41c7982b6488a733ad49/pjob_fd09ada753024044baa2707efb1c8d10.mp4
6603717	2026-06-19 13:16	/home/jacobw/YTchannel/assets/media/prod_80ef425d9ea44d1cb922b80145ced67f/pjob_8c620d09e3cd4873b23e9ee762d60c10.mp4
6603717	2026-06-19 13:16	/home/jacobw/YTchannel/assets/media/prod_ec243bb9f158420b9b89ae701ad37e17/pjob_8cab075fe1a443bb9d74e4db143b1500.mp4
6603717	2026-06-19 13:19	/home/jacobw/YTchannel/assets/media/prod_aab5be43dd114148b2ccd59dcddf7e2a/pjob_2bd5d15ecc3f4291a2a575d97f0b658f.mp4
6603717	2026-06-19 13:19	/home/jacobw/YTchannel/assets/media/prod_d4b6cc0fda77443a9e5135d583dcd413/pjob_e51776d92b5a483c926a885cea9c5b02.mp4
6603717	2026-06-19 13:20	/home/jacobw/YTchannel/assets/media/prod_0565fe46d74c485da9e4e18aeb3a6807/pjob_c92b43fde4a846ea93ce30c05e87e4e3.mp4
6603717	2026-06-19 13:20	/home/jacobw/YTchannel/assets/media/prod_75c4747071ad448680beb993573656b8/pjob_beb6cd8c29c74720b59f109bef9c7f56.mp4
6603717	2026-06-19 13:20	/home/jacobw/YTchannel/assets/media/prod_c9c6fcbb747248998ffb3ab78c286640/pjob_9e453271ad854d5e953b347ba03e6c5e.mp4
6603717	2026-06-19 13:21	/home/jacobw/YTchannel/assets/media/prod_20959ffb5ff941808d9a60e9a3c96883/pjob_448d0f210f5641d1982aabacdc204e41.mp4
6603717	2026-06-19 13:21	/home/jacobw/YTchannel/assets/media/prod_5d852200f6914d2eb533816343275105/pjob_18f208808d6c467685e9dccb2dce9e45.mp4
6603717	2026-06-19 13:21	/home/jacobw/YTchannel/assets/media/prod_f136cc36268444f98275a311129fa722/pjob_cb71752317d347aa82ab7c138a155ca3.mp4
6603717	2026-06-19 13:22	/home/jacobw/YTchannel/assets/media/prod_671ce60ad3c04990ac8d5113134d4029/pjob_4123b52e87ca488a8f9cb72bc954f120.mp4
6603717	2026-06-19 13:22	/home/jacobw/YTchannel/assets/media/prod_c8ed6368c8444999bd496c7eb0e80f09/pjob_2775a9e776b7440b8606835e35128a8e.mp4
6603717	2026-06-19 18:53	/home/jacobw/YTchannel/assets/media/prod_08c6ea48f0e941fea0a02781bc551237/pjob_62c9f2200faa434e9baa4698ec9e7d64.mp4
6603717	2026-06-19 18:53	/home/jacobw/YTchannel/assets/media/prod_95a4e65183194339830cb98dd02db0bf/pjob_5a6ad45ee5c94bc5853827ab09187136.mp4
6603717	2026-06-19 18:53	/home/jacobw/YTchannel/assets/media/prod_c129b57b422c45f98717365bb86dd7e6/pjob_8dfd422b4a33460494042023f69654b0.mp4
6603717	2026-06-19 18:54	/home/jacobw/YTchannel/assets/media/prod_71490612656a4ccf88929ede6c524c1d/pjob_65019492ef3a475d82686fbdb41866e8.mp4
6603717	2026-06-19 18:54	/home/jacobw/YTchannel/assets/media/prod_9a744a6c113f4fcf972da14f2bfe4dc8/pjob_f0e65209d8bc4208aa73a586454b3a9a.mp4
6603717	2026-06-19 18:54	/home/jacobw/YTchannel/assets/media/prod_dcccae74ac9d4f60a4f289a85cf51ddd/pjob_a8543218e47443798706c3b07b4d0959.mp4
6603717	2026-06-19 18:55	/home/jacobw/YTchannel/assets/media/prod_00125b262f1145d9a4cb8ce445c57ab6/pjob_05983f1ed9644208af668f3f1d761410.mp4
6603717	2026-06-19 18:55	/home/jacobw/YTchannel/assets/media/prod_0ba3590d19ce4c24adbf93089fddfce9/pjob_927fd7e5aa0b4a3ebbb4bea10fa79fda.mp4
6603717	2026-06-19 18:55	/home/jacobw/YTchannel/assets/media/prod_cf86f52be60443e09c0e82952e00cc54/pjob_44c7dca0483545cf9a8c19942a4e75a8.mp4
6603717	2026-06-19 18:56	/home/jacobw/YTchannel/assets/media/prod_555232fb7e86405e84ab21f8498aa5d8/pjob_1737a598151d4711ac0f29ec96b7981b.mp4
6603717	2026-06-19 19:03	/home/jacobw/YTchannel/assets/media/prod_0e367de93d9d4243ab309cc4fd8336ef/pjob_25d57825641a48839bce5c15f09a8dda.mp4
6603717	2026-06-19 19:03	/home/jacobw/YTchannel/assets/media/prod_57d6fe096d6242ab961d5a7f492b0465/pjob_61b7f5f8004d46229b367670bb3dfd8b.mp4
6603717	2026-06-19 19:04	/home/jacobw/YTchannel/assets/media/prod_6d6733fac48540148d8f7c31f85b0c44/pjob_fb09d5fbd3914fea852597c5c2133665.mp4
6603717	2026-06-19 19:04	/home/jacobw/YTchannel/assets/media/prod_98f9e243122e4e279ccbe50e330fe95f/pjob_eaff8ac5d0794f8aa2f7438c7d20d127.mp4
6603717	2026-06-19 19:05	/home/jacobw/YTchannel/assets/media/prod_0a07dbde902643a298fee020f2fda680/pjob_01131a9a68f643deb1d1cc25c5d4bb59.mp4
6603717	2026-06-19 19:05	/home/jacobw/YTchannel/assets/media/prod_a3aa680c8ba34d1c81959db4b6fe0309/pjob_f4952f760b454e1295f9c0169c50b159.mp4
6603717	2026-06-19 19:05	/home/jacobw/YTchannel/assets/media/prod_e4d34c2f40f04a8bb78c9f21440bf788/pjob_2d36926541ec40f183c4c332be08a416.mp4
6603717	2026-06-19 19:06	/home/jacobw/YTchannel/assets/media/prod_0a95a5fd39ba47b8b64086b6148c6ad6/pjob_9a45f252fbc6466cb1ce1c95a9f288f3.mp4
6603717	2026-06-19 19:06	/home/jacobw/YTchannel/assets/media/prod_28271ef8f4624e6295f793c3369e14df/pjob_7c0bf16076e443f9b44a80505f4ac4b5.mp4
6603717	2026-06-19 19:06	/home/jacobw/YTchannel/assets/media/prod_6770b8024aa9421b92e4d6945e12b806/pjob_0316040686e24240abc2d2f7015ed180.mp4
6603717	2026-06-19 19:17	/home/jacobw/YTchannel/assets/media/prod_4453ec8e6f8b462487b4447d09b5ff60/pjob_f59bae2b259e4d54b28bd38e32e7403b.mp4
6603717	2026-06-19 19:17	/home/jacobw/YTchannel/assets/media/prod_bc6cea42f956485a8ceecd80455a0543/pjob_a7c9cf71bd9347d4a6c0cc7f45ce4ce7.mp4
6603717	2026-06-19 19:18	/home/jacobw/YTchannel/assets/media/prod_39c4e58227f4400dadc4e84d1d3b4227/pjob_1fb1cfed621e4b73913c994f92f08be9.mp4
6603717	2026-06-19 19:18	/home/jacobw/YTchannel/assets/media/prod_b0b702d0f2fe452f8358fd2c79de6368/pjob_a91193c2ff0b44e184eded0f269cdf1c.mp4
6603717	2026-06-19 19:18	/home/jacobw/YTchannel/assets/media/prod_dadafce6e70f472bb74b1a5e1827a12f/pjob_b7193cfd643d4fde8ccfcbc193035a69.mp4
6603717	2026-06-19 19:19	/home/jacobw/YTchannel/assets/media/prod_76aa7211e0d7486eb72ea44e8a36780a/pjob_cc26125d11c34e11a91f58447c73f8bf.mp4
6603717	2026-06-19 19:19	/home/jacobw/YTchannel/assets/media/prod_f6747b4b6f184f37adc7639c26a23431/pjob_97af11aa00d04ef790ac4b78d99d5c4c.mp4
6603717	2026-06-19 19:20	/home/jacobw/YTchannel/assets/media/prod_2043fd54473d4811a9d47d57be56d6ed/pjob_e7a7f073616d43bda8599c0efc5a6c5b.mp4
6603717	2026-06-19 19:20	/home/jacobw/YTchannel/assets/media/prod_3d7bf9d1973543ab896394338e8a1b1b/pjob_f88220564a3a47339d54551b44b92446.mp4
6603717	2026-06-19 19:20	/home/jacobw/YTchannel/assets/media/prod_ecb22ee185dc4374b468deced21fbcfc/pjob_8e7e8e1d89ce4663b7b28642eb07f74a.mp4
6603717	2026-06-19 19:39	/home/jacobw/YTchannel/assets/media/prod_220300aa770d4c14b4bc9e6574c2b54c/pjob_c047b5c9ca1a48759582ac3e732704c7.mp4
6603717	2026-06-19 19:40	/home/jacobw/YTchannel/assets/media/prod_2796a3fce6c142de86e19fb2d5f67818/pjob_6faea1d22ab84eb3921385963f1cd156.mp4
6603717	2026-06-19 19:40	/home/jacobw/YTchannel/assets/media/prod_3aa59068fc3145279e8f4578e6207c72/pjob_666343abb4cd4c4c8ea5469e1192b421.mp4
6603717	2026-06-19 19:40	/home/jacobw/YTchannel/assets/media/prod_4ed19df225814b6b9638589fc1fa5af7/pjob_0ace3be7c65549e8b11f5f3d5240dd7b.mp4
6603717	2026-06-19 19:41	/home/jacobw/YTchannel/assets/media/prod_42c0de4c8dd840b897b286d51edfae49/pjob_6a27317295f747b8985c12f2ad72595b.mp4
6603717	2026-06-19 19:41	/home/jacobw/YTchannel/assets/media/prod_c4f413693b344fc28b50663c84e51dd1/pjob_60cb525021c045569b34ca42bf87df5f.mp4
6603717	2026-06-19 19:42	/home/jacobw/YTchannel/assets/media/prod_1e233ed85b174658bcf44f5935358143/pjob_63ba8d64f9ef48e7a5e2f18eb140980f.mp4
6603717	2026-06-19 19:42	/home/jacobw/YTchannel/assets/media/prod_93133568867345f1a9a9aa51e16dd36b/pjob_30c26be59ea24e4197317c59189ffd4d.mp4
6603717	2026-06-19 19:42	/home/jacobw/YTchannel/assets/media/prod_ebff8bf5665d4fe3acff4ce556ea7ad5/pjob_be36b88cd2884ce5a1c673a3c76514f0.mp4
6603717	2026-06-19 19:43	/home/jacobw/YTchannel/assets/media/prod_0808982affb746e381de3e910c30d17b/pjob_6ecb22cae78a4799b9437774a0fccc23.mp4
6603717	2026-06-19 19:49	/home/jacobw/YTchannel/assets/media/prod_e02f7e8abf674ece817787c8b514fed7/pjob_f2a346622c5f4d4ba6b229636f81940b.mp4
6603717	2026-06-19 19:50	/home/jacobw/YTchannel/assets/media/prod_493da69f47c94d5bb72379ec51551fe6/pjob_6d720161f3d64ad6bb694ddb97c981b5.mp4
6603717	2026-06-19 19:50	/home/jacobw/YTchannel/assets/media/prod_983848972bf248569ede549142badb95/pjob_a27937f4eb484a4eb286e23b361f94a9.mp4
6603717	2026-06-19 19:50	/home/jacobw/YTchannel/assets/media/prod_d13c0138d1154baa96a7a94e2dd6e6d5/pjob_252544ccac4c47c7aea86f086c527c5f.mp4
6603717	2026-06-19 19:51	/home/jacobw/YTchannel/assets/media/prod_12dfe650881e401097938c271ce947ea/pjob_5f448e1b523444929d3168042a877e11.mp4
6603717	2026-06-19 19:51	/home/jacobw/YTchannel/assets/media/prod_267feb24ced442e78c98d417603ce8c3/pjob_3842d99c489e416787dc551d92862c21.mp4
6603717	2026-06-19 19:52	/home/jacobw/YTchannel/assets/media/prod_025f66afcc744bfba81a67a6969c4457/pjob_88d1e8d71bc8413ab917899a90e709b5.mp4
6603717	2026-06-19 19:52	/home/jacobw/YTchannel/assets/media/prod_5439dde64f3a42558530d30a479c3bbd/pjob_e45234f57b5f47558bf85fe6b2018cf7.mp4
6603717	2026-06-19 19:52	/home/jacobw/YTchannel/assets/media/prod_a083e53e5e8f42549912f5fdfc433251/pjob_92d764be9c77455482ade94263b786ab.mp4
6603717	2026-06-19 19:53	/home/jacobw/YTchannel/assets/media/prod_14bbe2538d1645fbbe58d1fa60352da5/pjob_c67fe564e6d943a0a6b331a61f08c4e4.mp4
6603717	2026-06-19 19:57	/home/jacobw/YTchannel/assets/media/prod_519dc4a8cf7f47f0a5de02a83e8c3a71/pjob_828babf789b848128174b85fd37e247f.mp4
6603717	2026-06-19 19:57	/home/jacobw/YTchannel/assets/media/prod_a0f03a606d2945e7be7a34471a66909e/pjob_fcdf564ca5b042abaea49cadddae99c4.mp4
6603717	2026-06-19 19:57	/home/jacobw/YTchannel/assets/media/prod_e93e110688bf4cde9d4f3f7930fcc526/pjob_2c79848ec2d04ef5aa8531e45702e96a.mp4
6603717	2026-06-19 19:58	/home/jacobw/YTchannel/assets/media/prod_1c44026f08c74f11a65a50ba6bd0c485/pjob_77db6846c10549248e1629c1f31d1a18.mp4
6603717	2026-06-19 19:58	/home/jacobw/YTchannel/assets/media/prod_760cd5086fd9487d8932cc9c8698cb3a/pjob_77accbcb948447ef9c0e32c331facb40.mp4
6603717	2026-06-19 19:59	/home/jacobw/YTchannel/assets/media/prod_049a38a44a284fdca776fb4615b4d69d/pjob_c43d8ecd460b487e806e11ea5abdd98f.mp4
6603717	2026-06-19 19:59	/home/jacobw/YTchannel/assets/media/prod_73dc967131684eb4afdb7aadebfbb370/pjob_8630a0a435574266807b9779d2296eab.mp4
6603717	2026-06-19 19:59	/home/jacobw/YTchannel/assets/media/prod_9ccb0eec2206406595d3881d9d5993bf/pjob_153fbdab6bdc449db78b8ea46ba5badd.mp4
6603717	2026-06-19 20:00	/home/jacobw/YTchannel/assets/media/prod_1e345fbb1e8b4a05a1fbf51bc578cf41/pjob_d61f870dfeb742dfbfdb5b56eecbe096.mp4
6603717	2026-06-19 20:00	/home/jacobw/YTchannel/assets/media/prod_32481839eec2401fac0a93149bb18a71/pjob_31f327e7e9a244f1b44763801d58e803.mp4
6603717	2026-06-19 20:02	/home/jacobw/YTchannel/assets/media/prod_c31f31b90df3479484a4d913bdcb317a/pjob_c3854e1b24dc48409c955be682c9a471.mp4
6603717	2026-06-19 20:03	/home/jacobw/YTchannel/assets/media/prod_33957c2a2ed44348a13c1ff3248f3621/pjob_bf75dd441e2c4d79b3e6e5348eb60af5.mp4
6603717	2026-06-19 20:03	/home/jacobw/YTchannel/assets/media/prod_903cea29580d4a83a2f4c03a71f4518c/pjob_594bd52279fb47beac1b2adc0933a978.mp4
6603717	2026-06-19 20:03	/home/jacobw/YTchannel/assets/media/prod_9de114e18d51471187f5ef0b50e2f55f/pjob_352a59d527aa4f178212b4edff62ce16.mp4
6603717	2026-06-19 20:04	/home/jacobw/YTchannel/assets/media/prod_3efc876016ab4eeeb7e250855f8e9b62/pjob_da60355c422447c88566cca142cba4e7.mp4
6603717	2026-06-19 20:04	/home/jacobw/YTchannel/assets/media/prod_6ac7d1431ad2472aa7d4aa3d679ea417/pjob_d3d36984c4aa4472933d0f6734263b33.mp4
6603717	2026-06-19 20:05	/home/jacobw/YTchannel/assets/media/prod_805753db7b614693b82fe1d7727a1dcc/pjob_d61c4dd425634696b2affd74d02d5fd9.mp4
6603717	2026-06-19 20:05	/home/jacobw/YTchannel/assets/media/prod_a85748e521984a34840b88bbb772a9e4/pjob_2dff75062118403ca5891440ea62f559.mp4
6603717	2026-06-19 20:05	/home/jacobw/YTchannel/assets/media/prod_ca31abc946c54a22813c294f683db460/pjob_c2ca935be7c4423a82b56dc3a9cbf2f9.mp4
6603717	2026-06-19 20:06	/home/jacobw/YTchannel/assets/media/prod_6a5092adeda94738a07adbb3a064929e/pjob_09c43c57cd054d40952ae626878a825a.mp4
6603717	2026-06-19 20:09	/home/jacobw/YTchannel/assets/media/prod_692321caf5654d399dfd39a4b888b770/pjob_eb1db44663964061bccd28b98d099fba.mp4
6603717	2026-06-19 20:09	/home/jacobw/YTchannel/assets/media/prod_bc31c361e4fa4ae78b511adbd4cf6b93/pjob_951de9973c8d41a1896d427e0c008e4a.mp4
6603717	2026-06-19 20:09	/home/jacobw/YTchannel/assets/media/prod_ffd94a0c51a24e1b921b8f9452e7edd6/pjob_7b5bf771ffb5421692c0c681c9f93731.mp4
6603717	2026-06-19 20:10	/home/jacobw/YTchannel/assets/media/prod_2c700e67bd724b58bb43c35acbf0f2da/pjob_e951d012a9dd439791ba2e463ce5ce6c.mp4
6603717	2026-06-19 20:10	/home/jacobw/YTchannel/assets/media/prod_a1035338b7e94134b753745ad68a898e/pjob_c743e8cb886347d3a05aa05af7c8def4.mp4
6603717	2026-06-19 20:11	/home/jacobw/YTchannel/assets/media/prod_895f29390b8545c4a4b64c4b3ed76216/pjob_99bcd109d2f44ff2b2aa537af0797af9.mp4
6603717	2026-06-19 20:11	/home/jacobw/YTchannel/assets/media/prod_8a93a833990d46e394065a37acc2682e/pjob_c2eea553e0694a5ea2fe983f4e42709d.mp4
6603717	2026-06-19 20:11	/home/jacobw/YTchannel/assets/media/prod_efc17259c89443c9a3b7b7cd7a1607a8/pjob_3b6faeb9da2c4cddbab07a8f11212b25.mp4
6603717	2026-06-19 20:12	/home/jacobw/YTchannel/assets/media/prod_1778b1138c8944fb8b97ce739c70035d/pjob_56e186c54a274af08795205f76d847d7.mp4
6603717	2026-06-19 20:12	/home/jacobw/YTchannel/assets/media/prod_2799d2809f56439097f05ba396d38600/pjob_ad5bcdc9f3444c43a5968591a3c70a50.mp4
6603717	2026-06-19 20:22	/home/jacobw/YTchannel/assets/media/prod_a67aa61adfaf452a97cc201b32198d35/pjob_bfdd0895659f4e74bf4d6e946fd745eb.mp4
6603717	2026-06-19 20:22	/home/jacobw/YTchannel/assets/media/prod_ca9c0218cb0543fd89166f3bc248b165/pjob_2b59a9375f164837b65f93ddf4efc628.mp4
6603717	2026-06-19 20:24	/home/jacobw/YTchannel/assets/media/prod_2c2c47cca6ca446b8a5b7231d1aefe65/pjob_b5828ad87be34cfaaecd6a9dd4587b7a.mp4
6603717	2026-06-19 20:24	/home/jacobw/YTchannel/assets/media/prod_4a5b862c6a9b4967833661c2dd99c7de/pjob_037477ebbbeb4c2fac4341137ca2488d.mp4
6603717	2026-06-19 20:24	/home/jacobw/YTchannel/assets/media/prod_e0cd0254d68a4b21847fd9590fb0d449/pjob_7cdf2399c3c6431b8dd69ed0b0978e15.mp4
6603717	2026-06-19 20:25	/home/jacobw/YTchannel/assets/media/prod_61fed504fc0046c782fbcbf8b2dadf53/pjob_b3702428b0d849fca007e655943c5620.mp4
6603717	2026-06-19 20:25	/home/jacobw/YTchannel/assets/media/prod_858ef20990524298ac201ac8b4d2aecd/pjob_000987b38a7a46c2a33862fe8ab0fb40.mp4
6603717	2026-06-19 20:26	/home/jacobw/YTchannel/assets/media/prod_aef52c4ebaf442aca3f9e210298c0e2f/pjob_4b98fc0fafd346afa9dbacbee6e39693.mp4
6603717	2026-06-19 20:26	/home/jacobw/YTchannel/assets/media/prod_c725c285e0f14ed7b01effb9ff36a357/pjob_60e298b3da224d74b910ddae29ddc6dd.mp4
6603717	2026-06-19 20:26	/home/jacobw/YTchannel/assets/media/prod_fde19c883a704160bb9cc38df243c1c2/pjob_87c25d9155d446d697dbc11976f35d45.mp4
6603717	2026-06-19 20:27	/home/jacobw/YTchannel/assets/media/prod_0ad7840465fb414ca61ed01960f55013/pjob_69206028246a4808b0b87ec5fd74a860.mp4
6603717	2026-06-19 20:27	/home/jacobw/YTchannel/assets/media/prod_aaba4acb5fd8454eaf9811f40b717c62/pjob_72fe738ddf6f43a0ace41728c293cda3.mp4
6603717	2026-06-19 20:36	/home/jacobw/YTchannel/assets/media/prod_13fa37fcfb784eb3840cdadb7f5dc98b/pjob_2f79df2950a344a5a12605792dc70477.mp4
6603717	2026-06-19 20:36	/home/jacobw/YTchannel/assets/media/prod_7411eef494644be4a8b27e5bd0a4f924/pjob_9278c02c8d524d509d67e3253e10f304.mp4
6603717	2026-06-19 20:38	/home/jacobw/YTchannel/assets/media/prod_1812d3a886f149f984b42c9b99715e5b/pjob_51a6beaa96b74b2c8a936a91fa06fbf3.mp4
6603717	2026-06-19 20:38	/home/jacobw/YTchannel/assets/media/prod_7a2207f53a434a78b0a4843b80b5ad46/pjob_df3f523018224bd1acc027bb6a39f126.mp4
6603717	2026-06-19 20:39	/home/jacobw/YTchannel/assets/media/prod_2ce6583fd9cf4629a4019ebc641baa18/pjob_1ed86254069547c0b703febc04e4f830.mp4
6603717	2026-06-19 20:39	/home/jacobw/YTchannel/assets/media/prod_8a12bf0ca4c643b6a24c613fb41db1ab/pjob_3a50f27e881a4fb086da9e38737c1306.mp4
6603717	2026-06-19 20:39	/home/jacobw/YTchannel/assets/media/prod_c90cdb1475844d50bb0414776690adaa/pjob_c510945a86c648d796f8ccf00a3e594c.mp4
6603717	2026-06-19 20:40	/home/jacobw/YTchannel/assets/media/prod_20fcb00a9ccf41e1b5fadb42471d34ec/pjob_565bed628912443a8191b45290b22569.mp4
6603717	2026-06-19 20:40	/home/jacobw/YTchannel/assets/media/prod_30d67b5affc54818b14919623e2ea90f/pjob_a0595493dec24a659b1494c79d119170.mp4
6603717	2026-06-19 20:40	/home/jacobw/YTchannel/assets/media/prod_ba43fa07486f4ad2b8556d3571430521/pjob_659f71d4ada44e0caf1cf9fad71aa89f.mp4
6603717	2026-06-19 20:41	/home/jacobw/YTchannel/assets/media/prod_35cfe0a0823b41f4ac0f5b75d768a6bf/pjob_337c0e648a1c4bd59db67a4b714943c0.mp4
6603717	2026-06-19 20:41	/home/jacobw/YTchannel/assets/media/prod_aa101554b9d840a6b85c881a472da126/pjob_8083290a04cd45cc83702ed81ef727fb.mp4
6603717	2026-06-19 21:14	/home/jacobw/YTchannel/assets/media/prod_2a0d613df2204ee1937630f801a1cf1f/pjob_71f8e25fa91d488c9c3f9d71d8a62525.mp4
6603717	2026-06-19 21:15	/home/jacobw/YTchannel/assets/media/prod_5b6c3c75e7874ba8a26d4489b9960c97/pjob_8f6a5456ab4b49de84c93332e427f36a.mp4
6603717	2026-06-19 21:15	/home/jacobw/YTchannel/assets/media/prod_b3a96d4ecdec4ef0a409aa998f647b27/pjob_b79bf61eebc7492c8ce363d422fe5339.mp4
6603717	2026-06-19 21:15	/home/jacobw/YTchannel/assets/media/prod_f7ee3c918e594f739333c9e137a7ae51/pjob_4da9a71df80c4870acf4ec9a1a5e795c.mp4
6603717	2026-06-19 21:16	/home/jacobw/YTchannel/assets/media/prod_83c4bcdfd74f4ab6b9022923f91466d1/pjob_ad3993557a5a471db6511ee9a5e055dd.mp4
6603717	2026-06-19 21:16	/home/jacobw/YTchannel/assets/media/prod_94502a8d336e4515bb8a82fe108b0f51/pjob_871b7a49ad924cac8c1c6b737667385e.mp4
6603717	2026-06-19 21:17	/home/jacobw/YTchannel/assets/media/prod_94de3c2f416e4092a238de417d9581ac/pjob_2fc3a17d079848e3b03a85879f27b2ae.mp4
6603717	2026-06-19 21:17	/home/jacobw/YTchannel/assets/media/prod_a924fa3486b1444d93aa5d4cc34b8732/pjob_665c24a1c563488d910e4bda4d9f2166.mp4
6603717	2026-06-19 21:17	/home/jacobw/YTchannel/assets/media/prod_f38e021ac5a0475bbadc98c0e6c61826/pjob_f9c7ea5b34e84d68b7cd31a47ffc48fb.mp4
6603717	2026-06-19 21:18	/home/jacobw/YTchannel/assets/media/prod_6254acbe63d449f3b0cc39760144411f/pjob_1e353acb0f0549db8dac7be97909a718.mp4
6603717	2026-06-19 21:27	/home/jacobw/YTchannel/assets/media/prod_d5e48fba1ff44a6a8384fd7e2cd3eba8/pjob_3b7aa154b4dd4e9e9aa80c1ec4b64b3e.mp4
6603717	2026-06-19 21:28	/home/jacobw/YTchannel/assets/media/prod_47dbf6922ca74f3a897a7370f1a37429/pjob_024bd0a0e0fc43899cdb1759a169d77d.mp4
6603717	2026-06-19 21:28	/home/jacobw/YTchannel/assets/media/prod_9c15aac3e4294e0285799583363cbdf1/pjob_50592ee09c9544d28a45d81aef1a5f03.mp4
6603717	2026-06-19 21:28	/home/jacobw/YTchannel/assets/media/prod_bfb0bd597bdb491aa6d87d6bc46c8385/pjob_d938d4ee288544bf9013915afc946478.mp4
6603717	2026-06-19 21:29	/home/jacobw/YTchannel/assets/media/prod_a6262762cfad4aa29fabefe5804d1701/pjob_b5dd1b9ead354558a5209b2a998a88bb.mp4
6603717	2026-06-19 23:17	/home/jacobw/YTchannel/assets/media/prod_d5c82bb4961241beaedf0fa862fa49e1/pjob_30b038730cc84f07bc22b4f848821836.mp4
6603717	2026-06-19 23:18	/home/jacobw/YTchannel/assets/media/prod_5e2f54fba2594da49d7297fa437cb28e/pjob_50f7efd9c7204a6c9fea0d99d606326d.mp4
6603717	2026-06-19 23:18	/home/jacobw/YTchannel/assets/media/prod_5f0b2790eb8649269c71f9ec9be90531/pjob_780b01cbf1c14db18190078291012fc9.mp4
6603717	2026-06-19 23:18	/home/jacobw/YTchannel/assets/media/prod_9b353b76def64e26bc4233e3714a0493/pjob_98f4a483e74f474a837c43d7d67b9a98.mp4
6603717	2026-06-19 23:19	/home/jacobw/YTchannel/assets/media/prod_1106b39e5ff94640a6e88d9a6f936053/pjob_9c8dce8d1c3e456ebdfa71ba87ea87ea.mp4
6603717	2026-06-19 23:19	/home/jacobw/YTchannel/assets/media/prod_54c45fdceb774de891daf37331f67a71/pjob_2ce1d1816f48423c8ec911ad43d4e611.mp4
6603717	2026-06-19 23:19	/home/jacobw/YTchannel/assets/media/prod_7904a1dbbd50438f8995e168db022647/pjob_797575f1f8df4117b3d9185a3bf4c664.mp4
6603717	2026-06-19 23:20	/home/jacobw/YTchannel/assets/media/prod_00a16f9349194fb3a07cceb67175e173/pjob_a04812e626b84a0ba7fa172f99e494a6.mp4
6603717	2026-06-19 23:20	/home/jacobw/YTchannel/assets/media/prod_c9d4c9f6e906433f9d0983087e8e1898/pjob_96abb47b3cd14bdfac00566862b2ef13.mp4
6603717	2026-06-19 23:21	/home/jacobw/YTchannel/assets/media/prod_a52daa8d8e6e4143a200f798d43d80c0/pjob_139bcdf0a7c0494296c12dfb4157fdf0.mp4
6603717	2026-06-20 00:13	/home/jacobw/YTchannel/assets/media/prod_7c378cef6d6c4d37a5444c35920ac39e/pjob_f6e68ed4dbe04edaa882f662f4621ffd.mp4
6603717	2026-06-20 00:14	/home/jacobw/YTchannel/assets/media/prod_8e449e5d698b47098799304beb7e0500/pjob_1d8960b2ad614e18ba86d8465bcca4ef.mp4
6603717	2026-06-20 00:14	/home/jacobw/YTchannel/assets/media/prod_d52f872d75b64aca99df77efbb741e90/pjob_5d14b0b2a97d4c749c37b58084560d98.mp4
6603717	2026-06-20 00:15	/home/jacobw/YTchannel/assets/media/prod_26acbfcf2ea149b68b5c617792256dbc/pjob_6fd6a3080e0442fdaee8eeebef6da3ac.mp4
6603717	2026-06-20 00:15	/home/jacobw/YTchannel/assets/media/prod_9d268e172b7b44f78020ea995d24b679/pjob_151b10e16eed41e7adbdd9c7e6f5048d.mp4
6603717	2026-06-20 00:15	/home/jacobw/YTchannel/assets/media/prod_d6c48a4ce7f14ca3835d026d8355734c/pjob_61cbea95412c4a9e8a12d7cf575b5090.mp4
6603717	2026-06-20 00:16	/home/jacobw/YTchannel/assets/media/prod_094b8ce7e5b94cdbbbb55b1ddb8cb3d4/pjob_9ca9b448f5774b9c812b6d292195dbe2.mp4
6603717	2026-06-20 00:16	/home/jacobw/YTchannel/assets/media/prod_2174a42e9b8f4e0e947851843209fd51/pjob_0902581461c048a7a0881afd41bdaf57.mp4
6603717	2026-06-20 00:16	/home/jacobw/YTchannel/assets/media/prod_99c5dbdd471a4e2880fc99fd1de4b4e9/pjob_b306692649514c90a0397f6e5874bfca.mp4
6603717	2026-06-20 00:17	/home/jacobw/YTchannel/assets/media/prod_c3aea06949084ba0922f6f03744c95ac/pjob_504af8c5747745a296c8da0f2eb83b71.mp4
6603717	2026-06-20 09:57	/home/jacobw/YTchannel/assets/media/prod_f0b6aafd5b5b4e348fb18481b56b591b/pjob_3c41da7a647746e8ba85865314835536.mp4
6603717	2026-06-20 10:00	/home/jacobw/YTchannel/assets/media/prod_898b73d50f294f36ba090b717588a470/pjob_bc7276d8cf6448038260d2cb4fcbab0f.mp4
6603717	2026-06-20 10:00	/home/jacobw/YTchannel/assets/media/prod_d6b460e9b63c48b48e8870fb954f9afc/pjob_6bc26de4f198456eb76d0d89acede462.mp4
6603717	2026-06-20 10:01	/home/jacobw/YTchannel/assets/media/prod_52fb1bb14cf044f6ad97a57b27c49fc4/pjob_26bad55371764b618700e442b68bc342.mp4
6603717	2026-06-20 10:01	/home/jacobw/YTchannel/assets/media/prod_ca6f1bc4b3b240a293d3ab4d7404f320/pjob_f4ac0273ac19450fb85e2bbf3916d59f.mp4
6603717	2026-06-20 10:02	/home/jacobw/YTchannel/assets/media/prod_2f08276a534a4ee6a1039c7d4615250b/pjob_75c0fbf76ce243baad2d2df07238d140.mp4
6603717	2026-06-20 10:02	/home/jacobw/YTchannel/assets/media/prod_3ada3609c11b4d0c8c5f075b26faecbc/pjob_7653f778d8c6411cb02934af8d3fe3a0.mp4
6603717	2026-06-20 10:02	/home/jacobw/YTchannel/assets/media/prod_e8a19a4160c94de089949cef823fa6a0/pjob_691746bd9f404d64b6f74ef568e54e65.mp4
6603717	2026-06-20 10:03	/home/jacobw/YTchannel/assets/media/prod_17c4be16ef4c471ebe9c1e3f1888287b/pjob_5966f1f5a8274491bb40f32e13679f78.mp4
6603717	2026-06-20 10:03	/home/jacobw/YTchannel/assets/media/prod_c1a325cd3ec04112b34a57a58fb0a9e0/pjob_d7e7d5308ea54f0ab7497a54c4cb6c0b.mp4
6603717	2026-06-20 10:04	/home/jacobw/YTchannel/assets/media/prod_02b39d2ba4bb4fb2b16a73a3c1128c41/pjob_9c7408fa03fc44139e3881e860e425cc.mp4
6603717	2026-06-20 10:04	/home/jacobw/YTchannel/assets/media/prod_3941980c9d364404ab9f83ba58d2afec/pjob_1de537512ca8401bb1fe0a0b0880ac81.mp4
6603717	2026-06-20 10:05	/home/jacobw/YTchannel/assets/media/prod_31258b9077684bdea768d6026d444ad1/pjob_90b78bc8e2344280850b8c837f60ea41.mp4
6603717	2026-06-20 10:05	/home/jacobw/YTchannel/assets/media/prod_49f6ea7c152140dca5d8e4e4d8ae9c59/pjob_e66e750a5c3140899520b0f1b922f7e3.mp4
6603717	2026-06-20 10:05	/home/jacobw/YTchannel/assets/media/prod_f50482567652409b9a6ea8d2ef775310/pjob_b25acb63951247959b618dabfcbaab25.mp4
6603717	2026-06-20 10:06	/home/jacobw/YTchannel/assets/media/prod_cb55b73372df4b1a8a2f93908c71d25b/pjob_508f3e581af3401f84bd2cab921187ab.mp4
6603717	2026-06-20 10:07	/home/jacobw/YTchannel/assets/media/prod_04619e1874274aeaa39fcdc383f5306f/pjob_2630137dc1324ebda03ab06cad6a72ba.mp4
6603717	2026-06-20 10:07	/home/jacobw/YTchannel/assets/media/prod_86ce3ae54bce45ceafa3e47e0200ef54/pjob_e79cb68c9bc3463c8c34148d2ea9887c.mp4
6603717	2026-06-20 10:07	/home/jacobw/YTchannel/assets/media/prod_fdd465eb2b794d43898fb856f36c5edd/pjob_734c17a46e2c4409befe1c8c1c9f3cbf.mp4
6603717	2026-06-20 10:08	/home/jacobw/YTchannel/assets/media/prod_d51bfde573f448bcb45f0b42aa777388/pjob_147ae38b79ba4ed39dad7e70f0d21ddd.mp4
6603717	2026-06-20 10:08	/home/jacobw/YTchannel/assets/media/prod_ec691b02bc17448197ddc8c61fc6531f/pjob_e2ac427084f04d54b22d74b0ab64db5d.mp4
6603717	2026-06-20 10:09	/home/jacobw/YTchannel/assets/media/prod_1b9750aadc394d5ab919295214d383ea/pjob_ee0256bb6f694c90a4f767d6e3ede849.mp4
6603717	2026-06-20 10:09	/home/jacobw/YTchannel/assets/media/prod_6424e08007e8427380c7338d864381bc/pjob_63ac8e29bdd54494b4999b20a1bb38f3.mp4
6603717	2026-06-20 10:09	/home/jacobw/YTchannel/assets/media/prod_c29286260b5b4b4eac8e275b1820d9bf/pjob_0270829c215b45dc852e4869d76fc39b.mp4
6603717	2026-06-20 10:10	/home/jacobw/YTchannel/assets/media/prod_5d76262e84c64f5d9adc2c91760ff98d/pjob_263363f83d0142a7a5be6eedf564ebf9.mp4
6603717	2026-06-20 10:10	/home/jacobw/YTchannel/assets/media/prod_cd0f1bbe731d4852b70fa3bd1f64150d/pjob_0b34f94e126d41cf830f6ea307483199.mp4
6603717	2026-06-20 10:11	/home/jacobw/YTchannel/assets/media/prod_4b0a85c982744c98903eb3d36da2c9ff/pjob_8259f8fe5daa4ead94ffb2be07a7b436.mp4
6603717	2026-06-20 10:11	/home/jacobw/YTchannel/assets/media/prod_b89e63b9c8c44e3fbaf3eecb52705b94/pjob_7ad72fcbaa0a4d8e947090f3cc4afcbb.mp4
6603717	2026-06-20 10:12	/home/jacobw/YTchannel/assets/media/prod_7a5da6873ec64442aa80aea17dc915eb/pjob_22930f980036439e9fcc6469e1027b7e.mp4
6603717	2026-06-20 10:12	/home/jacobw/YTchannel/assets/media/prod_9b583ac32bf44b1898eab2b6fc309c10/pjob_a4a19861472746a69a33793013b3127d.mp4
6603717	2026-06-20 10:12	/home/jacobw/YTchannel/assets/media/prod_cc951ede102440579696fc5c531377b6/pjob_dfec733ccd364ad69ecf5b4ddf481745.mp4
6603717	2026-06-20 10:13	/home/jacobw/YTchannel/assets/media/prod_5f4d91cc68e94051aa77410f56005383/pjob_a19ac9f7bc0844a8a8cd06781b9c18f7.mp4
6603717	2026-06-20 10:13	/home/jacobw/YTchannel/assets/media/prod_f032d4ef2ef846139f772c5f6e032e8e/pjob_60041c37cd03471787d3b5e0dfe4994d.mp4
6603717	2026-06-20 10:14	/home/jacobw/YTchannel/assets/media/prod_0804e2bca15749f495f0cc7c930d40bc/pjob_3a46b76fc8c94351bba958c3b6a19d94.mp4
6603717	2026-06-20 10:14	/home/jacobw/YTchannel/assets/media/prod_38c0d49f24ef49ee8aba457814305259/pjob_ef75ce28e56640a18d64770710cfa4a7.mp4
6603717	2026-06-20 10:14	/home/jacobw/YTchannel/assets/media/prod_f18818f435694305b81ab6ac310e5c7f/pjob_7d2a51f2544b4405bc22a1b489541a78.mp4
6603717	2026-06-20 10:38	/home/jacobw/YTchannel/assets/media/prod_a8c740152bac4d15b165b8c6a9cf7d5a/pjob_73a7a5013b70436cb30972b9730dcf65.mp4
6603717	2026-06-20 10:39	/home/jacobw/YTchannel/assets/media/prod_90632ecfd28f46faa244a4eff593bec9/pjob_ff33deda47d5446ea19b9a12162bc15b.mp4
6603717	2026-06-20 10:39	/home/jacobw/YTchannel/assets/media/prod_c7c345f06d9a46caaf7c201b4fd74e04/pjob_7348c6a18d274783aacfb8a11eaa810a.mp4
6603717	2026-06-20 10:40	/home/jacobw/YTchannel/assets/media/prod_e80d780c4b144127b8802fc92d2785ca/pjob_abbc3b594b984353bc2b426135a3fdd7.mp4
6603717	2026-06-20 10:41	/home/jacobw/YTchannel/assets/media/prod_94551e5dbe8049a882735d0bdef67ea3/pjob_a04dc850aa164a4eaac15dda79667259.mp4
6603717	2026-06-20 10:41	/home/jacobw/YTchannel/assets/media/prod_c5a20a8587c64360bc14b4d54c84b695/pjob_4d111f398d2d4a878f31dcb721cb4040.mp4
6603717	2026-06-20 10:42	/home/jacobw/YTchannel/assets/media/prod_6ac42e19946e442f9c7a1d43b743b100/pjob_a98d155084b84cbfbfd7db8f583f2130.mp4
6603717	2026-06-20 10:43	/home/jacobw/YTchannel/assets/media/prod_9826604a2ccf4ac5bfcf51707620beac/pjob_b5c4084c405040249042c80fe095318c.mp4
6603717	2026-06-20 10:43	/home/jacobw/YTchannel/assets/media/prod_a7993b7252754902ac5979e3192cdb2b/pjob_808be78334b84297a8d75d7ed93a67cb.mp4
6603717	2026-06-20 10:44	/home/jacobw/YTchannel/assets/media/prod_0fd8e1355cb94f11825ca38e39095021/pjob_1b76d2d641f146b49f0961d20558d0b0.mp4
6603717	2026-06-20 10:44	/home/jacobw/YTchannel/assets/media/prod_6dd1cf431aee4373a2f5191f6fd15a6c/pjob_f87b8c307ae44c31b06131519cfbfd00.mp4
6603717	2026-06-20 10:44	/home/jacobw/YTchannel/assets/media/prod_911b51c63bbb4b7ab66595660a5f5a51/pjob_c2e53d82023541a68c7d4ee5417955e8.mp4
6603717	2026-06-20 10:45	/home/jacobw/YTchannel/assets/media/prod_a31dcee0fe1e45bd995667659747b9c9/pjob_80e4681d742b43588824777c1fe9b5f2.mp4
6603717	2026-06-20 10:45	/home/jacobw/YTchannel/assets/media/prod_da141984e2c1468fa671887b59534a15/pjob_6a2e8649fb764953bc24489a5951dd82.mp4
6603717	2026-06-20 10:46	/home/jacobw/YTchannel/assets/media/prod_362899a8e0184293821c283e744569e4/pjob_f34b50e8e97b4d16b3957025bf2b2695.mp4
6603717	2026-06-20 10:46	/home/jacobw/YTchannel/assets/media/prod_60173d0a5f5040a8ada01b707150e901/pjob_e62bbd3dba4e4d42a8a5e1cd5a07f4a1.mp4
6603717	2026-06-20 12:04	/home/jacobw/YTchannel/assets/media/prod_a2efa550033a45d09494911825d0fe89/pjob_4d4306df2fc14d5aaea9778314eac9a0.mp4
6603717	2026-06-20 12:04	/home/jacobw/YTchannel/assets/media/prod_df9c339a75ab407698f3f248ce61eea6/pjob_e7c6f47997fb4e89950d5b2039a81109.mp4
6603717	2026-06-20 12:04	/home/jacobw/YTchannel/assets/media/prod_e4281e8aacac41a38a5be20b563a1830/pjob_c805147c448a42518f8818811d22f335.mp4
6603717	2026-06-20 12:06	/home/jacobw/YTchannel/assets/media/prod_1780cd0901504cfba60e538f691512cc/pjob_c97e1bd4aeca48c782004ab435734578.mp4
6603717	2026-06-20 12:06	/home/jacobw/YTchannel/assets/media/prod_80a26baed9e34550afb1e5eb05906205/pjob_0758eefa761b482fac118e765fe06d7c.mp4
6603717	2026-06-20 12:07	/home/jacobw/YTchannel/assets/media/prod_17a746d6f26c41df9266007a05d79f5c/pjob_bdd203f33cee4534acfbdf779851d0b9.mp4
6603717	2026-06-20 12:07	/home/jacobw/YTchannel/assets/media/prod_4445fd9ec6e0445d8d0004c9c332d933/pjob_b0e6bcd4241045378bf70cd4fd7842dc.mp4
6603717	2026-06-20 12:07	/home/jacobw/YTchannel/assets/media/prod_6d7fbfbbfd684448858074c34198a86a/pjob_d561b4146bfb4f898b0374c94fe3eb1d.mp4
6603717	2026-06-20 12:08	/home/jacobw/YTchannel/assets/media/prod_4314c88a63e94af1a460b15899ca769b/pjob_45b70052f16f455598efec5bfbe262b0.mp4
6603717	2026-06-20 12:08	/home/jacobw/YTchannel/assets/media/prod_680328eb51324863be73943f7078ffea/pjob_3cdafc45d85b4c0c9052ce78b994fbe8.mp4
6603717	2026-06-20 12:08	/home/jacobw/YTchannel/assets/media/prod_b64ebbede17f4475b053203e9ab18771/pjob_5d60ba2ce52945b696f0bd29424fd5a4.mp4
6603717	2026-06-20 12:09	/home/jacobw/YTchannel/assets/media/prod_64eac0c0570f40dc947fc9e444c16fd3/pjob_b56f512a43c54a7d9baf53d52960f571.mp4
6603717	2026-06-20 12:09	/home/jacobw/YTchannel/assets/media/prod_bbb4d7e99e6e44cd88fe2466a7988088/pjob_05cb530ea54144d2a0a44cfdd6de5059.mp4
6603717	2026-06-20 12:25	/home/jacobw/YTchannel/assets/media/prod_78a90ab5ed2f4c8494d2b1f6d98e868b/pjob_181a2ff6c09648df8e7eba16d2413fee.mp4
6603717	2026-06-20 12:25	/home/jacobw/YTchannel/assets/media/prod_e4fc11f9b5024c1da36c6511716345e4/pjob_1c04f760a43a419bbed3e2c29c3998e1.mp4
6603717	2026-06-20 12:26	/home/jacobw/YTchannel/assets/media/prod_e0083fb871f64b79a34f53829908cb38/pjob_a343c3ffb1924bfdb201a493e4ac8776.mp4
6603717	2026-06-20 12:27	/home/jacobw/YTchannel/assets/media/prod_3e63a337a5d34874a30e9aebdc9dc53c/pjob_d9efa48adf4245b3a8444cd5da24d572.mp4
6603717	2026-06-20 12:27	/home/jacobw/YTchannel/assets/media/prod_c871f6e8cb29428588407d92a54c4325/pjob_439a6c614f6c4fef8b8dd250465047ad.mp4
6603717	2026-06-20 12:28	/home/jacobw/YTchannel/assets/media/prod_2a6ed34648384a0cb800c0a146691f1c/pjob_cd7e93049fba4af99a83fd94820515d2.mp4
6603717	2026-06-20 12:28	/home/jacobw/YTchannel/assets/media/prod_2fdf2a5989b545d7be58210ebc969e29/pjob_9fe3e864bab448babd3524a617288ce0.mp4
6603717	2026-06-20 12:28	/home/jacobw/YTchannel/assets/media/prod_548bda61e4824121850c96283fdb50eb/pjob_fa5744bc32864f2799275652a55a1cbe.mp4
6603717	2026-06-20 12:29	/home/jacobw/YTchannel/assets/media/prod_66fc5dfe045b460ca4cea6ff942bedf0/pjob_767d6bdc98c84c86b819bd1132e1130e.mp4
6603717	2026-06-20 12:29	/home/jacobw/YTchannel/assets/media/prod_f7c5f307c90e41838de499c176535f34/pjob_fe5f251ca0244381bd0bc7babc12f3e5.mp4
6603717	2026-06-20 12:30	/home/jacobw/YTchannel/assets/media/prod_846945b9b913479782cf925eec47033d/pjob_953d8d5b6e9a473db59f68f4b9ad8daf.mp4
6603717	2026-06-20 12:30	/home/jacobw/YTchannel/assets/media/prod_d25c3a3d8a4748e684de4becc2884194/pjob_e952eef352284d99b64039ae610e614b.mp4
6603717	2026-06-20 12:30	/home/jacobw/YTchannel/assets/media/prod_e72b81c82300492dbb5c5c0d3578984f/pjob_6667b6f19d7f472c8513d2c389a51e06.mp4
6603717	2026-06-20 12:56	/home/jacobw/YTchannel/assets/media/prod_47344dad39a9461fb015c28bc0b15b82/pjob_8901df218a0b4fd9a7ed03398bfd76ac.mp4
6603717	2026-06-20 13:04	/home/jacobw/YTchannel/assets/media/prod_f74962c0f308432c9e3a3df3422c0a4e/pjob_67b22c534f684f0c8f17d9c5ef904a0b.mp4
6603717	2026-06-20 13:05	/home/jacobw/YTchannel/assets/media/prod_613f20d7ca5e4c61ae50c0f3714ebe5d/pjob_48426bfff4a9412490ea4c097538f14c.mp4
6603717	2026-06-20 13:06	/home/jacobw/YTchannel/assets/media/prod_3ee3bde01ba44234b683c407bbec84b0/pjob_2f06b6087577449d82f99efd420bb3a7.mp4
6603717	2026-06-20 13:07	/home/jacobw/YTchannel/assets/media/prod_a66c3866b0ad4d9fa34539adac92824b/pjob_9b1c93c853484338a4516455b30a7a8c.mp4
6603717	2026-06-20 13:08	/home/jacobw/YTchannel/assets/media/prod_eacebca84f98469b9f339158a6997200/pjob_229827e03f3e41158f6f360c969901f5.mp4
6603717	2026-06-20 13:09	/home/jacobw/YTchannel/assets/media/prod_543ef8b9f6d54a65bcdb2a5558208411/pjob_ea166a95719f47ad9947c6f03c86f32a.mp4
6603717	2026-06-20 13:09	/home/jacobw/YTchannel/assets/media/prod_d0032e0ec4cb41e5a30db42e51d951ed/pjob_739698157bf54ae4810ac35fbf55688b.mp4
6603717	2026-06-20 13:10	/home/jacobw/YTchannel/assets/media/prod_b4dd6920a010465d83d9e9a670c8e3a5/pjob_b00c0607c9c6410baacedbf872f44b96.mp4
6603717	2026-06-20 13:11	/home/jacobw/YTchannel/assets/media/prod_743aa1bbb80349fe9463274cd09b464f/pjob_da158e4e815a4c7ea931efc763182df0.mp4
6603717	2026-06-20 13:12	/home/jacobw/YTchannel/assets/media/prod_4c152e14e7ef4343be77cf98c1057cdf/pjob_b3f4ffe91aef4aee828c42bfec508064.mp4
6603717	2026-06-20 13:13	/home/jacobw/YTchannel/assets/media/prod_2fbe3db0fa134b94905280db0277b2b2/pjob_64cb7b7a3b8348e19318f9d6dd6f6624.mp4
6603717	2026-06-20 13:47	/home/jacobw/YTchannel/assets/media/prod_844aabba0a7b40f38da9f5582abbe737/pjob_ba7795e455164cdda5962ae2fb89d51e.mp4
6603717	2026-06-20 13:48	/home/jacobw/YTchannel/assets/media/prod_d601b7a549e9486ca3e76fb9786f3f24/pjob_c2b90d4a84ed4ba6bd4a24b1233ebda1.mp4
6603717	2026-06-20 13:49	/home/jacobw/YTchannel/assets/media/prod_4070e06189014e27b92d053049a026b1/pjob_6cd67cdbcabd42bb928ab67b0926d6fd.mp4
6603717	2026-06-20 13:50	/home/jacobw/YTchannel/assets/media/prod_49f0294ae49946b98130df95402448d2/pjob_2b4f7db4137341fd9646010cbea7bc5b.mp4
6603717	2026-06-20 13:51	/home/jacobw/YTchannel/assets/media/prod_c335847ae57847308e7f837a0abee796/pjob_1bc5e635a1dd46dd84476a81dc35d7c3.mp4
6603717	2026-06-20 13:51	/home/jacobw/YTchannel/assets/media/prod_d8c33097802b4f0fbee88506ac1e82c5/pjob_73fb0e8bd04c4569b1861bbcaa29e5e8.mp4
6603717	2026-06-20 13:52	/home/jacobw/YTchannel/assets/media/prod_433ccccbbd6146d8ba7e9c04ae1ffff9/pjob_9da7c4cdfebc41249f60dd15d798fc24.mp4
6603717	2026-06-20 13:53	/home/jacobw/YTchannel/assets/media/prod_7ffdd61bb45a4541860f39926d7f025e/pjob_8658de93199b44d38aef8cf1c8c4c9cf.mp4
6603717	2026-06-20 13:54	/home/jacobw/YTchannel/assets/media/prod_df86c74be45f454fa617c5d8b8c72154/pjob_87c187e32f0a459b8aadf0d96ab8c6fb.mp4
6603717	2026-06-20 13:55	/home/jacobw/YTchannel/assets/media/prod_941c27d2efb84c87a4032a7095a42e96/pjob_1ef02ec8f435461cb6e808037a7cdd78.mp4
6603717	2026-06-20 13:56	/home/jacobw/YTchannel/assets/media/prod_0d486b7c062a47e6bf9204c407e1c4c3/pjob_9a24730fec8544e988986211c97d1e3c.mp4
6603717	2026-06-20 16:56	/home/jacobw/YTchannel/assets/media/prod_003f2541c79649c6a4cd03eb9c005b34/pjob_4ff7652db447427ab0623d64e5afe1d3.mp4
6603717	2026-06-20 16:57	/home/jacobw/YTchannel/assets/media/prod_2bb86b48ae3d44cdaa4878c31571305b/pjob_c57c66c5c423404580b7bbdd3c3652c9.mp4
6603717	2026-06-20 16:58	/home/jacobw/YTchannel/assets/media/prod_3ee5770219344df78cbb224b8665914b/pjob_13fa79daec2943348f87f4e052cdb0c9.mp4
6603717	2026-06-20 16:59	/home/jacobw/YTchannel/assets/media/prod_39e34cd0d4674c088eddde67100a6be4/pjob_fd259989bcb44558a6c633f423e226f0.mp4
6603717	2026-06-20 17:00	/home/jacobw/YTchannel/assets/media/prod_020e53e741734588ba55978db1534b68/pjob_b1ce84e3c0dd483f9a2fde479e0372cf.mp4
6603717	2026-06-20 17:00	/home/jacobw/YTchannel/assets/media/prod_4f9fc1716dc94c5ba1d05843f9e72e58/pjob_dfa68fed86de4795aab843d3555be693.mp4
6603717	2026-06-20 20:55	/home/jacobw/YTchannel/assets/media/prod_9767dee9166f4101ad9eaed95dab77fe/pjob_8d9bb62b802748589e3df7450adde5a4.mp4
6603717	2026-06-20 20:55	/home/jacobw/YTchannel/assets/media/prod_a5fb9c3226374d3d89fc6757c5551488/pjob_781cce015e6d4a96b01049cdedd930ff.mp4
6603717	2026-06-20 20:56	/home/jacobw/YTchannel/assets/media/prod_2832c329f05a4ca0a7c34cf4993a1052/pjob_bc314fe83e644f8484d1a72a0d2ca407.mp4
6603717	2026-06-20 20:56	/home/jacobw/YTchannel/assets/media/prod_5bc7e49f323f41a1830cdaa7348a2255/pjob_8fbbfc10a17048aab49a8a25af14f068.mp4
6603717	2026-06-20 20:56	/home/jacobw/YTchannel/assets/media/prod_7cdbc5f95cce470ca99981ccfd6f82ce/pjob_be31863ba18749a09af2dc42b351faf3.mp4
6603717	2026-06-20 20:56	/home/jacobw/YTchannel/assets/media/prod_c90d1788aabf40e4b32d04175a8703dc/pjob_b021cae88644491f8a3aa460172123d1.mp4
6603717	2026-06-20 20:56	/home/jacobw/YTchannel/assets/media/prod_d0feb04e88ca4acf9f6a194b0c23a85e/pjob_f85ab0f2185c464f8f9e5ea6d860f9e0.mp4
6603717	2026-06-20 21:02	/home/jacobw/YTchannel/assets/media/prod_08582b0e66e24c3abc08a5e8fb8aec41/pjob_5f85a0b721154a99a23d2dea4220ffee.mp4
6603717	2026-06-20 21:02	/home/jacobw/YTchannel/assets/media/prod_3ecba6bb20e24ee3a9e8f40d669fcf40/pjob_5bc7cb54e1644d2b9512106878fd4ea0.mp4
6603717	2026-06-20 21:02	/home/jacobw/YTchannel/assets/media/prod_447485ad16cd4ad58767b41d5bdef23a/pjob_1b7a35b74176408e8f969e6f4e4375ab.mp4
6603717	2026-06-20 21:02	/home/jacobw/YTchannel/assets/media/prod_55dc9889c755422e90062b653b3dbff0/pjob_d8166ae05e72490080ad7304c5eed45f.mp4
6603717	2026-06-20 21:02	/home/jacobw/YTchannel/assets/media/prod_f9c17e979ba74766819ad6d2df427232/pjob_bb5cf5c7e46346aca6f181fa6c9efb75.mp4
6603717	2026-06-20 21:03	/home/jacobw/YTchannel/assets/media/prod_47e53a56d61041b0b5b84465cc3a4c6a/pjob_ae16432e20284bf390336888947f2457.mp4
6603717	2026-06-20 21:03	/home/jacobw/YTchannel/assets/media/prod_6d96cd4bcbd7406285a26b99aa4fceba/pjob_8e008a5631cf46778fbd9803c3edc9ec.mp4
6603717	2026-06-20 21:08	/home/jacobw/YTchannel/assets/media/prod_077f1f05e6424381b054fadfc3d08a78/pjob_74c77cb2730f4fae92f84dfa4609bd7d.mp4
6855307	2026-06-13 00:23	/home/jacobw/YTchannel/assets/media/005_layered_encoding/B030.mp4
6861433	2026-06-20 10:33	/home/jacobw/YTchannel/assets/media/prod_39ae161f58b24f3497f027026e078efb/pjob_26aae922ec174393973dbced108457a8.mp4
6861433	2026-06-20 10:36	/home/jacobw/YTchannel/assets/media/prod_1be44194a3204920935ccdea87a791ea/pjob_082b90f9deb143bdbe7728b8f244a0b3.mp4
6861433	2026-06-20 10:36	/home/jacobw/YTchannel/assets/media/prod_2f054a10c15841f4ae3ef1f6592b49b5/pjob_be5db8814d9b4328ac927595c9bdc608.mp4
6861433	2026-06-20 10:36	/home/jacobw/YTchannel/assets/media/prod_473b0ececfee4a808825e637aee5079d/pjob_2d5961135e4a4322b95e23a16face141.mp4
6861433	2026-06-20 10:37	/home/jacobw/YTchannel/assets/media/prod_53c8f58c103842239ceab015ab4ac303/pjob_9e19db05566244518462882fdc450e64.mp4
6861433	2026-06-20 10:38	/home/jacobw/YTchannel/assets/media/prod_55bfe122653c437983b13356e6c4b98b/pjob_18d1c81cdd10471299f9513c369bee7e.mp4
6861433	2026-06-20 10:38	/home/jacobw/YTchannel/assets/media/prod_b0bda52b88b5434eb15a829c20ff9072/pjob_ad3343042fb848b6a35d48d0f0a3856d.mp4
6861433	2026-06-20 10:38	/home/jacobw/YTchannel/assets/media/prod_eea9af936eb645a096134bdabcbb36d7/pjob_371bae0baddd43d1af42780558c56b5d.mp4
6861433	2026-06-20 10:49	/home/jacobw/YTchannel/assets/media/prod_b6c22c7d1e3f40c69501642cacf13aa0/pjob_b812455355a743c197338139d5ffb19d.mp4
6861433	2026-06-20 10:49	/home/jacobw/YTchannel/assets/media/prod_b7dab295460c473f855b72b00cae4ee9/pjob_bfb37501df9e42be8914ded518f7b2f8.mp4
6861433	2026-06-20 10:49	/home/jacobw/YTchannel/assets/media/prod_c030da439cc04dfabd3dbea52357c832/pjob_a54e4150eccc407d9c833f64c9a9d2f3.mp4
6861433	2026-06-20 12:03	/home/jacobw/YTchannel/assets/media/prod_cdb28dd118624fa889d15e005131fb66/pjob_e07a55b702524982a5901bb89af52d05.mp4
6861433	2026-06-20 12:03	/home/jacobw/YTchannel/assets/media/prod_d9acbaf42ef942819e932027635f105b/pjob_998a6a32f35e4e84a8916071da2051e8.mp4
6861433	2026-06-20 12:03	/home/jacobw/YTchannel/assets/media/prod_e15fade789624eb699a6502f7b56cb0c/pjob_75b6376ffc4846c6ac1e2b1d2c7cfc8d.mp4
6861433	2026-06-20 12:12	/home/jacobw/YTchannel/assets/media/prod_3c94de0aa9164923ba2dd8565d2956af/pjob_442b1e4fcfa54183a49eccc8c6d56011.mp4
6861433	2026-06-20 12:12	/home/jacobw/YTchannel/assets/media/prod_6bebb16ddad049f9a1466793828e4f27/pjob_2dfd58ce6bc24fe7978bd9b5390cf675.mp4
6861433	2026-06-20 12:12	/home/jacobw/YTchannel/assets/media/prod_a58676ddda074b4a9a1d8b1ed8a093c0/pjob_3cd0f542557d455eae0229dd64b8e21e.mp4
6861433	2026-06-20 12:25	/home/jacobw/YTchannel/assets/media/prod_216f50278de549cf85ab89e2a813b14f/pjob_37f612c7a8e64b8681c4642e414a44c2.mp4
6861433	2026-06-20 12:25	/home/jacobw/YTchannel/assets/media/prod_904ed8083503432ea582c3ea0bf60bb5/pjob_3dca1967b7e04e66af54640202cf7f84.mp4
6861433	2026-06-20 12:25	/home/jacobw/YTchannel/assets/media/prod_e2122cc7df964141975770efc930761e/pjob_09fa92e5cbe84d1f80a9a06323d285c7.mp4
6861433	2026-06-20 12:33	/home/jacobw/YTchannel/assets/media/prod_16a2050a20264fd491e95d0dede1a840/pjob_8d64d9c6bc374a3592aad3dceaed2452.mp4
6861433	2026-06-20 12:33	/home/jacobw/YTchannel/assets/media/prod_c37d89cb1569488591ef7bfe6f766346/pjob_1f5ac9ad0d7e4031ab83db774019fe2b.mp4
6861433	2026-06-20 12:33	/home/jacobw/YTchannel/assets/media/prod_cd51f94e4e804a4c846f7d018b5909dc/pjob_a881eacdefe54aed8993b011949c0441.mp4
6861433	2026-06-20 12:53	/home/jacobw/YTchannel/assets/media/prod_c0ecebe516de4d5da32f5b782e0dc862/pjob_e7df8fc38809465f8dcafd92c881b5e1.mp4
6861433	2026-06-20 12:54	/home/jacobw/YTchannel/assets/media/prod_5fd20825be3e462e8ac10a3a71f27708/pjob_9cb40ca6aeec427191575390ee0c5b01.mp4
6861433	2026-06-20 12:54	/home/jacobw/YTchannel/assets/media/prod_7fa57ded66b54b50bbbf773ad49757dc/pjob_5bb610f08b2645459850b781ddd06470.mp4
6861433	2026-06-20 12:55	/home/jacobw/YTchannel/assets/media/prod_3585f021e10c42f8a075dd7735a42ddf/pjob_2401f00c75e943a8b44dfae6e7532b60.mp4
6861433	2026-06-20 12:55	/home/jacobw/YTchannel/assets/media/prod_6e8788dfae09443097095797666a1eca/pjob_7ba829b931e04ef282ac2e1626523acf.mp4
6861433	2026-06-20 13:04	/home/jacobw/YTchannel/assets/media/prod_c2ef0b1cb6d34667b311a77f285fa71f/pjob_b529a0f2602749c18f93a7e5406d8cb4.mp4
6861433	2026-06-20 13:04	/home/jacobw/YTchannel/assets/media/prod_d089f0318eaa461987b9827591d1e468/pjob_0c506b708bb54466aab61bd971385a5a.mp4
6861433	2026-06-20 13:16	/home/jacobw/YTchannel/assets/media/prod_21dae0f76e7942df8146a125c02a7044/pjob_99d8e13a8bd5422984decd49ebf1a720.mp4
6861433	2026-06-20 13:17	/home/jacobw/YTchannel/assets/media/prod_4ec14f821a7245dbb67f99809237c112/pjob_fe9c48183d4a481e994902240a22ec1e.mp4
6861433	2026-06-20 13:17	/home/jacobw/YTchannel/assets/media/prod_5d3ca451773c4286ac7fc7bea39e268b/pjob_77f6dbaa24e54c46b1a0e220595a445f.mp4
6861433	2026-06-20 13:17	/home/jacobw/YTchannel/assets/media/prod_b18f74e4bcbf49cd85b807dcb054697a/pjob_6fba81682aa0426e8817fb0ae1a4a851.mp4
6861433	2026-06-20 13:17	/home/jacobw/YTchannel/assets/media/prod_b4b28bb212f7408fb7c0e084d69ebda7/pjob_ce00644bd28547078d64788254fe567c.mp4
6861433	2026-06-20 13:45	/home/jacobw/YTchannel/assets/media/prod_7dad2058cfee4ffc83f7318f00f52e44/pjob_ed6dd33d99c84759ab50abcff873a436.mp4
6861433	2026-06-20 13:45	/home/jacobw/YTchannel/assets/media/prod_93c2ef089a654cef9d53659cdb7730f9/pjob_09d8c39f1e8849d489b045c36874ff3d.mp4
6861433	2026-06-20 13:46	/home/jacobw/YTchannel/assets/media/prod_6211c7a175ea4efe88cc990574e5715f/pjob_534af4b909e14d2b9e7e9d50620c41c6.mp4
6861433	2026-06-20 13:46	/home/jacobw/YTchannel/assets/media/prod_e3f40af4531145e2a1a7cf7dd6de6007/pjob_e0925982af4c4780ad26ca228e1e8bc9.mp4
6861433	2026-06-20 13:59	/home/jacobw/YTchannel/assets/media/prod_3571170b91314157bdabb56c2b7d335f/pjob_6886af4f65604088ac6f146e4be4ccff.mp4
6861433	2026-06-20 13:59	/home/jacobw/YTchannel/assets/media/prod_79e084610c1b471c944625dd8c1fcb0e/pjob_7dc249c376944a2881f2aabfc5b29420.mp4
6861433	2026-06-20 13:59	/home/jacobw/YTchannel/assets/media/prod_e22e6d03a9b84ad5ba870c8fa0779878/pjob_63b2a2822a3940b5b7e0dff02bbb353a.mp4
6861433	2026-06-20 13:59	/home/jacobw/YTchannel/assets/media/prod_fbe6776d1b5a4062b860e24ef41a47e6/pjob_ec1410fa750d48ffb971c6d374fd60d8.mp4
6861433	2026-06-20 14:00	/home/jacobw/YTchannel/assets/media/prod_055177b004a7442987d849d2c017eb54/pjob_e3b048155c024bb2abd410d8286425fa.mp4
6861433	2026-06-20 14:22	/home/jacobw/YTchannel/assets/media/prod_39a333ebcead4bd49d09cf38c8772325/pjob_df81de53388f43c1bd2d05e4b728d95e.mp4
6861433	2026-06-20 14:22	/home/jacobw/YTchannel/assets/media/prod_3d11bc4c19494f8486c61cc4e19836b9/pjob_3ce6f50d437641f9bc5a29c9a4179acf.mp4
6861433	2026-06-20 14:22	/home/jacobw/YTchannel/assets/media/prod_4abf4004f5fa42e7bc8f9d2d92b01fc9/pjob_7a7d644590b74bd8bf0bd8f2504659d3.mp4
6861433	2026-06-20 14:22	/home/jacobw/YTchannel/assets/media/prod_65af16bb090b4099afb0ac082e0ca8ea/pjob_2bfaf44123c24134a0c6b76208c67bdc.mp4
6861433	2026-06-20 14:22	/home/jacobw/YTchannel/assets/media/prod_db1f695bfb2746368f7c08f334436eef/pjob_52926dc80686467a9b8f67e1651c80ec.mp4
6861433	2026-06-20 17:33	/home/jacobw/YTchannel/assets/media/prod_21fc2c82631a4e509bf7c394eecc6158/pjob_51227a6708444488aae81cb8617f46f5.mp4
6861433	2026-06-20 17:33	/home/jacobw/YTchannel/assets/media/prod_2d8579bce6bc49ad98fb5ad5d87661ba/pjob_06a0f9af205a40f9b5aa2c9f9870542b.mp4
6861433	2026-06-20 17:33	/home/jacobw/YTchannel/assets/media/prod_3fc5d9e25f7c44c6b2ebb10bb67ba4e3/pjob_8542f61caa8948fd9ede63ffcd373c71.mp4
6861433	2026-06-20 17:33	/home/jacobw/YTchannel/assets/media/prod_d93a7d9e91444e98990af2313dc801f2/pjob_ba1151daedc34757b4a1e737d26dac71.mp4
6861433	2026-06-20 17:33	/home/jacobw/YTchannel/assets/media/prod_e2f1f63b9dfc4499bf0c7a9d73e0016b/pjob_46354e4d96d3453a88cbfce92110d3b9.mp4
7054191	2026-06-13 00:58	/home/jacobw/YTchannel/assets/media/007_contextual_bridging/B051.mp4
7226721	2026-06-13 01:36	/home/jacobw/YTchannel/assets/media/009_cta/B088.mp4
8040680	2026-06-20 19:34	/home/jacobw/YTchannel/assets/media/prod_58eba01e58fd43939feb518711a49576/pjob_629d8be900d34a4ab128e1c1ba7842fa.mp4
8430290	2026-06-18 15:29	/home/jacobw/YTchannel/assets/media/prod_92605736e62e40899b77ab9ea314be23/pjob_52b003252189449cb1d294ea13b96c00.mp4
8430290	2026-06-18 15:30	/home/jacobw/YTchannel/assets/media/prod_5ccbc0124eb047b8ae63be04e20a9865/pjob_d56801dda2674186b8c95c82bc63d078.mp4
8430290	2026-06-18 15:31	/home/jacobw/YTchannel/assets/media/prod_01ddfd49b72f4a94a4d14c957a7e284b/pjob_4b7cec8fd9be42129a8d7e3b40fd38a0.mp4
8430290	2026-06-18 15:33	/home/jacobw/YTchannel/assets/media/prod_731c57b3c7b449098538732d4ea7d133/pjob_3e217c1c43504c8ba6abfbaaf5226393.mp4
8430290	2026-06-18 15:36	/home/jacobw/YTchannel/assets/media/prod_b040534ee9c54720840ca03e56e08962/pjob_56c9e9655e3a42598eba0390efad64b6.mp4
8430290	2026-06-18 15:38	/home/jacobw/YTchannel/assets/media/prod_0bced67a9ff243bbad6410ce2599f8cb/pjob_f8ecef03c7d342518341990b48636dca.mp4
8430290	2026-06-18 15:39	/home/jacobw/YTchannel/assets/media/prod_e37dc8799ddc475dbff54bccca95b3b7/pjob_7fb7032466664c44af991b34163f89e0.mp4
8430290	2026-06-18 15:39	/home/jacobw/YTchannel/assets/media/prod_e37dc8799ddc475dbff54bccca95b3b7/pjob_eef31a186b5e4a598246f11727d0f55a.mp4
8430290	2026-06-18 15:41	/home/jacobw/YTchannel/assets/media/prod_d91002b99be148718acb6a1bb013e172/pjob_eec1367beecc429cb8c88aa9eefc738c.mp4
8430290	2026-06-18 15:45	/home/jacobw/YTchannel/assets/media/prod_e7a087697bd145f2b4e3653b2802b939/pjob_ad91b2b22ae24006a9ae1f6645fc3744.mp4
8430290	2026-06-18 15:45	/home/jacobw/YTchannel/assets/media/prod_ed60e7661fab497d8e080351d728bcd5/pjob_2955ac82de394738a35b466a866155b8.mp4
8430290	2026-06-18 15:46	/home/jacobw/YTchannel/assets/media/prod_629a2237f6cd4a91bed095c56147d778/pjob_65c08b2345d244bd9041502f047d0ed3.mp4
8430290	2026-06-18 15:47	/home/jacobw/YTchannel/assets/media/prod_72691471f3e04296a990147b65dd7635/pjob_529bdb2263624f6bbd5d1673c9f57ea2.mp4
8430290	2026-06-18 15:47	/home/jacobw/YTchannel/assets/media/prod_e5cdda87ba3c439b8e275a5904ff7bc0/pjob_6fa696ee1ceb42aa8ad3eb8bdc8bf79a.mp4
8430290	2026-06-18 15:48	/home/jacobw/YTchannel/assets/media/prod_2af83c84df1041ccab08c11378467142/pjob_866be50317684d2292cae84acf4038dd.mp4
8430290	2026-06-18 15:48	/home/jacobw/YTchannel/assets/media/prod_9fc604145b96477e8115a5bc1ad42fb2/pjob_3f5aad6cf931432996ed7cfa26198be9.mp4
8430290	2026-06-18 15:48	/home/jacobw/YTchannel/assets/media/prod_fec71ef724d649cc8da0f3a1dccb2def/pjob_cd2c07ddf9074927b1ff3cee137cb4a2.mp4
8430290	2026-06-18 15:49	/home/jacobw/YTchannel/assets/media/prod_92b7aa5856134c35bc8098ce95762fbc/pjob_0059584af91b4315b706016d5262bca0.mp4
8430290	2026-06-18 15:49	/home/jacobw/YTchannel/assets/media/prod_a779c5ef5d9e4664b36ba8721092e27b/pjob_826e030792ce43499f429d9ffe516503.mp4
8430290	2026-06-18 15:50	/home/jacobw/YTchannel/assets/media/prod_c7cdf43cf6d2400e99850ed283e273c5/pjob_8d96b495d0514a2b85817312b8830a80.mp4
8430290	2026-06-18 15:51	/home/jacobw/YTchannel/assets/media/prod_e872819917eb417d9de222925d25de03/pjob_07b44bd6c72c480896cb0dd27f181060.mp4
8430290	2026-06-18 15:52	/home/jacobw/YTchannel/assets/media/prod_7998c98f54fc4256afa84d1814920bc8/pjob_07b90cbeb0374faab72ca85aba90f4a0.mp4
8430290	2026-06-18 15:52	/home/jacobw/YTchannel/assets/media/prod_d6d335e2b9df4aa68f2c41c77781a35c/pjob_af43e15cf6dd4495b90562c997ce4e40.mp4
8430290	2026-06-18 15:52	/home/jacobw/YTchannel/assets/media/prod_ead8ff7f11754c6ba44c39db8b8eed32/pjob_14a60997698c4cacacab4c1967f9fe1b.mp4
8430290	2026-06-18 15:53	/home/jacobw/YTchannel/assets/media/prod_984771539b2d4f4b9c706775b1b8b413/pjob_213947ed384c4a27bdec8910d520ea59.mp4
8430290	2026-06-18 15:53	/home/jacobw/YTchannel/assets/media/prod_f36d8a8bb7fe4a3fae628b00037e2f8f/pjob_35aed4cb8b1b4df3afb80ea45eae60e3.mp4
8430290	2026-06-18 15:54	/home/jacobw/YTchannel/assets/media/prod_4020cdc3567b45f49111b9523c2fc360/pjob_c17b876ce9424258aff9c12a736980db.mp4
8430290	2026-06-18 15:54	/home/jacobw/YTchannel/assets/media/prod_50dbd7a7a9c04fe3970ce963e4ae632f/pjob_5189ce9c0fb74a208567ace392a38d4f.mp4
8430290	2026-06-18 15:54	/home/jacobw/YTchannel/assets/media/prod_61c4bd4522184d47bf0a6eca6f080769/pjob_e96388f7c5b2470098b7da208363e025.mp4
8430290	2026-06-18 15:55	/home/jacobw/YTchannel/assets/media/prod_eed729ace0df4953b94e50d331d68d80/pjob_c25869ba7fa84798a696ba81527cb96c.mp4
8430290	2026-06-18 20:42	/home/jacobw/YTchannel/assets/media/prod_e727b1c1a58642eeb2f03cf4ee1d651d/pjob_ff62ce76294540b0a0d4431c46ae439e.mp4
8430290	2026-06-18 22:15	/home/jacobw/YTchannel/assets/media/prod_9a44407be0884fd0b9646932fa3a4653/pjob_b09e9dc95f0e43c7b4e2d2ac992d823f.mp4
8430290	2026-06-18 22:15	/home/jacobw/YTchannel/assets/media/prod_dddea302002642dea824d52778908b72/pjob_2731bad7914846fca819678a6d489340.mp4
8430290	2026-06-18 22:16	/home/jacobw/YTchannel/assets/media/prod_8570f117bbd3480386fed01152f0e70e/pjob_af8f358d25694a16bcdb3f9e5c6472fd.mp4
8430290	2026-06-18 22:16	/home/jacobw/YTchannel/assets/media/prod_e018e872c8bd43c0a870fa1bf6ebe168/pjob_88b7e58e01aa45608e90208dd0a566d5.mp4
8430290	2026-06-18 22:17	/home/jacobw/YTchannel/assets/media/prod_0237c58c2d5c4e8a8079f82fc7aa0781/pjob_c03719a54ab14daead339ee2636f3047.mp4
8430290	2026-06-18 22:17	/home/jacobw/YTchannel/assets/media/prod_a87095ec9d774454b82ce86e1032f815/pjob_a7e0ff9a41c24a98b09104e7f6690acb.mp4
8430290	2026-06-18 22:17	/home/jacobw/YTchannel/assets/media/prod_f36bcfd4ca3a4fefaad5e94ac20aef39/pjob_7a890cbc1c774f32b57d8c8fccfb6191.mp4
8430290	2026-06-18 22:18	/home/jacobw/YTchannel/assets/media/prod_867e103a663c4aa7b5d277ef206b1acb/pjob_f2533da285344d08baf7185aa2aa50f8.mp4
8430290	2026-06-18 22:18	/home/jacobw/YTchannel/assets/media/prod_e34cb8f1b07242a7bf59428184a5d486/pjob_870c9f8040a746278cde418e62bf0df8.mp4
8430290	2026-06-18 22:18	/home/jacobw/YTchannel/assets/media/prod_ed21b4251e1f492f96afbb03427ae90f/pjob_930a46ee654e448d9dd294547506c5bb.mp4
8430290	2026-06-18 22:54	/home/jacobw/YTchannel/assets/media/prod_b7d357368b854f09ab2b1e51fb6755af/pjob_75c1f684f0f54642b64bab03a786e3cd.mp4
8430290	2026-06-18 22:55	/home/jacobw/YTchannel/assets/media/prod_4b35c4a3e2c74fe98af667a7f0538c3c/pjob_24160e6829b2433082b22a9194c4871d.mp4
8430290	2026-06-18 22:56	/home/jacobw/YTchannel/assets/media/prod_737fcc3f5acb45c291035057d1237e65/pjob_e2e1ee149dd248c3b3da912b76f7dd6f.mp4
8430290	2026-06-18 22:58	/home/jacobw/YTchannel/assets/media/prod_2e49c8856f1945aa8e9bd9394a72380e/pjob_62d7defd5c074af7a3c44a4dbe404364.mp4
8430290	2026-06-18 22:58	/home/jacobw/YTchannel/assets/media/prod_7375f0abcf64475e8962e34aae5186e1/pjob_561aa7f66397470f88b4c48ae47164f6.mp4
8430290	2026-06-18 22:59	/home/jacobw/YTchannel/assets/media/prod_16cddc99a1994feeb9113d189fa01ad4/pjob_7e567738c7a0410297a88c126141ab9b.mp4
8430290	2026-06-18 22:59	/home/jacobw/YTchannel/assets/media/prod_6a1c0626f824496796435d75606c7be0/pjob_2a9908c598444e318f0700d82446840c.mp4
8430290	2026-06-18 22:59	/home/jacobw/YTchannel/assets/media/prod_b167e40b02c243498aa23effd8683ff8/pjob_1fc6014ee413477e9f5ad61a069886a4.mp4
8430290	2026-06-18 23:00	/home/jacobw/YTchannel/assets/media/prod_79338b995dc6487dbd4abe6822418b68/pjob_2578247814f648989c6517295ca79d77.mp4
8430290	2026-06-18 23:00	/home/jacobw/YTchannel/assets/media/prod_9efc18c614f241ef86e76b06659bdae8/pjob_7e3d66409d314915aba38ed05fb978db.mp4
8430290	2026-06-18 23:01	/home/jacobw/YTchannel/assets/media/prod_3efdd2e2113445c3b526165ba717f9fd/pjob_5d5840697b1f43b9a0b08065b5697c5d.mp4
8430290	2026-06-18 23:01	/home/jacobw/YTchannel/assets/media/prod_49d080e4b2184cbfac4dc655582efc3e/pjob_1bc9bb9ff37d40cdb0550be7ffbbd694.mp4
8430290	2026-06-18 23:01	/home/jacobw/YTchannel/assets/media/prod_4fb859af4f3547f2af7e76df3f1ffe87/pjob_312f6c03c16f4dab904d8c0b082a2f29.mp4
8430290	2026-06-18 23:11	/home/jacobw/YTchannel/assets/media/prod_ea2bead949cd4098a5781ebee78b3bea/pjob_a46271da0cd841169f814c1e9c78568d.mp4
8430290	2026-06-18 23:12	/home/jacobw/YTchannel/assets/media/prod_6652c31420564ba58d276b22007cb8fa/pjob_8f27c8eb5263437e9b875d7eb041c85d.mp4
8430290	2026-06-18 23:12	/home/jacobw/YTchannel/assets/media/prod_9cdabc71b002430aac4a049f46a3dd72/pjob_21aca28ac9bf42e4add41c99fc47ac4c.mp4
8430290	2026-06-18 23:13	/home/jacobw/YTchannel/assets/media/prod_40b2f9d2904341c58488ac21ea337986/pjob_692fbd50c8ec409184067058f3bdb9cd.mp4
8430290	2026-06-18 23:13	/home/jacobw/YTchannel/assets/media/prod_475eff1a9f634a22a3d6174f0eb753ec/pjob_808ed5af79904c38b25723445940d8c5.mp4
8430290	2026-06-18 23:13	/home/jacobw/YTchannel/assets/media/prod_a13585846dd5400cbb2a41924986fdba/pjob_799b5ceb00db4c1aad48d8ee20810c7e.mp4
8430290	2026-06-18 23:14	/home/jacobw/YTchannel/assets/media/prod_0bea10879f6d4d778daffc01ae634f91/pjob_b86c43ffa52f4b9ea20d4835028497ff.mp4
8430290	2026-06-18 23:14	/home/jacobw/YTchannel/assets/media/prod_6cba656e5d0740199940c7fcaf1b922a/pjob_0137f198182741fba860923a0a658775.mp4
8430290	2026-06-18 23:15	/home/jacobw/YTchannel/assets/media/prod_4ad58158c2a147d8966e201111fb9e82/pjob_a6f4cb40a8fa48b5bd67e3142c050560.mp4
8430290	2026-06-18 23:15	/home/jacobw/YTchannel/assets/media/prod_f354504a50fd4c2c8c84d52917f60ee0/pjob_05f8ad81eed44e088f61671002468c88.mp4
8430290	2026-06-18 23:25	/home/jacobw/YTchannel/assets/media/prod_69a2c309c7b64c9b8499af2df4a3cebd/pjob_3c9830a6156249fc93e7e133e71e71a8.mp4
8430290	2026-06-18 23:25	/home/jacobw/YTchannel/assets/media/prod_99333fb362f847cbacda9d68691dee35/pjob_cab83cc7566e427d859213d1be3f7720.mp4
8430290	2026-06-18 23:25	/home/jacobw/YTchannel/assets/media/prod_db5da16735f941f2b4909d0e05ebf919/pjob_d3adf96fc58147babfcfb113a11d15c5.mp4
8430290	2026-06-18 23:26	/home/jacobw/YTchannel/assets/media/prod_7f910cddf19243969df68c97dc93b323/pjob_6d3a8a776b1b45c5afeea0d5483ec8e8.mp4
8430290	2026-06-18 23:26	/home/jacobw/YTchannel/assets/media/prod_df62dcd0215f44719ff52efd7372138c/pjob_37a2fb2ff2514089964bfaffc6a77e2a.mp4
8430290	2026-06-18 23:27	/home/jacobw/YTchannel/assets/media/prod_1d081de0921e43958d72e72e0a440199/pjob_5c4a6223db284ed2a44d518966bc4424.mp4
8430290	2026-06-18 23:27	/home/jacobw/YTchannel/assets/media/prod_57bfb668970646cba19c3a9e89f71e3f/pjob_39b42e91d54e43b48148480a1dd4ecbf.mp4
8430290	2026-06-18 23:27	/home/jacobw/YTchannel/assets/media/prod_a8ef94f38ef04b66a2234febfafed1c0/pjob_88c625b92cee4b518219a07c77366fbc.mp4
8430290	2026-06-18 23:28	/home/jacobw/YTchannel/assets/media/prod_45a2571564a84b18b2e3cde11923e340/pjob_cee10fe78c5a437e9fd103520f0b959b.mp4
8430290	2026-06-18 23:28	/home/jacobw/YTchannel/assets/media/prod_7652df036c1542ca8e24fcbd4d11e206/pjob_9f88c3ff973b41efa5f907f48d5a88e0.mp4
8430290	2026-06-18 23:40	/home/jacobw/YTchannel/assets/media/prod_49a1513de5eb497586cd5d57d1c5a776/pjob_4857769bf9884ab9ae502e16c7dc1b50.mp4
8430290	2026-06-18 23:40	/home/jacobw/YTchannel/assets/media/prod_4d81d170d13c4008a67262918323df0e/pjob_e5ff0cf376904402a2df3dfd8197db65.mp4
8430290	2026-06-18 23:40	/home/jacobw/YTchannel/assets/media/prod_53c3ac032c0749dc990604ae52ddd170/pjob_2430ea9712e249cb89f0dac5567acdda.mp4
8430290	2026-06-18 23:41	/home/jacobw/YTchannel/assets/media/prod_1ffeee5cc4084ce1be0169db2f2251e8/pjob_c93ae019cb47457aa938cc0a547a7138.mp4
8430290	2026-06-18 23:41	/home/jacobw/YTchannel/assets/media/prod_c9ac4d5ef82b4a768a72a94d724f5ea7/pjob_913cff2087c04e86868b58e1f434ab12.mp4
8430290	2026-06-18 23:42	/home/jacobw/YTchannel/assets/media/prod_30a3ecdc64b14829a9e7a852c2d613e4/pjob_72209f1e3fb94ce7b213f52a52c12b8b.mp4
8430290	2026-06-18 23:42	/home/jacobw/YTchannel/assets/media/prod_332bce2d2b5b4e75bb3f972a64dcd934/pjob_abb1070e41e448e584e7071d615bc2e1.mp4
8430290	2026-06-18 23:42	/home/jacobw/YTchannel/assets/media/prod_cc2780bdcab24d5e920bce74965cbaa1/pjob_17be7c3936064ef7a1aa680a98a59866.mp4
8430290	2026-06-18 23:43	/home/jacobw/YTchannel/assets/media/prod_00835f2a12124b48a9e8a530fff19568/pjob_22436bb5855e48e8a899b38124a7899c.mp4
8430290	2026-06-18 23:43	/home/jacobw/YTchannel/assets/media/prod_4178f27a7efb473192c9f8c878eba2ed/pjob_3fb741e946aa4c44a076965e6031f6a3.mp4
8430290	2026-06-19 08:08	/home/jacobw/YTchannel/assets/media/prod_5ea4f1b31cd94462892e7bcd47e2bb01/pjob_c8e7fc779c294e1d870029ee9806e4fc.mp4
8430290	2026-06-19 08:08	/home/jacobw/YTchannel/assets/media/prod_c6882b847b2d4ae585c68c0d3411259e/pjob_1ab41b6e5bdd42b68322ba93c9d8a935.mp4
8430290	2026-06-19 08:09	/home/jacobw/YTchannel/assets/media/prod_6e47988edffb4df9b4f34f3a93e3cd07/pjob_3323e9c335b54b12b4e4a215ba4186bc.mp4
8430290	2026-06-19 08:09	/home/jacobw/YTchannel/assets/media/prod_6ec56def1f854254a5a56a01a7464827/pjob_e7fd433fd0d243aa99d5ff845688343a.mp4
8430290	2026-06-19 08:09	/home/jacobw/YTchannel/assets/media/prod_777c06918d834824b2993395005e2f05/pjob_911333fa79d74a108e11eac80d3aab2e.mp4
8430290	2026-06-19 08:10	/home/jacobw/YTchannel/assets/media/prod_40d11d1b465f4337870a8edece099358/pjob_f21a04e67f3e4db7be12cbb72076fa2d.mp4
8430290	2026-06-19 08:10	/home/jacobw/YTchannel/assets/media/prod_749fb2f19f9245b3a82fe6e43995f9ac/pjob_aacfbd18be6f4ebda830413484b81769.mp4
8430290	2026-06-19 08:10	/home/jacobw/YTchannel/assets/media/prod_8356a7f2a35a4512ab5dcc0c0f63ee4f/pjob_6638aae4d6984bd5a4d186b9ebddb22b.mp4
8430290	2026-06-19 08:11	/home/jacobw/YTchannel/assets/media/prod_43de7bb8cfca49dd944dbdb7d84ce006/pjob_5188f37a55774d6aa49fbb666d91a7c0.mp4
8430290	2026-06-19 08:11	/home/jacobw/YTchannel/assets/media/prod_5ff2e00656894c75a3ad9adc27b79cf7/pjob_662be3fe27bd4bcfbe3b1e33fd3ca663.mp4
8430290	2026-06-19 08:18	/home/jacobw/YTchannel/assets/media/prod_684eba46893942039b666cc67e4cd73d/pjob_a90c30c5473a4c4282a327a4c16274ab.mp4
8430290	2026-06-19 08:18	/home/jacobw/YTchannel/assets/media/prod_6ab5a8bef46c4a4c9324a316de91e4ec/pjob_acd8002a2d5a412b869d06c81af11c77.mp4
8430290	2026-06-19 08:18	/home/jacobw/YTchannel/assets/media/prod_7786a48194864ff9bd5743ae4a3c6572/pjob_a8757da6356e482bbd0e4e15d5e2d3a0.mp4
8430290	2026-06-19 08:19	/home/jacobw/YTchannel/assets/media/prod_6fd0edbd4b824c03b219cdd2395682c3/pjob_ee060e24bfb54019b61deeef1e4ef434.mp4
8430290	2026-06-19 08:19	/home/jacobw/YTchannel/assets/media/prod_e27f6b7b5ebb4e8397d10978bf9e931e/pjob_668dd9894728413aa44f15842b6e9e34.mp4
8430290	2026-06-19 08:20	/home/jacobw/YTchannel/assets/media/prod_ba8726eaa50f43369050d571aa6e71d7/pjob_003efb375fae4ae8b992df475e13cf44.mp4
8430290	2026-06-19 08:20	/home/jacobw/YTchannel/assets/media/prod_c344d6b654484962a98a50963579c8ee/pjob_470f0fb846ce48f4ba5034ca51c1aecc.mp4
8430290	2026-06-19 08:20	/home/jacobw/YTchannel/assets/media/prod_e5cb898a186c49a7abb428221138c852/pjob_4a771562dd57421fac1bcd161ebd1681.mp4
8430290	2026-06-19 08:21	/home/jacobw/YTchannel/assets/media/prod_84fa6358c51e4998a3d1d93afe70446f/pjob_2e5431f4f6e84fbcae32e5172f385250.mp4
8430290	2026-06-19 08:21	/home/jacobw/YTchannel/assets/media/prod_ab14b740e97843c5b61c7a6271d8878f/pjob_7d138af331c644ac9ad4cebebc0ccc32.mp4
8430290	2026-06-19 08:21	/home/jacobw/YTchannel/assets/media/prod_de963fdeaa42443685e8dc2c08b5321d/pjob_381bf5956be348be9b87b08e727c857e.mp4
8430290	2026-06-19 08:22	/home/jacobw/YTchannel/assets/media/prod_225cbc6d67194a3a822c95bde705ca4f/pjob_bcac76e3f0bb4b8aaa620279a08b210e.mp4
8430290	2026-06-19 08:22	/home/jacobw/YTchannel/assets/media/prod_5dea1df5413a4776bea6c0ae453e610b/pjob_d3822a49a9084dac8722d8dc86f877ee.mp4
8430290	2026-06-19 08:22	/home/jacobw/YTchannel/assets/media/prod_8e2b77e8d7134b328430a0c0673d274a/pjob_aa8d45eef2084f53ae3cf2544208dfb0.mp4
8430290	2026-06-19 12:46	/home/jacobw/YTchannel/assets/media/prod_20b418d1c0934d39a06230e4931379d9/pjob_81c69546c4c5460ca312e17a63b6c408.mp4
8430290	2026-06-19 12:46	/home/jacobw/YTchannel/assets/media/prod_894800f9c86c4eeea9b9c45e03612968/pjob_d1a1fa88f68f4d6ba9cb363362a8716a.mp4
8430290	2026-06-19 12:47	/home/jacobw/YTchannel/assets/media/prod_283d100ac1b44859977077b29bca4e5b/pjob_3edbfe1d7b044d79b98119b7cc5ba6e4.mp4
8430290	2026-06-19 12:47	/home/jacobw/YTchannel/assets/media/prod_9cc6c9ed6a9d43119c9ac4d6b3a14dc1/pjob_4b3df2271c384340a0241580aebe8bb8.mp4
8430290	2026-06-19 12:48	/home/jacobw/YTchannel/assets/media/prod_3af7333f3e4749d09dedf73f2d55bd6c/pjob_b5d2d2f87d2740aaa94eef2d6cf65a87.mp4
8430290	2026-06-19 12:48	/home/jacobw/YTchannel/assets/media/prod_6c3aec3b34e54923a710a81c0e82d892/pjob_bf55f08d6fd143718c9856594cfc91c3.mp4
8430290	2026-06-19 12:48	/home/jacobw/YTchannel/assets/media/prod_a4d18fe3d1c64380afaa016779362234/pjob_c3c3172cc3874091822f717d1bb84846.mp4
8430290	2026-06-19 12:49	/home/jacobw/YTchannel/assets/media/prod_1c713aefdad948e19db81c4af7d8660f/pjob_e3a74e7af98d4d16a6c54242c95cf34c.mp4
8430290	2026-06-19 12:49	/home/jacobw/YTchannel/assets/media/prod_3de7c84c619741c4816b9ea773b235f9/pjob_8cfe19dc11394682bd4bd46731666947.mp4
8430290	2026-06-19 12:50	/home/jacobw/YTchannel/assets/media/prod_bd5e4438ea574dcf98aa75395f64a85e/pjob_9497cd8244f04e3ab3b612d3dc8d17e3.mp4
8430290	2026-06-19 12:50	/home/jacobw/YTchannel/assets/media/prod_e6c5c0bf88504a65b12b0aae92f6c5bc/pjob_4d98f228422748a3b1ca3a82bf41840c.mp4
8430290	2026-06-19 12:51	/home/jacobw/YTchannel/assets/media/prod_6db0d6ed395e4506b228eb636cb0efa3/pjob_7c56372d9d1447fb98c269ad041cc3f2.mp4
8430290	2026-06-19 12:51	/home/jacobw/YTchannel/assets/media/prod_e705567c019647939eb068ef1fbb4945/pjob_2001f163415e464fa8cb2a5b14d898a5.mp4
8430290	2026-06-19 12:52	/home/jacobw/YTchannel/assets/media/prod_2c3f4342aaf74b38a5f7db01a47667d9/pjob_207ab339fd824e30998c3e406697fa52.mp4
8430290	2026-06-19 12:52	/home/jacobw/YTchannel/assets/media/prod_9b94da2f795047e39de31f63f361a036/pjob_c07eb4c7d1104c7094977e1d305d2cd6.mp4
8430290	2026-06-19 12:52	/home/jacobw/YTchannel/assets/media/prod_d425c8dc33d445679827c4490cc6b616/pjob_efb0bb059803491bb56d13fa610a0796.mp4
8430290	2026-06-19 12:53	/home/jacobw/YTchannel/assets/media/prod_4d8e007a6d254163b294532671abf981/pjob_49b9ee8aedb34e9596bbb48841907bf2.mp4
8430290	2026-06-19 12:53	/home/jacobw/YTchannel/assets/media/prod_b3f10fcb72ee49f788190ebc8910602b/pjob_9e597617c0da4e7daca7ccae11aec04e.mp4
8430290	2026-06-19 12:54	/home/jacobw/YTchannel/assets/media/prod_162d66ad0916407d97de7baae5c0ff80/pjob_9b269b34e5414278bdd7fdfb8181479c.mp4
8430290	2026-06-19 12:54	/home/jacobw/YTchannel/assets/media/prod_d1bdc807f7d04f7590b85d2c2af9af26/pjob_feec958489254162bf356cfa56347eb3.mp4
8430290	2026-06-19 12:54	/home/jacobw/YTchannel/assets/media/prod_f5a406af9cc34f9680522a04d191ce75/pjob_e41bf37765cc4ca7ad80ba407e0bff0e.mp4
8430290	2026-06-19 13:07	/home/jacobw/YTchannel/assets/media/prod_162ac258871b41c7982b6488a733ad49/pjob_54a50ce34e1b42cc8ef4119e0415403f.mp4
8430290	2026-06-19 13:16	/home/jacobw/YTchannel/assets/media/prod_80ef425d9ea44d1cb922b80145ced67f/pjob_d7b1041bf2f6424eb534582768e34d7f.mp4
8430290	2026-06-19 13:16	/home/jacobw/YTchannel/assets/media/prod_ec243bb9f158420b9b89ae701ad37e17/pjob_145e5deacf514200a45e47de04dde633.mp4
8430290	2026-06-19 13:19	/home/jacobw/YTchannel/assets/media/prod_aab5be43dd114148b2ccd59dcddf7e2a/pjob_86c040bff9e54ba1ac9b3827cedc81fe.mp4
8430290	2026-06-19 13:19	/home/jacobw/YTchannel/assets/media/prod_d4b6cc0fda77443a9e5135d583dcd413/pjob_52fc3c275fa54df483191d09653ef446.mp4
8430290	2026-06-19 13:20	/home/jacobw/YTchannel/assets/media/prod_0565fe46d74c485da9e4e18aeb3a6807/pjob_119edef4bee549d08b994295077a38bd.mp4
8430290	2026-06-19 13:20	/home/jacobw/YTchannel/assets/media/prod_75c4747071ad448680beb993573656b8/pjob_77b623b6a44547d9b73b8c15a7fd13e9.mp4
8430290	2026-06-19 13:20	/home/jacobw/YTchannel/assets/media/prod_c9c6fcbb747248998ffb3ab78c286640/pjob_00fa847faab64aa1856e3f9348b2b4d6.mp4
8430290	2026-06-19 13:21	/home/jacobw/YTchannel/assets/media/prod_20959ffb5ff941808d9a60e9a3c96883/pjob_d96c005bc6f543eca20793dfcab97078.mp4
8430290	2026-06-19 13:21	/home/jacobw/YTchannel/assets/media/prod_5d852200f6914d2eb533816343275105/pjob_d3c84c0de8c84d23aed6f2a9df869540.mp4
8430290	2026-06-19 13:21	/home/jacobw/YTchannel/assets/media/prod_f136cc36268444f98275a311129fa722/pjob_15083129d2e24d59b1c51a0f80e7851a.mp4
8430290	2026-06-19 13:22	/home/jacobw/YTchannel/assets/media/prod_671ce60ad3c04990ac8d5113134d4029/pjob_7089a214c23c48ddad3e4b5c4b379bb3.mp4
8430290	2026-06-19 13:22	/home/jacobw/YTchannel/assets/media/prod_c8ed6368c8444999bd496c7eb0e80f09/pjob_459a0219ae9741e9bae88c920b26e965.mp4
8430290	2026-06-19 18:52	/home/jacobw/YTchannel/assets/media/prod_c129b57b422c45f98717365bb86dd7e6/pjob_8e6e07297c7145ba989f1cb43c4b9e65.mp4
8430290	2026-06-19 18:53	/home/jacobw/YTchannel/assets/media/prod_08c6ea48f0e941fea0a02781bc551237/pjob_89cfd069a42a408eb687176abdbc7375.mp4
8430290	2026-06-19 18:53	/home/jacobw/YTchannel/assets/media/prod_95a4e65183194339830cb98dd02db0bf/pjob_1882dd1563c2496ea5f4aeb958aa31a2.mp4
8430290	2026-06-19 18:54	/home/jacobw/YTchannel/assets/media/prod_71490612656a4ccf88929ede6c524c1d/pjob_74d4abb5ecb64c4e90b2f8fddf2754a3.mp4
8430290	2026-06-19 18:54	/home/jacobw/YTchannel/assets/media/prod_9a744a6c113f4fcf972da14f2bfe4dc8/pjob_d91bdf171e9e4b1989a0cd509b22bc51.mp4
8430290	2026-06-19 18:54	/home/jacobw/YTchannel/assets/media/prod_dcccae74ac9d4f60a4f289a85cf51ddd/pjob_631bd0cd349e4bd79b813b1da4fbd650.mp4
8430290	2026-06-19 18:55	/home/jacobw/YTchannel/assets/media/prod_00125b262f1145d9a4cb8ce445c57ab6/pjob_934681aafbdf458b9bd079d81930908a.mp4
8430290	2026-06-19 18:55	/home/jacobw/YTchannel/assets/media/prod_0ba3590d19ce4c24adbf93089fddfce9/pjob_afe0444ca7874af7b25c749a8efb6553.mp4
8430290	2026-06-19 18:55	/home/jacobw/YTchannel/assets/media/prod_cf86f52be60443e09c0e82952e00cc54/pjob_3d9ae8a487af4ed1810c3ca9dfd33c63.mp4
8430290	2026-06-19 18:56	/home/jacobw/YTchannel/assets/media/prod_555232fb7e86405e84ab21f8498aa5d8/pjob_27bcf6c4feea485893dfb537259667cc.mp4
8430290	2026-06-19 19:03	/home/jacobw/YTchannel/assets/media/prod_0e367de93d9d4243ab309cc4fd8336ef/pjob_7dd31dbe4e4442c8b4078b274a14ef58.mp4
8430290	2026-06-19 19:03	/home/jacobw/YTchannel/assets/media/prod_57d6fe096d6242ab961d5a7f492b0465/pjob_003dcb8c65fa47ff91923f20dc3eaa42.mp4
8430290	2026-06-19 19:04	/home/jacobw/YTchannel/assets/media/prod_6d6733fac48540148d8f7c31f85b0c44/pjob_a0196db0e99a4ff6bf9d20c1a6c055f6.mp4
8430290	2026-06-19 19:04	/home/jacobw/YTchannel/assets/media/prod_98f9e243122e4e279ccbe50e330fe95f/pjob_ec30da0c815249a096433722a43c8209.mp4
8430290	2026-06-19 19:05	/home/jacobw/YTchannel/assets/media/prod_0a07dbde902643a298fee020f2fda680/pjob_a6d83d3e8903421eb9be904b7306dc4c.mp4
8430290	2026-06-19 19:05	/home/jacobw/YTchannel/assets/media/prod_a3aa680c8ba34d1c81959db4b6fe0309/pjob_3d4c1abd34974cff9581e1fdc4e4ad0c.mp4
8430290	2026-06-19 19:05	/home/jacobw/YTchannel/assets/media/prod_e4d34c2f40f04a8bb78c9f21440bf788/pjob_3ce44c33d1f94672a7dae0e489a80471.mp4
8430290	2026-06-19 19:06	/home/jacobw/YTchannel/assets/media/prod_0a95a5fd39ba47b8b64086b6148c6ad6/pjob_cd0eed02941244d1ac96156c5073d224.mp4
8430290	2026-06-19 19:06	/home/jacobw/YTchannel/assets/media/prod_28271ef8f4624e6295f793c3369e14df/pjob_bb8f7233814b495a9a5f6e777938324c.mp4
8430290	2026-06-19 19:06	/home/jacobw/YTchannel/assets/media/prod_6770b8024aa9421b92e4d6945e12b806/pjob_321d2667b87740a7a42c2bdbe3a9f551.mp4
8430290	2026-06-19 19:17	/home/jacobw/YTchannel/assets/media/prod_4453ec8e6f8b462487b4447d09b5ff60/pjob_8ce5d373bb114faba3b8c7cd9299fb15.mp4
8430290	2026-06-19 19:17	/home/jacobw/YTchannel/assets/media/prod_bc6cea42f956485a8ceecd80455a0543/pjob_b5078d60de5648a2b53c1403d9cdda04.mp4
8430290	2026-06-19 19:18	/home/jacobw/YTchannel/assets/media/prod_39c4e58227f4400dadc4e84d1d3b4227/pjob_2250cc5b7407450bb20b4113bc4cb202.mp4
8430290	2026-06-19 19:18	/home/jacobw/YTchannel/assets/media/prod_b0b702d0f2fe452f8358fd2c79de6368/pjob_6e00833db49a4920b440736c5896a978.mp4
8430290	2026-06-19 19:18	/home/jacobw/YTchannel/assets/media/prod_dadafce6e70f472bb74b1a5e1827a12f/pjob_10758dcdf49d430aba2b63ae89516a83.mp4
8430290	2026-06-19 19:19	/home/jacobw/YTchannel/assets/media/prod_76aa7211e0d7486eb72ea44e8a36780a/pjob_62afb8a82cd34fa8a106ded5e7245c67.mp4
8430290	2026-06-19 19:19	/home/jacobw/YTchannel/assets/media/prod_ecb22ee185dc4374b468deced21fbcfc/pjob_fa32e48ce96e424b8b4b20aacc8a73e5.mp4
8430290	2026-06-19 19:19	/home/jacobw/YTchannel/assets/media/prod_f6747b4b6f184f37adc7639c26a23431/pjob_412ab7483b9c41e68db827b9bd5e279a.mp4
8430290	2026-06-19 19:20	/home/jacobw/YTchannel/assets/media/prod_2043fd54473d4811a9d47d57be56d6ed/pjob_0a3c39b6ee68488fb6fa68984636236a.mp4
8430290	2026-06-19 19:20	/home/jacobw/YTchannel/assets/media/prod_3d7bf9d1973543ab896394338e8a1b1b/pjob_080664fbeaa14f2a8d0f0710416d4d49.mp4
8430290	2026-06-19 19:39	/home/jacobw/YTchannel/assets/media/prod_220300aa770d4c14b4bc9e6574c2b54c/pjob_c21d44ae44d84e1a970beb444a527326.mp4
8430290	2026-06-19 19:40	/home/jacobw/YTchannel/assets/media/prod_2796a3fce6c142de86e19fb2d5f67818/pjob_a5d99f7847684d62ab6ae30a95fc2166.mp4
8430290	2026-06-19 19:40	/home/jacobw/YTchannel/assets/media/prod_3aa59068fc3145279e8f4578e6207c72/pjob_10ded3d36f5542a2b54d1429df18d508.mp4
8430290	2026-06-19 19:40	/home/jacobw/YTchannel/assets/media/prod_4ed19df225814b6b9638589fc1fa5af7/pjob_3e3f8730f0b64a39a2282b776aa0886a.mp4
8430290	2026-06-19 19:41	/home/jacobw/YTchannel/assets/media/prod_42c0de4c8dd840b897b286d51edfae49/pjob_8b2978537304431996b6e7a836a21f52.mp4
8430290	2026-06-19 19:41	/home/jacobw/YTchannel/assets/media/prod_c4f413693b344fc28b50663c84e51dd1/pjob_78c9373d3d6d450db29c6f64f7d3aa4a.mp4
8430290	2026-06-19 19:41	/home/jacobw/YTchannel/assets/media/prod_ebff8bf5665d4fe3acff4ce556ea7ad5/pjob_ebaa19c29aeb48329ff07b15a6796808.mp4
8430290	2026-06-19 19:42	/home/jacobw/YTchannel/assets/media/prod_1e233ed85b174658bcf44f5935358143/pjob_4144792370a44fcc842742257bd2303b.mp4
8430290	2026-06-19 19:42	/home/jacobw/YTchannel/assets/media/prod_93133568867345f1a9a9aa51e16dd36b/pjob_5ff8e2f5eec041f7a85adf43f473147c.mp4
8430290	2026-06-19 19:43	/home/jacobw/YTchannel/assets/media/prod_0808982affb746e381de3e910c30d17b/pjob_5735afeca544470bbf80249a318955e6.mp4
8430290	2026-06-19 19:49	/home/jacobw/YTchannel/assets/media/prod_e02f7e8abf674ece817787c8b514fed7/pjob_22d5137febd84c9fb6eec9f38ce26280.mp4
8430290	2026-06-19 19:50	/home/jacobw/YTchannel/assets/media/prod_493da69f47c94d5bb72379ec51551fe6/pjob_983ba5fa67e84303bd1c261cfc99cf62.mp4
8430290	2026-06-19 19:50	/home/jacobw/YTchannel/assets/media/prod_983848972bf248569ede549142badb95/pjob_2b785a10c0394cb0afe13cf98e5a37a3.mp4
8430290	2026-06-19 19:50	/home/jacobw/YTchannel/assets/media/prod_d13c0138d1154baa96a7a94e2dd6e6d5/pjob_fa4a21bbe5d840b2bb6f60be6d03591c.mp4
8430290	2026-06-19 19:51	/home/jacobw/YTchannel/assets/media/prod_12dfe650881e401097938c271ce947ea/pjob_9b16589391f5483398d2502fb5153a17.mp4
8430290	2026-06-19 19:51	/home/jacobw/YTchannel/assets/media/prod_267feb24ced442e78c98d417603ce8c3/pjob_cb0b5a783e60480fadad9558fb1df346.mp4
8430290	2026-06-19 19:52	/home/jacobw/YTchannel/assets/media/prod_025f66afcc744bfba81a67a6969c4457/pjob_d4a1657d763e4619b7bd3f015aae07df.mp4
8430290	2026-06-19 19:52	/home/jacobw/YTchannel/assets/media/prod_5439dde64f3a42558530d30a479c3bbd/pjob_c5f6da6460e24afe87605a7875da27c3.mp4
8430290	2026-06-19 19:52	/home/jacobw/YTchannel/assets/media/prod_a083e53e5e8f42549912f5fdfc433251/pjob_825489c4d18749b692eeb5b34857a40a.mp4
8430290	2026-06-19 19:53	/home/jacobw/YTchannel/assets/media/prod_14bbe2538d1645fbbe58d1fa60352da5/pjob_fe42f0211a174507820fa39ac37181d5.mp4
8430290	2026-06-19 19:57	/home/jacobw/YTchannel/assets/media/prod_519dc4a8cf7f47f0a5de02a83e8c3a71/pjob_e6150199229746cb852f0eeab913f124.mp4
8430290	2026-06-19 19:57	/home/jacobw/YTchannel/assets/media/prod_a0f03a606d2945e7be7a34471a66909e/pjob_63fcd283911340e7b8bf1828ac91029a.mp4
8430290	2026-06-19 19:57	/home/jacobw/YTchannel/assets/media/prod_e93e110688bf4cde9d4f3f7930fcc526/pjob_cafbb4e42f86429596c6bf315e642f0b.mp4
8430290	2026-06-19 19:58	/home/jacobw/YTchannel/assets/media/prod_1c44026f08c74f11a65a50ba6bd0c485/pjob_503f6362875a48969c9ae22d3c6d4917.mp4
8430290	2026-06-19 19:58	/home/jacobw/YTchannel/assets/media/prod_73dc967131684eb4afdb7aadebfbb370/pjob_19245cc84611407dbbfd6161c68cbe56.mp4
8430290	2026-06-19 19:58	/home/jacobw/YTchannel/assets/media/prod_760cd5086fd9487d8932cc9c8698cb3a/pjob_be5949749bc9465aa25a59593a61c1c2.mp4
8430290	2026-06-19 19:59	/home/jacobw/YTchannel/assets/media/prod_049a38a44a284fdca776fb4615b4d69d/pjob_28568df73e8a424793e1e5dab5e794cd.mp4
8430290	2026-06-19 19:59	/home/jacobw/YTchannel/assets/media/prod_9ccb0eec2206406595d3881d9d5993bf/pjob_e9692b51d89e42dfbbcc0d76bb1c15bb.mp4
8430290	2026-06-19 20:00	/home/jacobw/YTchannel/assets/media/prod_1e345fbb1e8b4a05a1fbf51bc578cf41/pjob_9bd4b1f21c124d3586a1eb91879b7150.mp4
8430290	2026-06-19 20:00	/home/jacobw/YTchannel/assets/media/prod_32481839eec2401fac0a93149bb18a71/pjob_61fdd9ff77d949dcbbf204ce8e0bab36.mp4
8430290	2026-06-19 20:02	/home/jacobw/YTchannel/assets/media/prod_c31f31b90df3479484a4d913bdcb317a/pjob_0c2101fcda9f4bba96299de7f35d3a56.mp4
8430290	2026-06-19 20:03	/home/jacobw/YTchannel/assets/media/prod_33957c2a2ed44348a13c1ff3248f3621/pjob_a7592d11bf23414a9e17d87cef573db2.mp4
8430290	2026-06-19 20:03	/home/jacobw/YTchannel/assets/media/prod_903cea29580d4a83a2f4c03a71f4518c/pjob_579ef40fe46348c8bcc71704ecf89f30.mp4
8430290	2026-06-19 20:03	/home/jacobw/YTchannel/assets/media/prod_9de114e18d51471187f5ef0b50e2f55f/pjob_a9ecb15acf5944dd894c764ff3d124a6.mp4
8430290	2026-06-19 20:04	/home/jacobw/YTchannel/assets/media/prod_3efc876016ab4eeeb7e250855f8e9b62/pjob_04ed0f4a748b40bab5809bfdfb3f5e30.mp4
8430290	2026-06-19 20:04	/home/jacobw/YTchannel/assets/media/prod_6ac7d1431ad2472aa7d4aa3d679ea417/pjob_a635bc9bd4bf443798f9f6a4a4898b1c.mp4
8430290	2026-06-19 20:05	/home/jacobw/YTchannel/assets/media/prod_805753db7b614693b82fe1d7727a1dcc/pjob_7882dee60f674e5981ecba321fea7511.mp4
8430290	2026-06-19 20:05	/home/jacobw/YTchannel/assets/media/prod_a85748e521984a34840b88bbb772a9e4/pjob_f4e01fc5bc4449efb952b69bb92200b1.mp4
8430290	2026-06-19 20:05	/home/jacobw/YTchannel/assets/media/prod_ca31abc946c54a22813c294f683db460/pjob_d5fd212f93a640038e202797e493f31d.mp4
8430290	2026-06-19 20:06	/home/jacobw/YTchannel/assets/media/prod_6a5092adeda94738a07adbb3a064929e/pjob_a89383f57f1142f29a686533eebecd47.mp4
8430290	2026-06-19 20:09	/home/jacobw/YTchannel/assets/media/prod_692321caf5654d399dfd39a4b888b770/pjob_588d87122a324075a503afab36b4ce3d.mp4
8430290	2026-06-19 20:09	/home/jacobw/YTchannel/assets/media/prod_bc31c361e4fa4ae78b511adbd4cf6b93/pjob_b1ed81bd1a72462fa8e4b7fe23b18afc.mp4
8430290	2026-06-19 20:09	/home/jacobw/YTchannel/assets/media/prod_ffd94a0c51a24e1b921b8f9452e7edd6/pjob_b2cfeb5544d44add9999732fe83dedd1.mp4
8430290	2026-06-19 20:10	/home/jacobw/YTchannel/assets/media/prod_2c700e67bd724b58bb43c35acbf0f2da/pjob_92c2781e356a4a3f93548f4190950a7e.mp4
8430290	2026-06-19 20:10	/home/jacobw/YTchannel/assets/media/prod_a1035338b7e94134b753745ad68a898e/pjob_675e4399129d4d649bd85e692848d3f1.mp4
8430290	2026-06-19 20:11	/home/jacobw/YTchannel/assets/media/prod_895f29390b8545c4a4b64c4b3ed76216/pjob_27e86070b59643c19ddac50cb9adf238.mp4
8430290	2026-06-19 20:11	/home/jacobw/YTchannel/assets/media/prod_8a93a833990d46e394065a37acc2682e/pjob_19523c6762d447a99fe3ddf92fdfd47e.mp4
8430290	2026-06-19 20:11	/home/jacobw/YTchannel/assets/media/prod_efc17259c89443c9a3b7b7cd7a1607a8/pjob_2f5a25c3e98a4fcfa0c55f8ddea6790b.mp4
8430290	2026-06-19 20:12	/home/jacobw/YTchannel/assets/media/prod_1778b1138c8944fb8b97ce739c70035d/pjob_06712cb372514c08a8d3b59066232291.mp4
8430290	2026-06-19 20:12	/home/jacobw/YTchannel/assets/media/prod_2799d2809f56439097f05ba396d38600/pjob_9c39f943a7114380aed5c24f9a1f4cab.mp4
8430290	2026-06-19 20:22	/home/jacobw/YTchannel/assets/media/prod_a67aa61adfaf452a97cc201b32198d35/pjob_5800a850791d4b248f52f5de84c67ee9.mp4
8430290	2026-06-19 20:22	/home/jacobw/YTchannel/assets/media/prod_ca9c0218cb0543fd89166f3bc248b165/pjob_028d52cdb54d43aba4c6c9d6c2ff9970.mp4
8430290	2026-06-19 20:24	/home/jacobw/YTchannel/assets/media/prod_2c2c47cca6ca446b8a5b7231d1aefe65/pjob_6ce5589d61794bebbef12df23d3aa38d.mp4
8430290	2026-06-19 20:24	/home/jacobw/YTchannel/assets/media/prod_4a5b862c6a9b4967833661c2dd99c7de/pjob_2a0496abd631427b90979a1bad2e7f21.mp4
8430290	2026-06-19 20:24	/home/jacobw/YTchannel/assets/media/prod_e0cd0254d68a4b21847fd9590fb0d449/pjob_3e3ba41920e14899b836b210ae962fec.mp4
8430290	2026-06-19 20:25	/home/jacobw/YTchannel/assets/media/prod_61fed504fc0046c782fbcbf8b2dadf53/pjob_5119aa095e194922bd7bd579b531dde2.mp4
8430290	2026-06-19 20:25	/home/jacobw/YTchannel/assets/media/prod_858ef20990524298ac201ac8b4d2aecd/pjob_772314cbdcd64a02a35dd2280c071018.mp4
8430290	2026-06-19 20:26	/home/jacobw/YTchannel/assets/media/prod_aef52c4ebaf442aca3f9e210298c0e2f/pjob_81d1796c72a445b5b76fa79e28bb40ff.mp4
8430290	2026-06-19 20:26	/home/jacobw/YTchannel/assets/media/prod_c725c285e0f14ed7b01effb9ff36a357/pjob_aab68623693540e198fca13d29094365.mp4
8430290	2026-06-19 20:26	/home/jacobw/YTchannel/assets/media/prod_fde19c883a704160bb9cc38df243c1c2/pjob_8c0162fb03ac4b59b158311964c542d9.mp4
8430290	2026-06-19 20:27	/home/jacobw/YTchannel/assets/media/prod_0ad7840465fb414ca61ed01960f55013/pjob_88b888d24028441aa10a757fc22bb1c3.mp4
8430290	2026-06-19 20:27	/home/jacobw/YTchannel/assets/media/prod_aaba4acb5fd8454eaf9811f40b717c62/pjob_ccfaf84080f74ee297d01936f3bc08de.mp4
8430290	2026-06-19 20:36	/home/jacobw/YTchannel/assets/media/prod_13fa37fcfb784eb3840cdadb7f5dc98b/pjob_6c663001df5c45c893d3cbf1ad9a9972.mp4
8430290	2026-06-19 20:36	/home/jacobw/YTchannel/assets/media/prod_7411eef494644be4a8b27e5bd0a4f924/pjob_fc3bfeedc9d74bc9b5ffdf1d7620cd33.mp4
8430290	2026-06-19 20:38	/home/jacobw/YTchannel/assets/media/prod_1812d3a886f149f984b42c9b99715e5b/pjob_4f79c5ab2dc14d68a95d64c8c2128408.mp4
8430290	2026-06-19 20:38	/home/jacobw/YTchannel/assets/media/prod_7a2207f53a434a78b0a4843b80b5ad46/pjob_87092dbf94b9482c896ace79fca28a62.mp4
8430290	2026-06-19 20:39	/home/jacobw/YTchannel/assets/media/prod_2ce6583fd9cf4629a4019ebc641baa18/pjob_13d1a0f94ff4471aa38ee4a909f95c3b.mp4
8430290	2026-06-19 20:39	/home/jacobw/YTchannel/assets/media/prod_8a12bf0ca4c643b6a24c613fb41db1ab/pjob_aea3bfb6bcc64edab744f7158f74e17c.mp4
8430290	2026-06-19 20:39	/home/jacobw/YTchannel/assets/media/prod_c90cdb1475844d50bb0414776690adaa/pjob_d2e3cf7fdc0c41018b3567187068e69e.mp4
8430290	2026-06-19 20:40	/home/jacobw/YTchannel/assets/media/prod_20fcb00a9ccf41e1b5fadb42471d34ec/pjob_84868ed7ee064aeabb3d639f93e25106.mp4
8430290	2026-06-19 20:40	/home/jacobw/YTchannel/assets/media/prod_30d67b5affc54818b14919623e2ea90f/pjob_66df611b038643168f8527ce928d5b40.mp4
8430290	2026-06-19 20:40	/home/jacobw/YTchannel/assets/media/prod_ba43fa07486f4ad2b8556d3571430521/pjob_aae083fdd11d45dd80d93c30208cafca.mp4
8430290	2026-06-19 20:41	/home/jacobw/YTchannel/assets/media/prod_35cfe0a0823b41f4ac0f5b75d768a6bf/pjob_e9fe0552563842ad9d58deb81a1ac43a.mp4
8430290	2026-06-19 20:41	/home/jacobw/YTchannel/assets/media/prod_aa101554b9d840a6b85c881a472da126/pjob_d0bdc56f3e50428b8719680cae3099a3.mp4
8430290	2026-06-19 21:14	/home/jacobw/YTchannel/assets/media/prod_2a0d613df2204ee1937630f801a1cf1f/pjob_46fc05119c794185b070dc7a1dda7108.mp4
8430290	2026-06-19 21:15	/home/jacobw/YTchannel/assets/media/prod_5b6c3c75e7874ba8a26d4489b9960c97/pjob_661353f378424238969df5313e8e3937.mp4
8430290	2026-06-19 21:15	/home/jacobw/YTchannel/assets/media/prod_b3a96d4ecdec4ef0a409aa998f647b27/pjob_e522f2b0881d4b70a18bd99a298803a8.mp4
8430290	2026-06-19 21:15	/home/jacobw/YTchannel/assets/media/prod_f7ee3c918e594f739333c9e137a7ae51/pjob_393474b7352c4ddfa3fac2eb2f40d47f.mp4
8430290	2026-06-19 21:16	/home/jacobw/YTchannel/assets/media/prod_83c4bcdfd74f4ab6b9022923f91466d1/pjob_996f58c0251c41a081fe526ea770bf45.mp4
8430290	2026-06-19 21:16	/home/jacobw/YTchannel/assets/media/prod_94502a8d336e4515bb8a82fe108b0f51/pjob_d5cef8ea33ff4a12b8134c9149890f92.mp4
8430290	2026-06-19 21:17	/home/jacobw/YTchannel/assets/media/prod_94de3c2f416e4092a238de417d9581ac/pjob_e1e11b2a86d548a588ce2b1281913cd4.mp4
8430290	2026-06-19 21:17	/home/jacobw/YTchannel/assets/media/prod_a924fa3486b1444d93aa5d4cc34b8732/pjob_62cc2cc40d244747a83a1137fc9073b5.mp4
8430290	2026-06-19 21:17	/home/jacobw/YTchannel/assets/media/prod_f38e021ac5a0475bbadc98c0e6c61826/pjob_21bc4a379ee947a881dcdc84e26afd5b.mp4
8430290	2026-06-19 21:18	/home/jacobw/YTchannel/assets/media/prod_6254acbe63d449f3b0cc39760144411f/pjob_a3c099dd677d4d898f2ccf7abc7a9200.mp4
8430290	2026-06-19 21:27	/home/jacobw/YTchannel/assets/media/prod_d5e48fba1ff44a6a8384fd7e2cd3eba8/pjob_06a3f939a8724bd38cafb871f4910fc2.mp4
8430290	2026-06-19 21:28	/home/jacobw/YTchannel/assets/media/prod_47dbf6922ca74f3a897a7370f1a37429/pjob_f51f6271c0f9431595b7c5b8f29b560f.mp4
8430290	2026-06-19 21:28	/home/jacobw/YTchannel/assets/media/prod_9c15aac3e4294e0285799583363cbdf1/pjob_b48bd1f634af485a96928fbf8b738723.mp4
8430290	2026-06-19 21:28	/home/jacobw/YTchannel/assets/media/prod_bfb0bd597bdb491aa6d87d6bc46c8385/pjob_cb777a366bd742bf82efcf24b750a447.mp4
8430290	2026-06-19 21:29	/home/jacobw/YTchannel/assets/media/prod_a6262762cfad4aa29fabefe5804d1701/pjob_b4d4c41d31f84902ac66709afcbdd517.mp4
8430290	2026-06-19 23:17	/home/jacobw/YTchannel/assets/media/prod_5e2f54fba2594da49d7297fa437cb28e/pjob_5540c665c9ee470c81bf20632cccc341.mp4
8430290	2026-06-19 23:17	/home/jacobw/YTchannel/assets/media/prod_d5c82bb4961241beaedf0fa862fa49e1/pjob_bf21ff939c634d8c8947262dc0cf1ee7.mp4
8430290	2026-06-19 23:18	/home/jacobw/YTchannel/assets/media/prod_5f0b2790eb8649269c71f9ec9be90531/pjob_ecb11fb6a12741039abff91ac28e745d.mp4
8430290	2026-06-19 23:18	/home/jacobw/YTchannel/assets/media/prod_9b353b76def64e26bc4233e3714a0493/pjob_cc0ce747a1884bfcb990388ab63d4721.mp4
8430290	2026-06-19 23:19	/home/jacobw/YTchannel/assets/media/prod_1106b39e5ff94640a6e88d9a6f936053/pjob_79c9c9ac6c294e05ab0172fe5d51de7e.mp4
8430290	2026-06-19 23:19	/home/jacobw/YTchannel/assets/media/prod_54c45fdceb774de891daf37331f67a71/pjob_19718e12dd834ab4a92e9e3c5f2359be.mp4
8430290	2026-06-19 23:19	/home/jacobw/YTchannel/assets/media/prod_7904a1dbbd50438f8995e168db022647/pjob_f2ac8ca557db445b8c59f81f1e33570e.mp4
8430290	2026-06-19 23:20	/home/jacobw/YTchannel/assets/media/prod_00a16f9349194fb3a07cceb67175e173/pjob_e8ad543318614253a1a16f4b76ee0829.mp4
8430290	2026-06-19 23:20	/home/jacobw/YTchannel/assets/media/prod_a52daa8d8e6e4143a200f798d43d80c0/pjob_bccdbf29da8a451c873bae7e872df334.mp4
8430290	2026-06-19 23:20	/home/jacobw/YTchannel/assets/media/prod_c9d4c9f6e906433f9d0983087e8e1898/pjob_80a135e2eeb947a0adbc7d6ada2e318c.mp4
8430290	2026-06-20 00:13	/home/jacobw/YTchannel/assets/media/prod_7c378cef6d6c4d37a5444c35920ac39e/pjob_d421cbef8c15488aba62a90546afe8d3.mp4
8430290	2026-06-20 00:14	/home/jacobw/YTchannel/assets/media/prod_8e449e5d698b47098799304beb7e0500/pjob_22536564dcda4b04b6ec48edd0e75aaa.mp4
8430290	2026-06-20 00:14	/home/jacobw/YTchannel/assets/media/prod_d52f872d75b64aca99df77efbb741e90/pjob_cb6ec11d687443b681eb03b316584fb4.mp4
8430290	2026-06-20 00:15	/home/jacobw/YTchannel/assets/media/prod_26acbfcf2ea149b68b5c617792256dbc/pjob_f8b8f87d82794d839b555f6917fda25e.mp4
8430290	2026-06-20 00:15	/home/jacobw/YTchannel/assets/media/prod_9d268e172b7b44f78020ea995d24b679/pjob_898248c2cc3748ad9ead9a5c79332657.mp4
8430290	2026-06-20 00:15	/home/jacobw/YTchannel/assets/media/prod_d6c48a4ce7f14ca3835d026d8355734c/pjob_1df527740edf435d95e44746c900fbc5.mp4
8430290	2026-06-20 00:16	/home/jacobw/YTchannel/assets/media/prod_094b8ce7e5b94cdbbbb55b1ddb8cb3d4/pjob_4fe453e2f7a54a8b8bef9f1339eb92db.mp4
8430290	2026-06-20 00:16	/home/jacobw/YTchannel/assets/media/prod_2174a42e9b8f4e0e947851843209fd51/pjob_c82b3a58da3b42aeb3edc741dccac8ec.mp4
8430290	2026-06-20 00:16	/home/jacobw/YTchannel/assets/media/prod_99c5dbdd471a4e2880fc99fd1de4b4e9/pjob_2a5f3168524c443888a26925b9940277.mp4
8430290	2026-06-20 00:17	/home/jacobw/YTchannel/assets/media/prod_c3aea06949084ba0922f6f03744c95ac/pjob_bb005cf03e484c809f69253aee9ca9bb.mp4
8430290	2026-06-20 09:57	/home/jacobw/YTchannel/assets/media/prod_f0b6aafd5b5b4e348fb18481b56b591b/pjob_3c7fb0f2333a44be978b0c35c3d2c26d.mp4
8430290	2026-06-20 10:00	/home/jacobw/YTchannel/assets/media/prod_898b73d50f294f36ba090b717588a470/pjob_28378318551a4dc794f32ebb5d6d259c.mp4
8430290	2026-06-20 10:00	/home/jacobw/YTchannel/assets/media/prod_d6b460e9b63c48b48e8870fb954f9afc/pjob_5d22d709a3d342319269f31a701fb232.mp4
8430290	2026-06-20 10:01	/home/jacobw/YTchannel/assets/media/prod_2f08276a534a4ee6a1039c7d4615250b/pjob_6f196903a1e84baeb9898b79cb2f2e7a.mp4
8430290	2026-06-20 10:01	/home/jacobw/YTchannel/assets/media/prod_52fb1bb14cf044f6ad97a57b27c49fc4/pjob_73b2f704bfd14dd189cbaf2f3a6b4658.mp4
8430290	2026-06-20 10:01	/home/jacobw/YTchannel/assets/media/prod_ca6f1bc4b3b240a293d3ab4d7404f320/pjob_067adb9324c445ff9ff4077f310a1dd6.mp4
8430290	2026-06-20 10:02	/home/jacobw/YTchannel/assets/media/prod_3ada3609c11b4d0c8c5f075b26faecbc/pjob_8fc5c6005bad46ff9edcdedd8ef3a411.mp4
8430290	2026-06-20 10:02	/home/jacobw/YTchannel/assets/media/prod_e8a19a4160c94de089949cef823fa6a0/pjob_811e7ba9ae6b4cefb96e138956c032b1.mp4
8430290	2026-06-20 10:03	/home/jacobw/YTchannel/assets/media/prod_17c4be16ef4c471ebe9c1e3f1888287b/pjob_25620a78ac14462aa0a9fcb9d01fb36a.mp4
8430290	2026-06-20 10:03	/home/jacobw/YTchannel/assets/media/prod_c1a325cd3ec04112b34a57a58fb0a9e0/pjob_81012cd0574b450a9f5544ecf3da91fc.mp4
8430290	2026-06-20 10:04	/home/jacobw/YTchannel/assets/media/prod_02b39d2ba4bb4fb2b16a73a3c1128c41/pjob_3ab61b351ebc4d95896adb81e158685b.mp4
8430290	2026-06-20 10:04	/home/jacobw/YTchannel/assets/media/prod_3941980c9d364404ab9f83ba58d2afec/pjob_5cd77d6b4f204fb38f2ce1b1e530bc03.mp4
8430290	2026-06-20 10:05	/home/jacobw/YTchannel/assets/media/prod_31258b9077684bdea768d6026d444ad1/pjob_e44582e615424c15903bb88de8c6b89a.mp4
8430290	2026-06-20 10:05	/home/jacobw/YTchannel/assets/media/prod_49f6ea7c152140dca5d8e4e4d8ae9c59/pjob_ffc60ba7e9244f10a0e22ebefeadf241.mp4
8430290	2026-06-20 10:05	/home/jacobw/YTchannel/assets/media/prod_f50482567652409b9a6ea8d2ef775310/pjob_9f0ceb65a1d5484f9864cfdf8ff082e7.mp4
8430290	2026-06-20 10:06	/home/jacobw/YTchannel/assets/media/prod_cb55b73372df4b1a8a2f93908c71d25b/pjob_d21d90198d6a4894833e43b36b8797f9.mp4
8430290	2026-06-20 10:06	/home/jacobw/YTchannel/assets/media/prod_fdd465eb2b794d43898fb856f36c5edd/pjob_4118ca7ac24a455d8b0a32cc8a735e45.mp4
8430290	2026-06-20 10:07	/home/jacobw/YTchannel/assets/media/prod_04619e1874274aeaa39fcdc383f5306f/pjob_e0d8a178dece4e46b1182ba72bf6bc81.mp4
8430290	2026-06-20 10:07	/home/jacobw/YTchannel/assets/media/prod_86ce3ae54bce45ceafa3e47e0200ef54/pjob_391bd704ac5b432a856ac48f4a33de06.mp4
8430290	2026-06-20 10:08	/home/jacobw/YTchannel/assets/media/prod_d51bfde573f448bcb45f0b42aa777388/pjob_35cc38f454a745a480c2c674e18db87e.mp4
8430290	2026-06-20 10:08	/home/jacobw/YTchannel/assets/media/prod_ec691b02bc17448197ddc8c61fc6531f/pjob_8a15d2aa35d64616bf9acd315f4fe708.mp4
8430290	2026-06-20 10:09	/home/jacobw/YTchannel/assets/media/prod_1b9750aadc394d5ab919295214d383ea/pjob_2fddbd8ddc9943b8b55b57a3297f6f5d.mp4
8430290	2026-06-20 10:09	/home/jacobw/YTchannel/assets/media/prod_6424e08007e8427380c7338d864381bc/pjob_8bdebef2fd1c411785d5ebc00721fb81.mp4
8430290	2026-06-20 10:09	/home/jacobw/YTchannel/assets/media/prod_c29286260b5b4b4eac8e275b1820d9bf/pjob_917bec1f730941eea8efef0a34d6be84.mp4
8430290	2026-06-20 10:10	/home/jacobw/YTchannel/assets/media/prod_5d76262e84c64f5d9adc2c91760ff98d/pjob_37180faed297442099945c91ec7da473.mp4
8430290	2026-06-20 10:10	/home/jacobw/YTchannel/assets/media/prod_cd0f1bbe731d4852b70fa3bd1f64150d/pjob_cf9a4d9d16524e55b4b70b8624ad8300.mp4
8430290	2026-06-20 10:11	/home/jacobw/YTchannel/assets/media/prod_4b0a85c982744c98903eb3d36da2c9ff/pjob_0cff3affe5f24bedbccefe8f3417f7ff.mp4
8430290	2026-06-20 10:11	/home/jacobw/YTchannel/assets/media/prod_b89e63b9c8c44e3fbaf3eecb52705b94/pjob_d61bf3dc0f8044e6a3a08d3f689ca2cc.mp4
8430290	2026-06-20 10:12	/home/jacobw/YTchannel/assets/media/prod_7a5da6873ec64442aa80aea17dc915eb/pjob_b50a99e180fe46a6812292f068ac9c09.mp4
8430290	2026-06-20 10:12	/home/jacobw/YTchannel/assets/media/prod_9b583ac32bf44b1898eab2b6fc309c10/pjob_fe8e90f9425340cf96c93384998559d6.mp4
8430290	2026-06-20 10:12	/home/jacobw/YTchannel/assets/media/prod_cc951ede102440579696fc5c531377b6/pjob_fc87caa2771344ffa512931709089a95.mp4
8430290	2026-06-20 10:13	/home/jacobw/YTchannel/assets/media/prod_5f4d91cc68e94051aa77410f56005383/pjob_bb163fbfbefc4d0990ef045ec6173444.mp4
8430290	2026-06-20 10:13	/home/jacobw/YTchannel/assets/media/prod_f032d4ef2ef846139f772c5f6e032e8e/pjob_24f8968b5be04cc0bcd353190ec03a30.mp4
8430290	2026-06-20 10:13	/home/jacobw/YTchannel/assets/media/prod_f18818f435694305b81ab6ac310e5c7f/pjob_f324041950864cacbbab9d298abfda00.mp4
8430290	2026-06-20 10:14	/home/jacobw/YTchannel/assets/media/prod_0804e2bca15749f495f0cc7c930d40bc/pjob_ef2fec7bc90a4a0da828eac5d4c40cff.mp4
8430290	2026-06-20 10:14	/home/jacobw/YTchannel/assets/media/prod_38c0d49f24ef49ee8aba457814305259/pjob_4909df08d4f5474381233e0d34dbbecd.mp4
8430290	2026-06-20 10:38	/home/jacobw/YTchannel/assets/media/prod_a8c740152bac4d15b165b8c6a9cf7d5a/pjob_4f8fb155aa9a467dafd6d50408447679.mp4
8430290	2026-06-20 10:39	/home/jacobw/YTchannel/assets/media/prod_90632ecfd28f46faa244a4eff593bec9/pjob_3b32e3f2bd294932bc57d895a4ce26b5.mp4
8430290	2026-06-20 10:39	/home/jacobw/YTchannel/assets/media/prod_c7c345f06d9a46caaf7c201b4fd74e04/pjob_f192e9f081cb4a2a8ab2996cbd33723c.mp4
8430290	2026-06-20 10:40	/home/jacobw/YTchannel/assets/media/prod_e80d780c4b144127b8802fc92d2785ca/pjob_6ed6c8d5ab484451ab4528cecd8e72a4.mp4
8430290	2026-06-20 10:41	/home/jacobw/YTchannel/assets/media/prod_94551e5dbe8049a882735d0bdef67ea3/pjob_9fa8508e8ded40ee965efa976ce3f547.mp4
8430290	2026-06-20 10:41	/home/jacobw/YTchannel/assets/media/prod_c5a20a8587c64360bc14b4d54c84b695/pjob_fb2c14dec5b7413bbe0e93f676c0fe39.mp4
8430290	2026-06-20 10:42	/home/jacobw/YTchannel/assets/media/prod_6ac42e19946e442f9c7a1d43b743b100/pjob_07f3116ec8a24a44a4b96e143a7284c3.mp4
8430290	2026-06-20 10:43	/home/jacobw/YTchannel/assets/media/prod_9826604a2ccf4ac5bfcf51707620beac/pjob_c2169d5a78244dc1a5420a9ecfeb3f31.mp4
8430290	2026-06-20 10:43	/home/jacobw/YTchannel/assets/media/prod_a7993b7252754902ac5979e3192cdb2b/pjob_de25c4ee76f34756a418a4f2e993c591.mp4
8430290	2026-06-20 10:44	/home/jacobw/YTchannel/assets/media/prod_0fd8e1355cb94f11825ca38e39095021/pjob_99ab92e2e0ca403d9800bd1124ff6746.mp4
8430290	2026-06-20 10:44	/home/jacobw/YTchannel/assets/media/prod_6dd1cf431aee4373a2f5191f6fd15a6c/pjob_80c8d5d0b14c4244a6c930ab6569821b.mp4
8430290	2026-06-20 10:44	/home/jacobw/YTchannel/assets/media/prod_911b51c63bbb4b7ab66595660a5f5a51/pjob_d41c077aa4fe47f4ac0443e635b7594d.mp4
8430290	2026-06-20 10:45	/home/jacobw/YTchannel/assets/media/prod_60173d0a5f5040a8ada01b707150e901/pjob_827cc3d7b9694efaae6dacdc55ba8fa6.mp4
8430290	2026-06-20 10:45	/home/jacobw/YTchannel/assets/media/prod_a31dcee0fe1e45bd995667659747b9c9/pjob_f49b339574bf4e3c8ca8677943cbdb0e.mp4
8430290	2026-06-20 10:45	/home/jacobw/YTchannel/assets/media/prod_da141984e2c1468fa671887b59534a15/pjob_c1bd31033c054013a2829fe283fd56f8.mp4
8430290	2026-06-20 10:46	/home/jacobw/YTchannel/assets/media/prod_362899a8e0184293821c283e744569e4/pjob_ff5c659550f044209157b620af9719ae.mp4
8430290	2026-06-20 12:04	/home/jacobw/YTchannel/assets/media/prod_a2efa550033a45d09494911825d0fe89/pjob_e4948d9dbac349b889ac7236fec03566.mp4
8430290	2026-06-20 12:04	/home/jacobw/YTchannel/assets/media/prod_df9c339a75ab407698f3f248ce61eea6/pjob_96213fd87ee6452ca41401a30d5751b6.mp4
8430290	2026-06-20 12:04	/home/jacobw/YTchannel/assets/media/prod_e4281e8aacac41a38a5be20b563a1830/pjob_fff54be95a2e40ee8b4bff6f029fa2c1.mp4
8430290	2026-06-20 12:06	/home/jacobw/YTchannel/assets/media/prod_1780cd0901504cfba60e538f691512cc/pjob_d1288b955cbb4af9aa74a8a4248648f7.mp4
8430290	2026-06-20 12:06	/home/jacobw/YTchannel/assets/media/prod_80a26baed9e34550afb1e5eb05906205/pjob_788bd423630744b6957bda7a72c682fe.mp4
8430290	2026-06-20 12:07	/home/jacobw/YTchannel/assets/media/prod_17a746d6f26c41df9266007a05d79f5c/pjob_f42d41cac9a44834aec829414a7259de.mp4
8430290	2026-06-20 12:07	/home/jacobw/YTchannel/assets/media/prod_4445fd9ec6e0445d8d0004c9c332d933/pjob_476f793443da45539bd93f84cee13e7a.mp4
8430290	2026-06-20 12:07	/home/jacobw/YTchannel/assets/media/prod_6d7fbfbbfd684448858074c34198a86a/pjob_a03bde7cb3244cf3be8a49b6bbd04f0d.mp4
8430290	2026-06-20 12:08	/home/jacobw/YTchannel/assets/media/prod_4314c88a63e94af1a460b15899ca769b/pjob_d15281eec37042e78656bad8dd7495fc.mp4
8430290	2026-06-20 12:08	/home/jacobw/YTchannel/assets/media/prod_680328eb51324863be73943f7078ffea/pjob_4a79fe36c5be4e79b5b4c315b14adb62.mp4
8430290	2026-06-20 12:08	/home/jacobw/YTchannel/assets/media/prod_b64ebbede17f4475b053203e9ab18771/pjob_9d1432ec9794433a940d1305f530e249.mp4
8430290	2026-06-20 12:09	/home/jacobw/YTchannel/assets/media/prod_64eac0c0570f40dc947fc9e444c16fd3/pjob_d44b4f2bf0c64f1cad363c5340fb8021.mp4
8430290	2026-06-20 12:09	/home/jacobw/YTchannel/assets/media/prod_bbb4d7e99e6e44cd88fe2466a7988088/pjob_2d26c6f58dd2427d945f5649a4e6df97.mp4
8430290	2026-06-20 12:25	/home/jacobw/YTchannel/assets/media/prod_78a90ab5ed2f4c8494d2b1f6d98e868b/pjob_40c48b2a04ad483d8260b79c22fa7d03.mp4
8430290	2026-06-20 12:25	/home/jacobw/YTchannel/assets/media/prod_e4fc11f9b5024c1da36c6511716345e4/pjob_066a367ba8f749619a9f6c2808d692da.mp4
8430290	2026-06-20 12:26	/home/jacobw/YTchannel/assets/media/prod_e0083fb871f64b79a34f53829908cb38/pjob_4b9753bc83a44342b9ed01bdaa156890.mp4
8430290	2026-06-20 12:27	/home/jacobw/YTchannel/assets/media/prod_3e63a337a5d34874a30e9aebdc9dc53c/pjob_a3f4b7a1c8604a3ab37202aaeda88305.mp4
8430290	2026-06-20 12:27	/home/jacobw/YTchannel/assets/media/prod_c871f6e8cb29428588407d92a54c4325/pjob_3910e9a41ba74e828adf032505a73c1d.mp4
8430290	2026-06-20 12:28	/home/jacobw/YTchannel/assets/media/prod_2a6ed34648384a0cb800c0a146691f1c/pjob_8f2b9151101243baa1a97e0f8a323cc4.mp4
8430290	2026-06-20 12:28	/home/jacobw/YTchannel/assets/media/prod_2fdf2a5989b545d7be58210ebc969e29/pjob_7fe72c5ceb9a47e69e70827a7dc1ed41.mp4
8430290	2026-06-20 12:28	/home/jacobw/YTchannel/assets/media/prod_548bda61e4824121850c96283fdb50eb/pjob_f45191c8868546eea89f38b93bc23739.mp4
8430290	2026-06-20 12:29	/home/jacobw/YTchannel/assets/media/prod_66fc5dfe045b460ca4cea6ff942bedf0/pjob_8e14bdd12a9b4c4b99b309bcc9131722.mp4
8430290	2026-06-20 12:29	/home/jacobw/YTchannel/assets/media/prod_f7c5f307c90e41838de499c176535f34/pjob_69320f6c1be24a478360d6c5eea21444.mp4
8430290	2026-06-20 12:30	/home/jacobw/YTchannel/assets/media/prod_846945b9b913479782cf925eec47033d/pjob_c60217adacf947409140ebbea47f07cd.mp4
8430290	2026-06-20 12:30	/home/jacobw/YTchannel/assets/media/prod_d25c3a3d8a4748e684de4becc2884194/pjob_39103f27bc054fec841802f2b2843798.mp4
8430290	2026-06-20 12:30	/home/jacobw/YTchannel/assets/media/prod_e72b81c82300492dbb5c5c0d3578984f/pjob_bb50b0d573934fb49790febc405e2669.mp4
8430290	2026-06-20 12:56	/home/jacobw/YTchannel/assets/media/prod_47344dad39a9461fb015c28bc0b15b82/pjob_7b328cca71bd45e3954a4f623fddb264.mp4
8430290	2026-06-20 13:04	/home/jacobw/YTchannel/assets/media/prod_f74962c0f308432c9e3a3df3422c0a4e/pjob_576c1f44015749bfb654e31247f8aec0.mp4
8430290	2026-06-20 13:05	/home/jacobw/YTchannel/assets/media/prod_613f20d7ca5e4c61ae50c0f3714ebe5d/pjob_18342a2b083f4f7b9cfa58dc338860d6.mp4
8430290	2026-06-20 13:06	/home/jacobw/YTchannel/assets/media/prod_3ee3bde01ba44234b683c407bbec84b0/pjob_e1d564fd312c48c5b6cbc89dac5536f0.mp4
8430290	2026-06-20 13:07	/home/jacobw/YTchannel/assets/media/prod_a66c3866b0ad4d9fa34539adac92824b/pjob_59fcd674d32e42858542eb2d9d74c630.mp4
8430290	2026-06-20 13:08	/home/jacobw/YTchannel/assets/media/prod_eacebca84f98469b9f339158a6997200/pjob_ab9c5cb16aeb4a52aeaa1bf58c041149.mp4
8430290	2026-06-20 13:09	/home/jacobw/YTchannel/assets/media/prod_543ef8b9f6d54a65bcdb2a5558208411/pjob_3be2395c858a4debbdbcf79a455fab51.mp4
8430290	2026-06-20 13:09	/home/jacobw/YTchannel/assets/media/prod_d0032e0ec4cb41e5a30db42e51d951ed/pjob_f602a90afe004f6db5bf72d8eeb0b0db.mp4
8430290	2026-06-20 13:10	/home/jacobw/YTchannel/assets/media/prod_b4dd6920a010465d83d9e9a670c8e3a5/pjob_0941534d17974f888cdf2baed5a6f0c9.mp4
8430290	2026-06-20 13:11	/home/jacobw/YTchannel/assets/media/prod_743aa1bbb80349fe9463274cd09b464f/pjob_7a5df1c456d44638893e1296fc425d6a.mp4
8430290	2026-06-20 13:12	/home/jacobw/YTchannel/assets/media/prod_4c152e14e7ef4343be77cf98c1057cdf/pjob_a243728de78f428bbebe001abef0978d.mp4
8430290	2026-06-20 13:13	/home/jacobw/YTchannel/assets/media/prod_2fbe3db0fa134b94905280db0277b2b2/pjob_9e32b633eb6e4ac89ab57c73a104e9e8.mp4
8430290	2026-06-20 13:47	/home/jacobw/YTchannel/assets/media/prod_844aabba0a7b40f38da9f5582abbe737/pjob_16a4e1c12ce24d53a68b0912728d8e04.mp4
8430290	2026-06-20 13:48	/home/jacobw/YTchannel/assets/media/prod_d601b7a549e9486ca3e76fb9786f3f24/pjob_68056aba835649fcbffb6e8c384f651a.mp4
8430290	2026-06-20 13:49	/home/jacobw/YTchannel/assets/media/prod_4070e06189014e27b92d053049a026b1/pjob_23f4357be61c483697daa62875ec71e7.mp4
8430290	2026-06-20 13:50	/home/jacobw/YTchannel/assets/media/prod_49f0294ae49946b98130df95402448d2/pjob_513c94ff1ed94ab38b0b8964ac0ab381.mp4
8430290	2026-06-20 13:51	/home/jacobw/YTchannel/assets/media/prod_c335847ae57847308e7f837a0abee796/pjob_1673c8f62213432c8720fac8cd99e9bf.mp4
8430290	2026-06-20 13:51	/home/jacobw/YTchannel/assets/media/prod_d8c33097802b4f0fbee88506ac1e82c5/pjob_d1ccb5c354c64c3985653bbebed637e7.mp4
8430290	2026-06-20 13:52	/home/jacobw/YTchannel/assets/media/prod_433ccccbbd6146d8ba7e9c04ae1ffff9/pjob_62e0019b32a5423fa8cc5c9a6abc5630.mp4
8430290	2026-06-20 13:53	/home/jacobw/YTchannel/assets/media/prod_7ffdd61bb45a4541860f39926d7f025e/pjob_e34a88a2095941f99253faf766d48406.mp4
8430290	2026-06-20 13:54	/home/jacobw/YTchannel/assets/media/prod_df86c74be45f454fa617c5d8b8c72154/pjob_3b29bd26fbc84c3a95e06226ae20fc40.mp4
8430290	2026-06-20 13:55	/home/jacobw/YTchannel/assets/media/prod_941c27d2efb84c87a4032a7095a42e96/pjob_e9e318c8af2b490ba3d879fbbe196c29.mp4
8430290	2026-06-20 13:56	/home/jacobw/YTchannel/assets/media/prod_0d486b7c062a47e6bf9204c407e1c4c3/pjob_dd454c7e05da4b5c9004e0544cada05e.mp4
8430290	2026-06-20 16:56	/home/jacobw/YTchannel/assets/media/prod_003f2541c79649c6a4cd03eb9c005b34/pjob_fbf6597e7da14c9b8d01f51268e615b9.mp4
8430290	2026-06-20 16:57	/home/jacobw/YTchannel/assets/media/prod_2bb86b48ae3d44cdaa4878c31571305b/pjob_522f5088d33f4ce9b440b052521f68d8.mp4
8430290	2026-06-20 16:58	/home/jacobw/YTchannel/assets/media/prod_3ee5770219344df78cbb224b8665914b/pjob_cbd8d607f1ce4a139a8aa5b18ed9af39.mp4
8430290	2026-06-20 16:59	/home/jacobw/YTchannel/assets/media/prod_39e34cd0d4674c088eddde67100a6be4/pjob_2bf5c4694e484d50b4376e6ee93c0dc0.mp4
8430290	2026-06-20 17:00	/home/jacobw/YTchannel/assets/media/prod_020e53e741734588ba55978db1534b68/pjob_e205465d7af14b3e87d577370bac6374.mp4
8430290	2026-06-20 17:00	/home/jacobw/YTchannel/assets/media/prod_4f9fc1716dc94c5ba1d05843f9e72e58/pjob_74a0b4b167e14989b4a7bd966616166c.mp4
8430290	2026-06-20 20:55	/home/jacobw/YTchannel/assets/media/prod_9767dee9166f4101ad9eaed95dab77fe/pjob_1b40928d8bd2488db5e151409c694f6d.mp4
8430290	2026-06-20 20:55	/home/jacobw/YTchannel/assets/media/prod_a5fb9c3226374d3d89fc6757c5551488/pjob_235c6c5318834731a776fe442205d9c7.mp4
8430290	2026-06-20 20:55	/home/jacobw/YTchannel/assets/media/prod_d0feb04e88ca4acf9f6a194b0c23a85e/pjob_33b4b64711464747a46ce87330c9a7ee.mp4
8430290	2026-06-20 20:56	/home/jacobw/YTchannel/assets/media/prod_2832c329f05a4ca0a7c34cf4993a1052/pjob_7ea57ec6b30440a38f68f60023931b76.mp4
8430290	2026-06-20 20:56	/home/jacobw/YTchannel/assets/media/prod_5bc7e49f323f41a1830cdaa7348a2255/pjob_579a273e63674e76946bc8d67805e27f.mp4
8430290	2026-06-20 20:56	/home/jacobw/YTchannel/assets/media/prod_7cdbc5f95cce470ca99981ccfd6f82ce/pjob_438ae7a5271845ba8a44b868ab8ace68.mp4
8430290	2026-06-20 20:56	/home/jacobw/YTchannel/assets/media/prod_c90d1788aabf40e4b32d04175a8703dc/pjob_0b7dba3f69e74633b22ca2a968c32ffe.mp4
8430290	2026-06-20 21:02	/home/jacobw/YTchannel/assets/media/prod_08582b0e66e24c3abc08a5e8fb8aec41/pjob_49e36dc5a4634db0878e19db4f3e0814.mp4
8430290	2026-06-20 21:02	/home/jacobw/YTchannel/assets/media/prod_3ecba6bb20e24ee3a9e8f40d669fcf40/pjob_4a06911c6f1a47d6861fdce6e55aa6ed.mp4
8430290	2026-06-20 21:02	/home/jacobw/YTchannel/assets/media/prod_447485ad16cd4ad58767b41d5bdef23a/pjob_b246b72e5fe64bcd8f29eb7f08d1cec4.mp4
8430290	2026-06-20 21:02	/home/jacobw/YTchannel/assets/media/prod_55dc9889c755422e90062b653b3dbff0/pjob_59c52cad9fee41ae879b660651245931.mp4
8430290	2026-06-20 21:02	/home/jacobw/YTchannel/assets/media/prod_f9c17e979ba74766819ad6d2df427232/pjob_b479fd643f4340408587f2b29379ed69.mp4
8430290	2026-06-20 21:03	/home/jacobw/YTchannel/assets/media/prod_47e53a56d61041b0b5b84465cc3a4c6a/pjob_9e8f34b9f34044ebabbc8580e58f26e6.mp4
8430290	2026-06-20 21:03	/home/jacobw/YTchannel/assets/media/prod_6d96cd4bcbd7406285a26b99aa4fceba/pjob_77da98d6e3e54ff990a88bc5beff8890.mp4
8430290	2026-06-20 21:08	/home/jacobw/YTchannel/assets/media/prod_077f1f05e6424381b054fadfc3d08a78/pjob_a067045843364b53a450c80f8c893240.mp4
8522585	2026-06-13 20:57	/home/jacobw/YTchannel/assets/media/002_finding/B003.mp4
8941002	2026-06-20 19:34	/home/jacobw/YTchannel/assets/media/prod_58eba01e58fd43939feb518711a49576/pjob_bc658d26fe4e486397cfd852f485b3e3.mp4
9827945	2026-06-20 19:34	/home/jacobw/YTchannel/assets/media/prod_58eba01e58fd43939feb518711a49576/pjob_f3304823709a4339af78073ae3a67df4.mp4
12041305	2026-06-20 19:34	/home/jacobw/YTchannel/assets/media/prod_58eba01e58fd43939feb518711a49576/pjob_c9a92e038d2648688e58dab2b6c964b8.mp4
12267095	2026-06-20 19:34	/home/jacobw/YTchannel/assets/media/prod_58eba01e58fd43939feb518711a49576/pjob_204b06cef4424cd8942f2a3d4e0fb4b8.mp4
16860830	2026-06-20 19:42	/home/jacobw/YTchannel/assets/media/prod_58eba01e58fd43939feb518711a49576/pjob_941080a7973f473393df1eb23160a03d.mp4
